{"type":"FeatureCollection","features":[{"type":"Feature","geometry":{"type":"MultiPolygon","coordinates":[[[[28.21,-30.29],[28.22,-30.29],[28.22,-30.28],[28.22,-30.27],[28.23,-30.27],[28.24,-30.27],[28.24,-30.26],[28.25,-30.26],[28.26,-30.26],[28.26,-30.25],[28.27,-30.25],[28.27,-30.26],[28.28,-30.26],[28.29,-30.26],[28.3,-30.26],[28.31,-30.26],[28.31,-30.25],[28.31,-30.24],[28.32,-30.24],[28.33,-30.24],[28.33,-30.23],[28.34,-30.23],[28.35,-30.23],[28.34,-30.23],[28.34,-30.22],[28.35,-30.22],[28.35,-30.21],[28.35,-30.2],[28.35,-30.19],[28.36,-30.19],[28.36,-30.18],[28.36,-30.17],[28.37,-30.17],[28.38,-30.17],[28.38,-30.16],[28.39,-30.16],[28.39,-30.15],[28.4,-30.15],[28.4,-30.14],[28.41,-30.14],[28.41,-30.15],[28.42,-30.15],[28.43,-30.15],[28.44,-30.15],[28.44,-30.16],[28.45,-30.16],[28.46,-30.16],[28.46,-30.15],[28.47,-30.15],[28.47,-30.16],[28.47,-30.15],[28.48,-30.15],[28.49,-30.15],[28.5,-30.15],[28.51,-30.14],[28.52,-30.14],[28.53,-30.13],[28.54,-30.13],[28.54,-30.12],[28.55,-30.12],[28.56,-30.12],[28.57,-30.12],[28.57,-30.13],[28.58,-30.13],[28.59,-30.13],[28.6,-30.13],[28.61,-30.13],[28.62,-30.13],[28.62,-30.14],[28.62,-30.13],[28.63,-30.13],[28.64,-30.13],[28.65,-30.13],[28.65,-30.14],[28.66,-30.14],[28.67,-30.14],[28.68,-30.14],[28.68,-30.13],[28.69,-30.13],[28.69,-30.12],[28.7,-30.12],[28.7,-30.13],[28.7,-30.12],[28.71,-30.12],[28.72,-30.12],[28.73,-30.11],[28.74,-30.11],[28.74,-30.12],[28.74,-30.11],[28.75,-30.11],[28.76,-30.11],[28.77,-30.11],[28.78,-30.11],[28.79,-30.11],[28.79,-30.1],[28.8,-30.1],[28.79,-30.1],[28.8,-30.1],[28.81,-30.1],[28.82,-30.1],[28.83,-30.1],[28.84,-30.09],[28.85,-30.09],[28.86,-30.09],[28.86,-30.08],[28.87,-30.08],[28.87,-30.07],[28.88,-30.07],[28.89,-30.07],[28.9,-30.07],[28.9,-30.06],[28.9,-30.07],[28.9,-30.06],[28.91,-30.06],[28.92,-30.06],[28.92,-30.05],[28.93,-30.05],[28.94,-30.05],[28.94,-30.04],[28.95,-30.04],[28.96,-30.04],[28.96,-30.03],[28.97,-30.03],[28.98,-30.03],[28.99,-30.03],[28.99,-30.02],[29.0,-30.02],[29.0,-30.01],[29.0,-30.0],[29.01,-30.0],[29.02,-30.0],[29.02,-30.01],[29.03,-30.01],[29.04,-30.01],[29.05,-30.02],[29.06,-30.03],[29.06,-30.04],[29.07,-30.04],[29.07,-30.05],[29.08,-30.05],[29.09,-30.05],[29.09,-30.06],[29.1,-30.06],[29.1,-30.07],[29.11,-30.08],[29.11,-30.09],[29.11,-30.1],[29.12,-30.1],[29.12,-30.11],[29.12,-30.1],[29.11,-30.1],[29.11,-30.11],[29.12,-30.11],[29.11,-30.11],[29.12,-30.11],[29.12,-30.12],[29.12,-30.13],[29.12,-30.14],[29.12,-30.15],[29.11,-30.15],[29.11,-30.16],[29.12,-30.16],[29.11,-30.16],[29.11,-30.17],[29.11,-30.18],[29.1,-30.18],[29.11,-30.18],[29.11,-30.19],[29.12,-30.19],[29.11,-30.19],[29.11,-30.2],[29.11,-30.21],[29.12,-30.21],[29.13,-30.21],[29.13,-30.22],[29.12,-30.22],[29.13,-30.22],[29.13,-30.23],[29.13,-30.24],[29.13,-30.25],[29.13,-30.26],[29.14,-30.26],[29.15,-30.26],[29.16,-30.26],[29.16,-30.27],[29.16,-30.28],[29.16,-30.27],[29.16,-30.28],[29.17,-30.28],[29.18,-30.28],[29.17,-30.28],[29.18,-30.28],[29.18,-30.29],[29.19,-30.29],[29.2,-30.29],[29.21,-30.29],[29.22,-30.3],[29.23,-30.3],[29.23,-30.31],[29.24,-30.31],[29.25,-30.31],[29.25,-30.3],[29.25,-30.29],[29.24,-30.29],[29.24,-30.28],[29.23,-30.27],[29.24,-30.27],[29.25,-30.27],[29.26,-30.28],[29.27,-30.28],[29.27,-30.29],[29.28,-30.29],[29.28,-30.3],[29.29,-30.3],[29.29,-30.31],[29.3,-30.31],[29.3,-30.32],[29.3,-30.33],[29.3,-30.34],[29.29,-30.34],[29.29,-30.35],[29.3,-30.35],[29.3,-30.36],[29.3,-30.37],[29.3,-30.38],[29.31,-30.38],[29.3,-30.38],[29.29,-30.38],[29.28,-30.38],[29.28,-30.39],[29.28,-30.4],[29.27,-30.4],[29.26,-30.4],[29.25,-30.4],[29.24,-30.4],[29.24,-30.41],[29.23,-30.41],[29.23,-30.42],[29.23,-30.43],[29.22,-30.42],[29.21,-30.42],[29.21,-30.43],[29.2,-30.43],[29.2,-30.44],[29.2,-30.45],[29.2,-30.46],[29.2,-30.47],[29.19,-30.47],[29.19,-30.48],[29.19,-30.49],[29.18,-30.49],[29.18,-30.5],[29.18,-30.51],[29.18,-30.52],[29.17,-30.51],[29.16,-30.51],[29.15,-30.51],[29.15,-30.52],[29.14,-30.53],[29.15,-30.53],[29.15,-30.54],[29.15,-30.55],[29.15,-30.56],[29.16,-30.56],[29.16,-30.55],[29.16,-30.54],[29.17,-30.54],[29.16,-30.54],[29.17,-30.54],[29.17,-30.55],[29.17,-30.56],[29.16,-30.56],[29.15,-30.56],[29.14,-30.56],[29.14,-30.57],[29.13,-30.57],[29.12,-30.58],[29.12,-30.59],[29.13,-30.59],[29.14,-30.59],[29.15,-30.6],[29.14,-30.6],[29.14,-30.61],[29.15,-30.61],[29.16,-30.61],[29.17,-30.61],[29.17,-30.62],[29.18,-30.62],[29.19,-30.62],[29.18,-30.62],[29.18,-30.63],[29.18,-30.64],[29.19,-30.64],[29.19,-30.63],[29.2,-30.63],[29.19,-30.63],[29.2,-30.62],[29.21,-30.62],[29.22,-30.62],[29.23,-30.62],[29.24,-30.62],[29.25,-30.62],[29.26,-30.62],[29.27,-30.63],[29.28,-30.64],[29.29,-30.64],[29.3,-30.64],[29.31,-30.64],[29.32,-30.64],[29.32,-30.65],[29.32,-30.64],[29.32,-30.65],[29.33,-30.65],[29.33,-30.66],[29.34,-30.66],[29.34,-30.67],[29.35,-30.67],[29.36,-30.66],[29.37,-30.65],[29.38,-30.65],[29.39,-30.65],[29.4,-30.64],[29.41,-30.64],[29.42,-30.64],[29.43,-30.64],[29.44,-30.64],[29.45,-30.64],[29.46,-30.63],[29.47,-30.62],[29.48,-30.62],[29.49,-30.62],[29.5,-30.62],[29.51,-30.62],[29.52,-30.64],[29.53,-30.64],[29.54,-30.65],[29.55,-30.65],[29.57,-30.66],[29.58,-30.66],[29.58,-30.65],[29.58,-30.66],[29.59,-30.66],[29.59,-30.67],[29.59,-30.68],[29.6,-30.68],[29.59,-30.68],[29.6,-30.68],[29.6,-30.69],[29.61,-30.69],[29.62,-30.69],[29.63,-30.69],[29.63,-30.68],[29.64,-30.68],[29.64,-30.69],[29.64,-30.68],[29.65,-30.68],[29.65,-30.69],[29.65,-30.68],[29.66,-30.68],[29.67,-30.68],[29.67,-30.67],[29.68,-30.67],[29.68,-30.68],[29.69,-30.68],[29.68,-30.68],[29.68,-30.69],[29.69,-30.69],[29.69,-30.7],[29.7,-30.7],[29.7,-30.71],[29.7,-30.7],[29.71,-30.7],[29.72,-30.7],[29.72,-30.71],[29.73,-30.71],[29.74,-30.71],[29.73,-30.71],[29.73,-30.72],[29.74,-30.72],[29.75,-30.72],[29.75,-30.71],[29.76,-30.71],[29.76,-30.72],[29.77,-30.72],[29.77,-30.71],[29.78,-30.71],[29.79,-30.71],[29.78,-30.71],[29.78,-30.7],[29.79,-30.7],[29.8,-30.7],[29.8,-30.71],[29.8,-30.7],[29.81,-30.7],[29.8,-30.7],[29.81,-30.7],[29.82,-30.7],[29.81,-30.71],[29.8,-30.71],[29.8,-30.72],[29.81,-30.72],[29.81,-30.73],[29.82,-30.73],[29.82,-30.72],[29.83,-30.72],[29.83,-30.73],[29.82,-30.73],[29.83,-30.73],[29.83,-30.74],[29.84,-30.74],[29.85,-30.74],[29.85,-30.75],[29.85,-30.76],[29.86,-30.76],[29.87,-30.76],[29.87,-30.75],[29.87,-30.76],[29.88,-30.76],[29.89,-30.76],[29.9,-30.76],[29.9,-30.77],[29.89,-30.77],[29.89,-30.78],[29.9,-30.78],[29.9,-30.77],[29.9,-30.78],[29.91,-30.78],[29.91,-30.77],[29.92,-30.77],[29.92,-30.78],[29.91,-30.78],[29.91,-30.79],[29.91,-30.8],[29.91,-30.79],[29.92,-30.79],[29.93,-30.79],[29.93,-30.78],[29.93,-30.77],[29.92,-30.77],[29.93,-30.77],[29.94,-30.77],[29.95,-30.77],[29.95,-30.78],[29.95,-30.79],[29.96,-30.79],[29.95,-30.79],[29.94,-30.79],[29.94,-30.8],[29.93,-30.8],[29.93,-30.81],[29.94,-30.81],[29.95,-30.81],[29.96,-30.81],[29.97,-30.81],[29.97,-30.8],[29.97,-30.81],[29.97,-30.82],[29.97,-30.83],[29.96,-30.83],[29.96,-30.82],[29.96,-30.83],[29.97,-30.83],[29.97,-30.84],[29.98,-30.84],[29.99,-30.84],[30.0,-30.84],[30.0,-30.83],[30.01,-30.83],[30.01,-30.84],[30.02,-30.84],[30.02,-30.85],[30.02,-30.86],[30.03,-30.86],[30.03,-30.85],[30.02,-30.85],[30.03,-30.85],[30.04,-30.85],[30.04,-30.84],[30.04,-30.85],[30.05,-30.85],[30.06,-30.85],[30.07,-30.85],[30.07,-30.86],[30.07,-30.87],[30.08,-30.87],[30.08,-30.86],[30.09,-30.86],[30.1,-30.86],[30.1,-30.87],[30.09,-30.87],[30.09,-30.88],[30.09,-30.87],[30.08,-30.87],[30.07,-30.87],[30.07,-30.88],[30.08,-30.88],[30.08,-30.89],[30.08,-30.88],[30.09,-30.88],[30.1,-30.88],[30.11,-30.88],[30.11,-30.89],[30.12,-30.89],[30.12,-30.9],[30.11,-30.9],[30.12,-30.9],[30.13,-30.9],[30.13,-30.91],[30.12,-30.91],[30.13,-30.91],[30.14,-30.91],[30.14,-30.92],[30.15,-30.92],[30.14,-30.92],[30.14,-30.93],[30.15,-30.93],[30.15,-30.94],[30.14,-30.94],[30.14,-30.95],[30.14,-30.96],[30.13,-30.96],[30.14,-30.96],[30.14,-30.97],[30.15,-30.97],[30.16,-30.97],[30.16,-30.98],[30.15,-30.98],[30.15,-30.99],[30.14,-30.99],[30.14,-31.0],[30.15,-31.0],[30.15,-31.01],[30.14,-31.01],[30.14,-31.02],[30.15,-31.02],[30.16,-31.02],[30.16,-31.03],[30.17,-31.02],[30.17,-31.03],[30.17,-31.04],[30.16,-31.04],[30.16,-31.05],[30.17,-31.05],[30.17,-31.06],[30.18,-31.07],[30.19,-31.07],[30.19,-31.08],[30.19,-31.09],[30.18,-31.09],[30.18,-31.1],[30.18,-31.11],[30.17,-31.11],[30.18,-31.11],[30.17,-31.11],[30.17,-31.12],[30.16,-31.12],[30.16,-31.13],[30.16,-31.14],[30.15,-31.14],[30.15,-31.15],[30.14,-31.15],[30.13,-31.15],[30.13,-31.16],[30.12,-31.16],[30.13,-31.16],[30.13,-31.17],[30.12,-31.17],[30.12,-31.18],[30.11,-31.18],[30.11,-31.19],[30.1,-31.19],[30.1,-31.2],[30.09,-31.2],[30.09,-31.21],[30.08,-31.21],[30.08,-31.22],[30.07,-31.22],[30.07,-31.23],[30.07,-31.24],[30.06,-31.24],[30.05,-31.24],[30.05,-31.25],[30.04,-31.25],[30.04,-31.24],[30.03,-31.24],[30.02,-31.23],[30.01,-31.23],[30.01,-31.22],[30.0,-31.22],[29.99,-31.22],[29.98,-31.22],[29.98,-31.21],[29.97,-31.21],[29.96,-31.21],[29.96,-31.2],[29.95,-31.2],[29.95,-31.19],[29.94,-31.19],[29.94,-31.18],[29.93,-31.18],[29.92,-31.18],[29.91,-31.18],[29.91,-31.17],[29.92,-31.17],[29.91,-31.17],[29.91,-31.18],[29.9,-31.18],[29.89,-31.18],[29.89,-31.17],[29.89,-31.16],[29.88,-31.16],[29.88,-31.17],[29.88,-31.16],[29.87,-31.16],[29.87,-31.15],[29.86,-31.15],[29.85,-31.15],[29.84,-31.15],[29.84,-31.14],[29.85,-31.14],[29.85,-31.13],[29.84,-31.13],[29.83,-31.13],[29.83,-31.14],[29.83,-31.13],[29.82,-31.13],[29.82,-31.14],[29.82,-31.13],[29.81,-31.13],[29.81,-31.14],[29.8,-31.14],[29.8,-31.13],[29.8,-31.12],[29.79,-31.12],[29.78,-31.12],[29.78,-31.13],[29.78,-31.12],[29.77,-31.12],[29.76,-31.12],[29.76,-31.13],[29.77,-31.13],[29.76,-31.13],[29.75,-31.13],[29.74,-31.13],[29.74,-31.12],[29.74,-31.13],[29.74,-31.12],[29.74,-31.11],[29.73,-31.11],[29.74,-31.11],[29.74,-31.1],[29.73,-31.1],[29.73,-31.09],[29.72,-31.09],[29.72,-31.08],[29.71,-31.08],[29.7,-31.08],[29.7,-31.09],[29.69,-31.09],[29.69,-31.08],[29.69,-31.07],[29.68,-31.07],[29.68,-31.06],[29.67,-31.06],[29.66,-31.06],[29.65,-31.06],[29.64,-31.06],[29.63,-31.06],[29.62,-31.06],[29.63,-31.06],[29.62,-31.06],[29.62,-31.05],[29.62,-31.04],[29.61,-31.04],[29.6,-31.04],[29.59,-31.04],[29.58,-31.04],[29.58,-31.03],[29.59,-31.03],[29.58,-31.03],[29.59,-31.03],[29.59,-31.02],[29.59,-31.01],[29.58,-31.01],[29.59,-31.01],[29.58,-31.01],[29.58,-31.0],[29.58,-30.99],[29.57,-30.99],[29.57,-31.0],[29.57,-30.99],[29.58,-30.99],[29.59,-30.99],[29.6,-30.99],[29.61,-30.99],[29.61,-30.98],[29.6,-30.98],[29.59,-30.98],[29.59,-30.97],[29.58,-30.97],[29.58,-30.96],[29.57,-30.96],[29.56,-30.96],[29.56,-30.95],[29.55,-30.95],[29.55,-30.94],[29.54,-30.94],[29.53,-30.94],[29.53,-30.93],[29.53,-30.94],[29.52,-30.94],[29.52,-30.93],[29.53,-30.93],[29.52,-30.93],[29.51,-30.93],[29.5,-30.93],[29.5,-30.92],[29.49,-30.92],[29.49,-30.93],[29.48,-30.93],[29.48,-30.92],[29.49,-30.92],[29.48,-30.92],[29.48,-30.91],[29.48,-30.92],[29.47,-30.91],[29.47,-30.92],[29.46,-30.92],[29.46,-30.93],[29.45,-30.93],[29.46,-30.93],[29.46,-30.94],[29.46,-30.95],[29.46,-30.96],[29.45,-30.96],[29.45,-30.97],[29.45,-30.96],[29.44,-30.96],[29.44,-30.97],[29.43,-30.97],[29.43,-30.98],[29.43,-30.99],[29.42,-30.99],[29.41,-30.99],[29.42,-30.99],[29.42,-31.0],[29.41,-31.0],[29.41,-31.01],[29.41,-31.02],[29.42,-31.02],[29.43,-31.02],[29.43,-31.03],[29.42,-31.03],[29.42,-31.04],[29.43,-31.05],[29.43,-31.06],[29.42,-31.06],[29.42,-31.07],[29.41,-31.07],[29.41,-31.08],[29.4,-31.08],[29.4,-31.09],[29.41,-31.09],[29.41,-31.08],[29.42,-31.08],[29.43,-31.08],[29.44,-31.08],[29.44,-31.09],[29.43,-31.09],[29.44,-31.1],[29.43,-31.11],[29.43,-31.1],[29.42,-31.1],[29.41,-31.1],[29.42,-31.09],[29.41,-31.09],[29.4,-31.09],[29.4,-31.1],[29.4,-31.11],[29.39,-31.11],[29.38,-31.11],[29.38,-31.12],[29.39,-31.12],[29.38,-31.12],[29.37,-31.12],[29.37,-31.13],[29.37,-31.12],[29.36,-31.12],[29.36,-31.13],[29.35,-31.13],[29.35,-31.14],[29.36,-31.14],[29.37,-31.14],[29.38,-31.14],[29.37,-31.15],[29.36,-31.15],[29.35,-31.15],[29.35,-31.16],[29.34,-31.17],[29.34,-31.16],[29.33,-31.16],[29.32,-31.16],[29.32,-31.17],[29.31,-31.18],[29.3,-31.18],[29.3,-31.19],[29.29,-31.19],[29.29,-31.18],[29.28,-31.19],[29.28,-31.2],[29.28,-31.21],[29.28,-31.22],[29.27,-31.22],[29.26,-31.21],[29.26,-31.2],[29.25,-31.19],[29.25,-31.2],[29.24,-31.2],[29.24,-31.21],[29.25,-31.22],[29.25,-31.23],[29.25,-31.24],[29.24,-31.24],[29.24,-31.25],[29.24,-31.26],[29.24,-31.27],[29.23,-31.27],[29.23,-31.28],[29.22,-31.28],[29.23,-31.29],[29.23,-31.28],[29.24,-31.29],[29.23,-31.29],[29.23,-31.3],[29.22,-31.3],[29.21,-31.3],[29.2,-31.3],[29.2,-31.29],[29.2,-31.28],[29.19,-31.28],[29.19,-31.27],[29.19,-31.26],[29.18,-31.26],[29.17,-31.26],[29.17,-31.25],[29.17,-31.24],[29.17,-31.23],[29.18,-31.23],[29.17,-31.23],[29.18,-31.23],[29.18,-31.22],[29.18,-31.21],[29.19,-31.21],[29.19,-31.22],[29.19,-31.21],[29.2,-31.21],[29.19,-31.21],[29.2,-31.21],[29.2,-31.2],[29.2,-31.19],[29.2,-31.2],[29.19,-31.2],[29.19,-31.19],[29.2,-31.19],[29.2,-31.18],[29.21,-31.18],[29.21,-31.17],[29.2,-31.17],[29.19,-31.17],[29.18,-31.17],[29.17,-31.17],[29.17,-31.16],[29.17,-31.17],[29.16,-31.17],[29.16,-31.16],[29.15,-31.16],[29.15,-31.15],[29.14,-31.15],[29.13,-31.15],[29.14,-31.15],[29.14,-31.14],[29.14,-31.13],[29.14,-31.12],[29.13,-31.12],[29.13,-31.11],[29.13,-31.1],[29.13,-31.09],[29.12,-31.08],[29.11,-31.08],[29.1,-31.08],[29.1,-31.07],[29.09,-31.07],[29.09,-31.06],[29.08,-31.06],[29.07,-31.06],[29.07,-31.05],[29.06,-31.05],[29.06,-31.04],[29.06,-31.03],[29.05,-31.03],[29.06,-31.03],[29.05,-31.03],[29.05,-31.02],[29.04,-31.02],[29.04,-31.01],[29.03,-31.01],[29.03,-31.0],[29.02,-31.0],[29.01,-31.0],[29.01,-31.01],[29.01,-31.02],[29.0,-31.02],[29.0,-31.03],[28.99,-31.03],[28.99,-31.02],[28.98,-31.02],[28.98,-31.03],[28.98,-31.04],[28.98,-31.05],[28.98,-31.06],[28.97,-31.06],[28.96,-31.06],[28.96,-31.07],[28.95,-31.07],[28.96,-31.06],[28.95,-31.06],[28.95,-31.05],[28.95,-31.04],[28.94,-31.05],[28.93,-31.05],[28.94,-31.06],[28.94,-31.07],[28.93,-31.07],[28.93,-31.06],[28.93,-31.05],[28.92,-31.05],[28.91,-31.06],[28.92,-31.06],[28.92,-31.07],[28.91,-31.07],[28.91,-31.08],[28.9,-31.08],[28.9,-31.07],[28.89,-31.07],[28.89,-31.06],[28.87,-31.05],[28.86,-31.05],[28.85,-31.05],[28.86,-31.05],[28.86,-31.04],[28.87,-31.04],[28.87,-31.05],[28.88,-31.05],[28.87,-31.04],[28.87,-31.03],[28.88,-31.03],[28.88,-31.04],[28.89,-31.04],[28.89,-31.03],[28.88,-31.03],[28.88,-31.02],[28.87,-31.02],[28.87,-31.01],[28.87,-31.0],[28.87,-30.99],[28.86,-30.99],[28.86,-30.98],[28.85,-30.98],[28.85,-30.97],[28.85,-30.96],[28.86,-30.97],[28.87,-30.97],[28.87,-30.96],[28.86,-30.96],[28.87,-30.96],[28.87,-30.95],[28.86,-30.95],[28.85,-30.95],[28.85,-30.94],[28.84,-30.94],[28.83,-30.94],[28.84,-30.95],[28.83,-30.95],[28.83,-30.96],[28.82,-30.96],[28.82,-30.95],[28.82,-30.96],[28.81,-30.96],[28.81,-30.95],[28.81,-30.94],[28.82,-30.94],[28.82,-30.93],[28.82,-30.92],[28.81,-30.92],[28.81,-30.91],[28.8,-30.91],[28.79,-30.91],[28.79,-30.9],[28.79,-30.89],[28.8,-30.89],[28.8,-30.9],[28.8,-30.89],[28.79,-30.89],[28.79,-30.88],[28.78,-30.88],[28.77,-30.88],[28.76,-30.88],[28.77,-30.88],[28.77,-30.89],[28.76,-30.89],[28.76,-30.88],[28.76,-30.87],[28.76,-30.86],[28.75,-30.86],[28.75,-30.87],[28.74,-30.87],[28.74,-30.86],[28.74,-30.85],[28.73,-30.85],[28.73,-30.86],[28.73,-30.85],[28.73,-30.84],[28.72,-30.84],[28.71,-30.84],[28.7,-30.84],[28.7,-30.83],[28.69,-30.83],[28.69,-30.84],[28.68,-30.84],[28.68,-30.83],[28.68,-30.82],[28.69,-30.82],[28.68,-30.82],[28.67,-30.82],[28.67,-30.81],[28.66,-30.81],[28.65,-30.81],[28.65,-30.8],[28.65,-30.81],[28.66,-30.8],[28.65,-30.8],[28.65,-30.79],[28.66,-30.79],[28.65,-30.79],[28.65,-30.78],[28.64,-30.78],[28.64,-30.77],[28.64,-30.76],[28.63,-30.76],[28.63,-30.75],[28.62,-30.75],[28.62,-30.76],[28.61,-30.76],[28.61,-30.75],[28.61,-30.76],[28.61,-30.75],[28.61,-30.74],[28.6,-30.74],[28.6,-30.73],[28.6,-30.72],[28.59,-30.72],[28.59,-30.71],[28.58,-30.71],[28.57,-30.71],[28.56,-30.71],[28.56,-30.7],[28.55,-30.7],[28.55,-30.69],[28.55,-30.68],[28.55,-30.67],[28.54,-30.67],[28.54,-30.66],[28.54,-30.67],[28.55,-30.67],[28.55,-30.66],[28.56,-30.66],[28.57,-30.66],[28.56,-30.66],[28.56,-30.65],[28.56,-30.64],[28.56,-30.63],[28.56,-30.62],[28.55,-30.62],[28.55,-30.61],[28.55,-30.6],[28.54,-30.6],[28.54,-30.59],[28.54,-30.58],[28.53,-30.58],[28.53,-30.57],[28.52,-30.57],[28.51,-30.57],[28.52,-30.56],[28.52,-30.55],[28.53,-30.55],[28.54,-30.55],[28.55,-30.55],[28.55,-30.54],[28.54,-30.54],[28.55,-30.54],[28.55,-30.53],[28.56,-30.52],[28.57,-30.52],[28.58,-30.52],[28.57,-30.52],[28.57,-30.51],[28.56,-30.51],[28.57,-30.51],[28.57,-30.5],[28.57,-30.49],[28.58,-30.49],[28.59,-30.49],[28.6,-30.49],[28.59,-30.49],[28.59,-30.48],[28.6,-30.48],[28.61,-30.48],[28.62,-30.48],[28.61,-30.49],[28.62,-30.49],[28.62,-30.48],[28.63,-30.48],[28.63,-30.47],[28.62,-30.47],[28.62,-30.46],[28.61,-30.46],[28.61,-30.47],[28.61,-30.46],[28.6,-30.46],[28.59,-30.46],[28.59,-30.45],[28.58,-30.45],[28.58,-30.44],[28.57,-30.44],[28.56,-30.44],[28.56,-30.45],[28.55,-30.45],[28.54,-30.45],[28.54,-30.46],[28.54,-30.47],[28.53,-30.47],[28.52,-30.47],[28.51,-30.47],[28.51,-30.46],[28.51,-30.45],[28.51,-30.44],[28.5,-30.44],[28.5,-30.43],[28.49,-30.43],[28.48,-30.42],[28.47,-30.42],[28.46,-30.42],[28.45,-30.42],[28.45,-30.43],[28.44,-30.43],[28.44,-30.42],[28.43,-30.42],[28.42,-30.42],[28.41,-30.42],[28.41,-30.41],[28.4,-30.41],[28.4,-30.4],[28.4,-30.41],[28.39,-30.41],[28.39,-30.4],[28.4,-30.4],[28.39,-30.4],[28.39,-30.41],[28.38,-30.41],[28.38,-30.4],[28.37,-30.4],[28.36,-30.4],[28.35,-30.4],[28.34,-30.4],[28.34,-30.39],[28.33,-30.39],[28.33,-30.38],[28.32,-30.38],[28.31,-30.38],[28.3,-30.38],[28.3,-30.37],[28.29,-30.37],[28.28,-30.37],[28.27,-30.37],[28.27,-30.36],[28.27,-30.35],[28.26,-30.35],[28.25,-30.34],[28.25,-30.33],[28.26,-30.33],[28.25,-30.33],[28.26,-30.33],[28.26,-30.32],[28.25,-30.32],[28.24,-30.32],[28.23,-30.32],[28.23,-30.31],[28.22,-30.31],[28.21,-30.31],[28.21,-30.3],[28.21,-30.29]]]]},"properties":{"name":"Alfred Nzo District"}},{"type":"Feature","geometry":{"type":"MultiPolygon","coordinates":[[[[29.62,-28.05],[29.62,-28.04],[29.64,-28.02],[29.64,-28.0],[29.64,-27.99],[29.64,-27.98],[29.65,-27.97],[29.65,-27.96],[29.66,-27.96],[29.67,-27.96],[29.68,-27.96],[29.68,-27.95],[29.67,-27.95],[29.67,-27.94],[29.66,-27.94],[29.66,-27.93],[29.66,-27.92],[29.65,-27.92],[29.66,-27.92],[29.67,-27.92],[29.68,-27.91],[29.68,-27.9],[29.69,-27.9],[29.69,-27.89],[29.68,-27.89],[29.68,-27.88],[29.69,-27.88],[29.69,-27.87],[29.69,-27.86],[29.7,-27.86],[29.7,-27.85],[29.7,-27.84],[29.69,-27.84],[29.69,-27.83],[29.7,-27.83],[29.7,-27.82],[29.71,-27.82],[29.72,-27.81],[29.73,-27.81],[29.73,-27.8],[29.72,-27.8],[29.71,-27.8],[29.71,-27.79],[29.72,-27.79],[29.72,-27.78],[29.71,-27.78],[29.71,-27.77],[29.7,-27.77],[29.7,-27.76],[29.71,-27.76],[29.71,-27.75],[29.7,-27.75],[29.71,-27.74],[29.71,-27.73],[29.71,-27.72],[29.71,-27.71],[29.71,-27.7],[29.7,-27.7],[29.69,-27.7],[29.69,-27.69],[29.69,-27.68],[29.68,-27.68],[29.67,-27.67],[29.67,-27.66],[29.67,-27.65],[29.68,-27.64],[29.69,-27.64],[29.7,-27.64],[29.71,-27.63],[29.72,-27.63],[29.72,-27.62],[29.73,-27.62],[29.73,-27.61],[29.74,-27.61],[29.75,-27.61],[29.76,-27.6],[29.77,-27.6],[29.78,-27.6],[29.79,-27.6],[29.78,-27.59],[29.78,-27.58],[29.78,-27.57],[29.78,-27.56],[29.77,-27.55],[29.77,-27.54],[29.76,-27.54],[29.76,-27.53],[29.75,-27.53],[29.75,-27.52],[29.75,-27.53],[29.74,-27.53],[29.74,-27.52],[29.72,-27.52],[29.71,-27.52],[29.71,-27.51],[29.71,-27.5],[29.72,-27.49],[29.73,-27.49],[29.72,-27.48],[29.71,-27.48],[29.71,-27.47],[29.7,-27.47],[29.71,-27.46],[29.72,-27.46],[29.74,-27.45],[29.76,-27.44],[29.76,-27.45],[29.77,-27.45],[29.78,-27.45],[29.78,-27.46],[29.79,-27.46],[29.8,-27.46],[29.8,-27.45],[29.81,-27.45],[29.81,-27.44],[29.81,-27.43],[29.82,-27.43],[29.82,-27.42],[29.82,-27.41],[29.83,-27.41],[29.83,-27.4],[29.84,-27.4],[29.84,-27.39],[29.83,-27.39],[29.84,-27.39],[29.84,-27.38],[29.85,-27.38],[29.86,-27.38],[29.87,-27.38],[29.88,-27.38],[29.89,-27.38],[29.89,-27.39],[29.9,-27.39],[29.9,-27.38],[29.9,-27.39],[29.9,-27.38],[29.91,-27.38],[29.91,-27.37],[29.92,-27.36],[29.92,-27.35],[29.92,-27.36],[29.93,-27.36],[29.94,-27.36],[29.95,-27.36],[29.96,-27.36],[29.96,-27.37],[29.97,-27.37],[29.98,-27.37],[29.98,-27.38],[29.99,-27.38],[29.99,-27.39],[30.0,-27.39],[30.01,-27.39],[30.01,-27.4],[30.02,-27.4],[30.02,-27.39],[30.03,-27.39],[30.04,-27.39],[30.05,-27.39],[30.05,-27.38],[30.06,-27.38],[30.06,-27.37],[30.07,-27.37],[30.08,-27.37],[30.09,-27.37],[30.1,-27.38],[30.11,-27.38],[30.11,-27.39],[30.12,-27.39],[30.12,-27.4],[30.13,-27.4],[30.14,-27.41],[30.15,-27.41],[30.15,-27.4],[30.15,-27.39],[30.16,-27.39],[30.17,-27.39],[30.17,-27.38],[30.18,-27.38],[30.18,-27.37],[30.19,-27.37],[30.19,-27.36],[30.2,-27.36],[30.21,-27.36],[30.22,-27.36],[30.23,-27.36],[30.23,-27.37],[30.23,-27.38],[30.24,-27.38],[30.25,-27.37],[30.26,-27.37],[30.27,-27.37],[30.28,-27.37],[30.28,-27.36],[30.28,-27.35],[30.28,-27.34],[30.28,-27.33],[30.28,-27.32],[30.28,-27.31],[30.29,-27.31],[30.29,-27.32],[30.3,-27.32],[30.31,-27.31],[30.32,-27.3],[30.33,-27.3],[30.34,-27.3],[30.35,-27.31],[30.36,-27.31],[30.37,-27.31],[30.37,-27.3],[30.37,-27.29],[30.37,-27.28],[30.37,-27.27],[30.38,-27.27],[30.39,-27.27],[30.4,-27.27],[30.41,-27.27],[30.42,-27.27],[30.43,-27.27],[30.43,-27.28],[30.43,-27.29],[30.43,-27.3],[30.43,-27.31],[30.43,-27.32],[30.43,-27.33],[30.44,-27.33],[30.45,-27.33],[30.45,-27.34],[30.45,-27.35],[30.44,-27.36],[30.45,-27.36],[30.45,-27.35],[30.46,-27.35],[30.47,-27.35],[30.46,-27.35],[30.47,-27.35],[30.47,-27.34],[30.48,-27.34],[30.49,-27.36],[30.48,-27.37],[30.49,-27.38],[30.5,-27.39],[30.49,-27.4],[30.48,-27.41],[30.48,-27.42],[30.49,-27.41],[30.51,-27.42],[30.51,-27.43],[30.52,-27.43],[30.51,-27.44],[30.51,-27.46],[30.52,-27.47],[30.53,-27.47],[30.54,-27.48],[30.55,-27.48],[30.57,-27.49],[30.58,-27.5],[30.59,-27.5],[30.59,-27.52],[30.59,-27.53],[30.6,-27.54],[30.61,-27.55],[30.62,-27.56],[30.63,-27.58],[30.64,-27.6],[30.63,-27.61],[30.63,-27.62],[30.62,-27.63],[30.62,-27.64],[30.63,-27.64],[30.65,-27.64],[30.66,-27.64],[30.67,-27.64],[30.67,-27.65],[30.66,-27.67],[30.66,-27.68],[30.66,-27.7],[30.67,-27.7],[30.68,-27.7],[30.68,-27.71],[30.69,-27.71],[30.69,-27.72],[30.69,-27.73],[30.7,-27.73],[30.69,-27.73],[30.7,-27.73],[30.69,-27.73],[30.69,-27.74],[30.7,-27.74],[30.7,-27.75],[30.69,-27.75],[30.68,-27.75],[30.67,-27.75],[30.66,-27.75],[30.65,-27.75],[30.65,-27.74],[30.65,-27.75],[30.64,-27.75],[30.63,-27.75],[30.63,-27.74],[30.62,-27.74],[30.62,-27.75],[30.62,-27.76],[30.62,-27.77],[30.63,-27.77],[30.63,-27.78],[30.63,-27.79],[30.63,-27.8],[30.63,-27.81],[30.62,-27.81],[30.62,-27.82],[30.61,-27.82],[30.61,-27.83],[30.6,-27.83],[30.6,-27.84],[30.59,-27.84],[30.59,-27.85],[30.59,-27.86],[30.59,-27.87],[30.59,-27.86],[30.58,-27.86],[30.58,-27.87],[30.59,-27.87],[30.59,-27.88],[30.59,-27.87],[30.59,-27.88],[30.59,-27.89],[30.58,-27.89],[30.58,-27.9],[30.59,-27.9],[30.58,-27.9],[30.58,-27.91],[30.58,-27.92],[30.58,-27.93],[30.59,-27.93],[30.6,-27.93],[30.6,-27.94],[30.6,-27.93],[30.6,-27.94],[30.59,-27.94],[30.6,-27.94],[30.6,-27.95],[30.6,-27.96],[30.59,-27.96],[30.59,-27.97],[30.59,-27.96],[30.58,-27.96],[30.58,-27.97],[30.58,-27.96],[30.58,-27.97],[30.59,-27.97],[30.58,-27.97],[30.59,-27.97],[30.58,-27.97],[30.58,-27.98],[30.59,-27.98],[30.58,-27.98],[30.59,-27.98],[30.59,-27.99],[30.58,-27.99],[30.59,-27.99],[30.59,-28.0],[30.58,-28.0],[30.57,-28.0],[30.57,-28.01],[30.54,-28.0],[30.53,-28.0],[30.52,-28.0],[30.5,-27.99],[30.49,-27.99],[30.48,-27.99],[30.47,-27.99],[30.46,-27.99],[30.43,-27.97],[30.42,-27.97],[30.42,-27.96],[30.4,-27.95],[30.4,-27.94],[30.39,-27.93],[30.36,-27.93],[30.35,-27.93],[30.34,-27.93],[30.33,-27.93],[30.32,-27.93],[30.3,-27.93],[30.3,-27.94],[30.29,-27.94],[30.29,-27.95],[30.29,-27.96],[30.3,-27.96],[30.31,-27.96],[30.32,-27.96],[30.32,-27.97],[30.31,-27.97],[30.31,-27.98],[30.28,-27.98],[30.27,-27.98],[30.26,-27.98],[30.25,-27.99],[30.25,-28.0],[30.25,-28.01],[30.25,-28.03],[30.26,-28.04],[30.28,-28.04],[30.28,-28.05],[30.27,-28.06],[30.26,-28.08],[30.25,-28.08],[30.24,-28.07],[30.23,-28.07],[30.22,-28.07],[30.2,-28.07],[30.19,-28.08],[30.19,-28.1],[30.2,-28.1],[30.19,-28.11],[30.19,-28.12],[30.19,-28.13],[30.18,-28.14],[30.18,-28.15],[30.18,-28.16],[30.17,-28.16],[30.16,-28.16],[30.16,-28.15],[30.16,-28.14],[30.15,-28.15],[30.14,-28.13],[30.13,-28.13],[30.12,-28.13],[30.12,-28.14],[30.12,-28.15],[30.13,-28.15],[30.13,-28.16],[30.13,-28.17],[30.13,-28.18],[30.12,-28.17],[30.11,-28.17],[30.1,-28.17],[30.09,-28.17],[30.08,-28.17],[30.07,-28.16],[30.05,-28.17],[30.04,-28.16],[30.03,-28.16],[30.02,-28.15],[30.01,-28.17],[30.0,-28.18],[30.0,-28.19],[29.99,-28.18],[29.98,-28.18],[29.98,-28.17],[29.97,-28.17],[29.96,-28.16],[29.95,-28.15],[29.94,-28.15],[29.94,-28.14],[29.94,-28.13],[29.94,-28.12],[29.94,-28.11],[29.94,-28.1],[29.94,-28.09],[29.94,-28.08],[29.94,-28.07],[29.93,-28.08],[29.92,-28.08],[29.91,-28.08],[29.9,-28.08],[29.9,-28.1],[29.89,-28.11],[29.88,-28.12],[29.86,-28.11],[29.85,-28.11],[29.85,-28.1],[29.85,-28.09],[29.84,-28.09],[29.83,-28.09],[29.83,-28.1],[29.82,-28.1],[29.8,-28.1],[29.79,-28.1],[29.78,-28.12],[29.78,-28.13],[29.78,-28.14],[29.77,-28.14],[29.77,-28.15],[29.77,-28.16],[29.76,-28.16],[29.76,-28.15],[29.75,-28.15],[29.74,-28.14],[29.74,-28.13],[29.73,-28.13],[29.72,-28.13],[29.72,-28.12],[29.71,-28.12],[29.7,-28.12],[29.69,-28.12],[29.68,-28.13],[29.67,-28.13],[29.67,-28.14],[29.66,-28.14],[29.65,-28.14],[29.66,-28.13],[29.66,-28.12],[29.65,-28.1],[29.66,-28.09],[29.63,-28.07],[29.62,-28.05]]]]},"properties":{"name":"Amajuba District"}},{"type":"Feature","geometry":{"type":"MultiPolygon","coordinates":[[[[25.89,-32.49],[25.89,-32.48],[25.9,-32.47],[25.91,-32.46],[25.91,-32.45],[25.9,-32.44],[25.9,-32.43],[25.91,-32.42],[25.93,-32.41],[25.94,-32.41],[25.94,-32.4],[25.94,-32.39],[25.94,-32.38],[25.95,-32.38],[25.95,-32.37],[25.95,-32.36],[25.97,-32.35],[25.98,-32.35],[25.99,-32.35],[26.0,-32.35],[26.01,-32.35],[26.02,-32.34],[26.03,-32.33],[26.05,-32.32],[26.05,-32.31],[26.06,-32.31],[26.07,-32.32],[26.08,-32.32],[26.09,-32.31],[26.1,-32.31],[26.12,-32.3],[26.13,-32.29],[26.13,-32.28],[26.13,-32.27],[26.14,-32.27],[26.15,-32.27],[26.16,-32.28],[26.17,-32.28],[26.18,-32.28],[26.19,-32.29],[26.19,-32.3],[26.19,-32.31],[26.2,-32.31],[26.2,-32.32],[26.2,-32.33],[26.2,-32.34],[26.19,-32.35],[26.19,-32.37],[26.21,-32.36],[26.23,-32.36],[26.24,-32.35],[26.25,-32.36],[26.27,-32.36],[26.28,-32.37],[26.29,-32.37],[26.31,-32.38],[26.33,-32.37],[26.34,-32.37],[26.35,-32.37],[26.36,-32.36],[26.37,-32.36],[26.38,-32.36],[26.39,-32.36],[26.4,-32.36],[26.41,-32.36],[26.42,-32.36],[26.43,-32.35],[26.44,-32.36],[26.45,-32.36],[26.46,-32.36],[26.47,-32.36],[26.48,-32.36],[26.49,-32.36],[26.5,-32.36],[26.52,-32.35],[26.53,-32.36],[26.54,-32.37],[26.54,-32.38],[26.54,-32.39],[26.56,-32.4],[26.57,-32.4],[26.58,-32.39],[26.59,-32.4],[26.6,-32.4],[26.61,-32.4],[26.62,-32.41],[26.63,-32.41],[26.64,-32.42],[26.65,-32.42],[26.66,-32.43],[26.67,-32.42],[26.69,-32.42],[26.7,-32.42],[26.72,-32.41],[26.73,-32.4],[26.73,-32.39],[26.74,-32.39],[26.73,-32.39],[26.73,-32.38],[26.73,-32.37],[26.73,-32.36],[26.72,-32.36],[26.72,-32.35],[26.71,-32.35],[26.71,-32.34],[26.73,-32.33],[26.74,-32.33],[26.74,-32.34],[26.75,-32.34],[26.76,-32.34],[26.77,-32.34],[26.77,-32.33],[26.78,-32.33],[26.78,-32.34],[26.79,-32.34],[26.79,-32.33],[26.79,-32.34],[26.8,-32.34],[26.8,-32.33],[26.81,-32.33],[26.81,-32.34],[26.81,-32.33],[26.82,-32.33],[26.83,-32.33],[26.83,-32.32],[26.82,-32.32],[26.82,-32.31],[26.81,-32.31],[26.81,-32.3],[26.82,-32.29],[26.83,-32.29],[26.83,-32.28],[26.83,-32.27],[26.84,-32.27],[26.85,-32.27],[26.85,-32.26],[26.84,-32.26],[26.84,-32.25],[26.85,-32.25],[26.86,-32.26],[26.87,-32.27],[26.89,-32.27],[26.9,-32.26],[26.9,-32.25],[26.92,-32.24],[26.93,-32.24],[26.93,-32.23],[26.95,-32.21],[26.96,-32.21],[26.96,-32.2],[26.96,-32.19],[26.97,-32.19],[26.98,-32.21],[27.01,-32.22],[27.02,-32.22],[27.05,-32.22],[27.05,-32.24],[27.05,-32.23],[27.06,-32.23],[27.07,-32.23],[27.08,-32.23],[27.08,-32.22],[27.09,-32.22],[27.11,-32.22],[27.12,-32.23],[27.12,-32.24],[27.13,-32.24],[27.14,-32.24],[27.15,-32.24],[27.16,-32.24],[27.16,-32.23],[27.17,-32.23],[27.18,-32.23],[27.18,-32.24],[27.18,-32.25],[27.19,-32.25],[27.18,-32.25],[27.2,-32.25],[27.2,-32.26],[27.21,-32.27],[27.22,-32.27],[27.24,-32.28],[27.26,-32.28],[27.27,-32.27],[27.28,-32.27],[27.29,-32.28],[27.29,-32.29],[27.3,-32.29],[27.3,-32.3],[27.31,-32.3],[27.32,-32.3],[27.32,-32.31],[27.32,-32.32],[27.33,-32.32],[27.33,-32.31],[27.34,-32.32],[27.35,-32.31],[27.36,-32.32],[27.37,-32.33],[27.37,-32.34],[27.37,-32.35],[27.39,-32.36],[27.41,-32.35],[27.41,-32.34],[27.42,-32.34],[27.43,-32.35],[27.43,-32.36],[27.44,-32.36],[27.45,-32.36],[27.45,-32.35],[27.45,-32.34],[27.44,-32.34],[27.44,-32.33],[27.46,-32.33],[27.47,-32.33],[27.48,-32.32],[27.49,-32.31],[27.49,-32.3],[27.49,-32.29],[27.49,-32.28],[27.49,-32.26],[27.49,-32.25],[27.51,-32.23],[27.51,-32.24],[27.52,-32.24],[27.53,-32.24],[27.53,-32.23],[27.53,-32.22],[27.52,-32.22],[27.52,-32.21],[27.52,-32.2],[27.53,-32.2],[27.54,-32.2],[27.55,-32.2],[27.56,-32.2],[27.56,-32.21],[27.56,-32.2],[27.56,-32.19],[27.55,-32.19],[27.55,-32.18],[27.56,-32.18],[27.57,-32.18],[27.56,-32.18],[27.56,-32.17],[27.56,-32.16],[27.55,-32.16],[27.56,-32.16],[27.55,-32.16],[27.55,-32.15],[27.54,-32.15],[27.54,-32.14],[27.55,-32.14],[27.55,-32.13],[27.56,-32.13],[27.57,-32.13],[27.57,-32.12],[27.57,-32.11],[27.57,-32.1],[27.58,-32.1],[27.59,-32.1],[27.6,-32.1],[27.6,-32.09],[27.61,-32.1],[27.62,-32.1],[27.63,-32.1],[27.64,-32.11],[27.65,-32.11],[27.65,-32.12],[27.65,-32.11],[27.66,-32.11],[27.66,-32.12],[27.67,-32.12],[27.68,-32.12],[27.69,-32.12],[27.69,-32.13],[27.7,-32.13],[27.71,-32.13],[27.71,-32.14],[27.71,-32.15],[27.7,-32.15],[27.69,-32.15],[27.69,-32.16],[27.68,-32.16],[27.68,-32.17],[27.69,-32.17],[27.69,-32.18],[27.69,-32.19],[27.69,-32.2],[27.68,-32.2],[27.69,-32.21],[27.69,-32.22],[27.7,-32.22],[27.7,-32.23],[27.71,-32.23],[27.72,-32.23],[27.73,-32.23],[27.74,-32.23],[27.75,-32.23],[27.76,-32.23],[27.77,-32.23],[27.76,-32.23],[27.76,-32.22],[27.76,-32.21],[27.77,-32.21],[27.77,-32.22],[27.77,-32.21],[27.77,-32.22],[27.78,-32.22],[27.78,-32.23],[27.79,-32.23],[27.8,-32.23],[27.8,-32.22],[27.79,-32.22],[27.79,-32.21],[27.79,-32.2],[27.8,-32.2],[27.8,-32.19],[27.81,-32.19],[27.81,-32.18],[27.81,-32.17],[27.8,-32.17],[27.8,-32.16],[27.81,-32.16],[27.82,-32.16],[27.83,-32.16],[27.83,-32.15],[27.83,-32.14],[27.82,-32.14],[27.82,-32.15],[27.81,-32.15],[27.81,-32.14],[27.8,-32.14],[27.79,-32.13],[27.78,-32.13],[27.78,-32.14],[27.78,-32.13],[27.78,-32.12],[27.78,-32.11],[27.77,-32.11],[27.77,-32.1],[27.78,-32.1],[27.79,-32.1],[27.79,-32.09],[27.78,-32.09],[27.78,-32.08],[27.79,-32.08],[27.8,-32.08],[27.81,-32.08],[27.81,-32.09],[27.82,-32.09],[27.83,-32.09],[27.83,-32.1],[27.84,-32.1],[27.84,-32.11],[27.84,-32.12],[27.83,-32.12],[27.84,-32.12],[27.85,-32.13],[27.86,-32.13],[27.87,-32.13],[27.88,-32.13],[27.89,-32.13],[27.89,-32.12],[27.9,-32.12],[27.89,-32.12],[27.89,-32.11],[27.89,-32.1],[27.88,-32.1],[27.88,-32.09],[27.87,-32.09],[27.87,-32.08],[27.86,-32.08],[27.87,-32.08],[27.86,-32.08],[27.87,-32.08],[27.87,-32.07],[27.87,-32.08],[27.87,-32.07],[27.88,-32.07],[27.88,-32.06],[27.89,-32.06],[27.88,-32.06],[27.88,-32.05],[27.89,-32.05],[27.89,-32.06],[27.9,-32.06],[27.91,-32.06],[27.91,-32.07],[27.92,-32.07],[27.93,-32.07],[27.94,-32.07],[27.94,-32.08],[27.95,-32.08],[27.96,-32.07],[27.97,-32.06],[27.99,-32.05],[28.0,-32.04],[28.01,-32.04],[28.02,-32.04],[28.03,-32.04],[28.04,-32.04],[28.05,-32.04],[28.05,-32.03],[28.06,-32.03],[28.06,-32.02],[28.07,-32.02],[28.07,-32.01],[28.08,-32.01],[28.1,-32.01],[28.1,-32.0],[28.11,-32.0],[28.12,-32.0],[28.13,-32.0],[28.13,-31.99],[28.14,-31.98],[28.15,-31.98],[28.16,-31.97],[28.17,-31.97],[28.18,-31.97],[28.18,-31.96],[28.17,-31.96],[28.17,-31.95],[28.18,-31.95],[28.19,-31.96],[28.18,-31.96],[28.18,-31.97],[28.19,-31.97],[28.19,-31.96],[28.19,-31.97],[28.2,-31.96],[28.21,-31.95],[28.21,-31.94],[28.21,-31.93],[28.21,-31.92],[28.22,-31.92],[28.22,-31.91],[28.22,-31.9],[28.22,-31.89],[28.23,-31.89],[28.23,-31.88],[28.23,-31.87],[28.24,-31.87],[28.23,-31.87],[28.23,-31.86],[28.22,-31.86],[28.23,-31.86],[28.24,-31.86],[28.24,-31.85],[28.24,-31.84],[28.23,-31.84],[28.24,-31.84],[28.23,-31.84],[28.24,-31.84],[28.24,-31.83],[28.24,-31.82],[28.25,-31.82],[28.25,-31.81],[28.25,-31.8],[28.25,-31.79],[28.26,-31.79],[28.27,-31.79],[28.27,-31.8],[28.28,-31.8],[28.28,-31.81],[28.28,-31.82],[28.28,-31.81],[28.29,-31.81],[28.29,-31.82],[28.3,-31.82],[28.3,-31.83],[28.31,-31.83],[28.31,-31.84],[28.3,-31.84],[28.31,-31.85],[28.31,-31.84],[28.32,-31.84],[28.33,-31.84],[28.33,-31.83],[28.34,-31.83],[28.35,-31.83],[28.36,-31.83],[28.36,-31.84],[28.36,-31.85],[28.37,-31.85],[28.37,-31.84],[28.37,-31.83],[28.37,-31.84],[28.38,-31.84],[28.39,-31.84],[28.38,-31.85],[28.38,-31.86],[28.39,-31.86],[28.39,-31.85],[28.4,-31.85],[28.41,-31.85],[28.41,-31.86],[28.42,-31.86],[28.42,-31.87],[28.41,-31.87],[28.41,-31.88],[28.42,-31.88],[28.42,-31.87],[28.43,-31.87],[28.43,-31.88],[28.43,-31.89],[28.44,-31.89],[28.44,-31.9],[28.44,-31.91],[28.44,-31.92],[28.45,-31.92],[28.46,-31.92],[28.46,-31.93],[28.46,-31.92],[28.47,-31.92],[28.47,-31.91],[28.48,-31.91],[28.48,-31.92],[28.47,-31.92],[28.47,-31.93],[28.48,-31.93],[28.49,-31.93],[28.49,-31.94],[28.49,-31.93],[28.5,-31.93],[28.51,-31.93],[28.52,-31.93],[28.52,-31.94],[28.51,-31.94],[28.51,-31.95],[28.5,-31.96],[28.5,-31.95],[28.49,-31.95],[28.48,-31.95],[28.47,-31.96],[28.47,-31.97],[28.48,-31.97],[28.49,-31.97],[28.5,-31.97],[28.51,-31.97],[28.52,-31.97],[28.53,-31.97],[28.53,-31.96],[28.52,-31.96],[28.53,-31.96],[28.54,-31.96],[28.54,-31.97],[28.54,-31.98],[28.55,-31.98],[28.55,-31.99],[28.54,-31.99],[28.54,-31.98],[28.53,-31.98],[28.52,-31.98],[28.52,-31.99],[28.53,-31.99],[28.53,-32.0],[28.53,-31.99],[28.54,-31.99],[28.55,-31.99],[28.55,-31.98],[28.56,-31.98],[28.57,-31.98],[28.57,-31.99],[28.58,-31.99],[28.58,-32.0],[28.59,-32.0],[28.59,-31.99],[28.59,-31.98],[28.58,-31.98],[28.58,-31.97],[28.59,-31.97],[28.6,-31.97],[28.6,-31.98],[28.61,-31.98],[28.61,-31.99],[28.6,-31.99],[28.6,-32.0],[28.61,-32.0],[28.62,-32.0],[28.62,-31.99],[28.63,-31.99],[28.63,-32.0],[28.62,-32.0],[28.61,-32.0],[28.6,-32.0],[28.6,-32.01],[28.6,-32.02],[28.61,-32.02],[28.62,-32.02],[28.63,-32.02],[28.64,-32.02],[28.65,-32.02],[28.65,-32.01],[28.66,-32.01],[28.67,-32.01],[28.67,-32.0],[28.68,-32.0],[28.67,-32.0],[28.67,-31.99],[28.67,-32.0],[28.66,-32.0],[28.66,-31.99],[28.66,-32.0],[28.66,-31.99],[28.67,-31.99],[28.67,-31.98],[28.68,-31.98],[28.67,-31.98],[28.66,-31.98],[28.66,-31.97],[28.66,-31.96],[28.67,-31.96],[28.68,-31.96],[28.69,-31.96],[28.7,-31.96],[28.7,-31.97],[28.7,-31.98],[28.69,-31.98],[28.69,-31.99],[28.7,-31.98],[28.71,-31.98],[28.71,-31.99],[28.7,-31.99],[28.69,-32.0],[28.7,-32.0],[28.71,-32.0],[28.71,-32.01],[28.72,-32.01],[28.73,-32.01],[28.74,-32.01],[28.74,-32.02],[28.75,-32.02],[28.75,-32.03],[28.74,-32.03],[28.75,-32.03],[28.75,-32.04],[28.76,-32.04],[28.77,-32.04],[28.78,-32.04],[28.78,-32.05],[28.79,-32.04],[28.79,-32.03],[28.8,-32.03],[28.8,-32.02],[28.79,-32.02],[28.79,-32.01],[28.8,-32.01],[28.81,-32.01],[28.81,-32.02],[28.81,-32.01],[28.8,-32.01],[28.8,-32.0],[28.81,-32.0],[28.8,-32.0],[28.81,-32.0],[28.82,-32.0],[28.82,-32.01],[28.82,-32.0],[28.83,-32.0],[28.83,-32.01],[28.83,-32.0],[28.84,-32.0],[28.83,-32.0],[28.83,-31.99],[28.84,-31.99],[28.84,-31.98],[28.84,-31.99],[28.84,-31.98],[28.85,-31.98],[28.85,-31.99],[28.85,-31.98],[28.86,-31.97],[28.86,-31.96],[28.87,-31.96],[28.88,-31.96],[28.88,-31.97],[28.88,-31.96],[28.89,-31.96],[28.89,-31.95],[28.9,-31.95],[28.91,-31.95],[28.92,-31.95],[28.91,-31.95],[28.92,-31.95],[28.92,-31.94],[28.93,-31.94],[28.93,-31.95],[28.94,-31.95],[28.93,-31.95],[28.94,-31.95],[28.94,-31.96],[28.95,-31.96],[28.95,-31.97],[28.95,-31.96],[28.96,-31.96],[28.96,-31.97],[28.96,-31.98],[28.97,-31.98],[28.97,-31.99],[28.98,-31.99],[28.98,-31.98],[28.98,-31.99],[28.99,-31.99],[28.99,-32.0],[29.0,-32.0],[29.01,-32.0],[29.01,-32.01],[29.01,-32.02],[29.02,-32.02],[29.02,-32.01],[29.02,-32.02],[29.03,-32.02],[29.03,-32.03],[29.04,-32.03],[29.04,-32.04],[29.05,-32.04],[29.06,-32.04],[29.06,-32.03],[29.06,-32.04],[29.07,-32.04],[29.07,-32.05],[29.08,-32.05],[29.09,-32.05],[29.09,-32.06],[29.09,-32.07],[29.09,-32.08],[29.08,-32.08],[29.07,-32.09],[29.07,-32.1],[29.06,-32.1],[29.05,-32.1],[29.05,-32.11],[29.04,-32.11],[29.04,-32.12],[29.03,-32.12],[29.04,-32.12],[29.03,-32.12],[29.03,-32.11],[29.03,-32.12],[29.02,-32.12],[29.02,-32.13],[29.01,-32.13],[29.01,-32.14],[29.01,-32.15],[29.0,-32.15],[29.0,-32.16],[28.99,-32.16],[29.0,-32.16],[28.99,-32.16],[28.99,-32.17],[28.98,-32.17],[28.98,-32.18],[28.97,-32.18],[28.98,-32.18],[28.97,-32.18],[28.97,-32.19],[28.96,-32.19],[28.95,-32.19],[28.95,-32.2],[28.95,-32.21],[28.94,-32.21],[28.94,-32.22],[28.93,-32.22],[28.93,-32.23],[28.92,-32.23],[28.92,-32.24],[28.91,-32.24],[28.91,-32.25],[28.91,-32.24],[28.91,-32.25],[28.9,-32.25],[28.9,-32.24],[28.9,-32.25],[28.9,-32.26],[28.89,-32.26],[28.89,-32.27],[28.88,-32.27],[28.88,-32.28],[28.87,-32.28],[28.87,-32.29],[28.86,-32.29],[28.86,-32.3],[28.85,-32.3],[28.84,-32.3],[28.84,-32.31],[28.83,-32.31],[28.83,-32.32],[28.82,-32.32],[28.82,-32.33],[28.81,-32.33],[28.8,-32.34],[28.79,-32.34],[28.78,-32.34],[28.79,-32.34],[28.78,-32.35],[28.78,-32.36],[28.77,-32.36],[28.76,-32.36],[28.76,-32.37],[28.75,-32.37],[28.75,-32.38],[28.75,-32.39],[28.75,-32.4],[28.74,-32.4],[28.73,-32.4],[28.72,-32.4],[28.73,-32.4],[28.72,-32.4],[28.72,-32.41],[28.71,-32.41],[28.71,-32.42],[28.71,-32.43],[28.7,-32.43],[28.71,-32.43],[28.7,-32.43],[28.71,-32.43],[28.7,-32.43],[28.69,-32.43],[28.69,-32.44],[28.68,-32.44],[28.69,-32.44],[28.68,-32.44],[28.69,-32.44],[28.68,-32.44],[28.68,-32.45],[28.67,-32.45],[28.66,-32.45],[28.66,-32.46],[28.66,-32.47],[28.65,-32.47],[28.66,-32.47],[28.66,-32.48],[28.65,-32.48],[28.64,-32.48],[28.64,-32.49],[28.63,-32.49],[28.62,-32.49],[28.61,-32.49],[28.61,-32.5],[28.6,-32.5],[28.6,-32.51],[28.6,-32.52],[28.59,-32.52],[28.58,-32.52],[28.58,-32.53],[28.58,-32.54],[28.57,-32.54],[28.57,-32.55],[28.56,-32.55],[28.55,-32.55],[28.55,-32.56],[28.56,-32.56],[28.55,-32.56],[28.55,-32.57],[28.54,-32.57],[28.54,-32.58],[28.53,-32.58],[28.53,-32.59],[28.52,-32.59],[28.52,-32.6],[28.51,-32.6],[28.51,-32.61],[28.5,-32.61],[28.5,-32.6],[28.5,-32.61],[28.49,-32.61],[28.48,-32.61],[28.48,-32.62],[28.47,-32.62],[28.46,-32.62],[28.45,-32.62],[28.45,-32.63],[28.44,-32.63],[28.43,-32.63],[28.43,-32.64],[28.43,-32.65],[28.42,-32.65],[28.42,-32.66],[28.41,-32.66],[28.4,-32.67],[28.39,-32.67],[28.39,-32.68],[28.38,-32.68],[28.38,-32.69],[28.37,-32.69],[28.37,-32.7],[28.37,-32.71],[28.36,-32.71],[28.35,-32.71],[28.34,-32.71],[28.34,-32.72],[28.34,-32.71],[28.33,-32.71],[28.33,-32.72],[28.33,-32.71],[28.33,-32.72],[28.32,-32.72],[28.32,-32.73],[28.32,-32.72],[28.32,-32.73],[28.32,-32.72],[28.31,-32.72],[28.31,-32.73],[28.3,-32.73],[28.3,-32.74],[28.29,-32.74],[28.28,-32.74],[28.28,-32.75],[28.27,-32.75],[28.27,-32.76],[28.26,-32.76],[28.25,-32.76],[28.25,-32.77],[28.25,-32.76],[28.25,-32.77],[28.24,-32.77],[28.23,-32.77],[28.22,-32.77],[28.22,-32.78],[28.21,-32.78],[28.2,-32.78],[28.19,-32.78],[28.18,-32.78],[28.18,-32.79],[28.17,-32.79],[28.16,-32.79],[28.16,-32.8],[28.15,-32.8],[28.14,-32.8],[28.14,-32.81],[28.13,-32.81],[28.13,-32.82],[28.12,-32.82],[28.12,-32.83],[28.12,-32.84],[28.12,-32.85],[28.12,-32.86],[28.11,-32.86],[28.11,-32.87],[28.11,-32.88],[28.11,-32.87],[28.11,-32.88],[28.1,-32.88],[28.1,-32.89],[28.09,-32.89],[28.09,-32.9],[28.08,-32.9],[28.08,-32.91],[28.07,-32.91],[28.07,-32.9],[28.06,-32.9],[28.07,-32.9],[28.07,-32.89],[28.06,-32.89],[28.05,-32.89],[28.05,-32.88],[28.04,-32.88],[28.04,-32.89],[28.03,-32.89],[28.03,-32.88],[28.02,-32.88],[28.01,-32.87],[28.01,-32.86],[28.0,-32.86],[27.99,-32.86],[27.99,-32.85],[27.98,-32.85],[27.98,-32.84],[27.98,-32.83],[27.97,-32.83],[27.96,-32.83],[27.96,-32.82],[27.95,-32.81],[27.95,-32.8],[27.94,-32.79],[27.93,-32.78],[27.93,-32.77],[27.94,-32.76],[27.95,-32.75],[27.95,-32.74],[27.94,-32.74],[27.93,-32.74],[27.92,-32.75],[27.91,-32.76],[27.9,-32.76],[27.9,-32.77],[27.89,-32.77],[27.88,-32.79],[27.87,-32.79],[27.86,-32.79],[27.86,-32.8],[27.85,-32.79],[27.84,-32.79],[27.84,-32.8],[27.85,-32.8],[27.84,-32.8],[27.84,-32.81],[27.83,-32.81],[27.83,-32.82],[27.83,-32.81],[27.82,-32.81],[27.82,-32.8],[27.82,-32.79],[27.83,-32.79],[27.83,-32.78],[27.82,-32.78],[27.81,-32.78],[27.81,-32.77],[27.82,-32.77],[27.82,-32.76],[27.81,-32.76],[27.8,-32.76],[27.8,-32.75],[27.79,-32.75],[27.8,-32.75],[27.79,-32.75],[27.8,-32.75],[27.79,-32.75],[27.78,-32.75],[27.79,-32.75],[27.79,-32.76],[27.78,-32.76],[27.78,-32.77],[27.77,-32.77],[27.77,-32.78],[27.76,-32.78],[27.75,-32.78],[27.74,-32.78],[27.73,-32.78],[27.72,-32.78],[27.71,-32.78],[27.71,-32.79],[27.72,-32.8],[27.72,-32.81],[27.71,-32.81],[27.7,-32.82],[27.69,-32.82],[27.68,-32.83],[27.67,-32.83],[27.66,-32.83],[27.66,-32.84],[27.66,-32.83],[27.66,-32.84],[27.66,-32.83],[27.67,-32.83],[27.67,-32.84],[27.66,-32.84],[27.65,-32.84],[27.65,-32.83],[27.66,-32.83],[27.65,-32.83],[27.65,-32.82],[27.65,-32.81],[27.64,-32.81],[27.64,-32.82],[27.64,-32.81],[27.64,-32.82],[27.63,-32.82],[27.63,-32.81],[27.63,-32.82],[27.62,-32.82],[27.61,-32.82],[27.6,-32.82],[27.61,-32.82],[27.61,-32.81],[27.6,-32.81],[27.59,-32.81],[27.58,-32.81],[27.58,-32.8],[27.57,-32.8],[27.56,-32.8],[27.57,-32.8],[27.56,-32.8],[27.55,-32.8],[27.55,-32.79],[27.55,-32.8],[27.54,-32.8],[27.54,-32.79],[27.53,-32.77],[27.52,-32.75],[27.53,-32.74],[27.54,-32.74],[27.55,-32.73],[27.54,-32.72],[27.52,-32.72],[27.51,-32.72],[27.51,-32.73],[27.5,-32.73],[27.5,-32.74],[27.49,-32.74],[27.49,-32.75],[27.49,-32.76],[27.48,-32.76],[27.48,-32.77],[27.47,-32.77],[27.46,-32.77],[27.46,-32.78],[27.46,-32.8],[27.45,-32.8],[27.45,-32.81],[27.44,-32.81],[27.43,-32.81],[27.42,-32.8],[27.41,-32.8],[27.4,-32.8],[27.39,-32.8],[27.38,-32.81],[27.39,-32.81],[27.39,-32.82],[27.39,-32.83],[27.38,-32.83],[27.38,-32.84],[27.37,-32.84],[27.36,-32.83],[27.35,-32.82],[27.35,-32.81],[27.34,-32.81],[27.34,-32.8],[27.34,-32.79],[27.33,-32.79],[27.32,-32.79],[27.33,-32.79],[27.33,-32.78],[27.33,-32.77],[27.33,-32.76],[27.34,-32.76],[27.33,-32.76],[27.33,-32.75],[27.33,-32.74],[27.33,-32.73],[27.34,-32.73],[27.33,-32.73],[27.34,-32.73],[27.34,-32.72],[27.35,-32.72],[27.34,-32.72],[27.35,-32.71],[27.38,-32.72],[27.37,-32.7],[27.38,-32.69],[27.39,-32.68],[27.38,-32.68],[27.37,-32.68],[27.35,-32.67],[27.34,-32.67],[27.33,-32.67],[27.32,-32.68],[27.31,-32.67],[27.31,-32.68],[27.3,-32.68],[27.29,-32.68],[27.28,-32.68],[27.27,-32.69],[27.26,-32.69],[27.25,-32.7],[27.23,-32.71],[27.23,-32.72],[27.23,-32.73],[27.24,-32.74],[27.24,-32.75],[27.23,-32.76],[27.21,-32.77],[27.22,-32.77],[27.22,-32.78],[27.22,-32.79],[27.21,-32.79],[27.2,-32.8],[27.19,-32.8],[27.18,-32.8],[27.18,-32.81],[27.17,-32.81],[27.18,-32.82],[27.17,-32.82],[27.17,-32.83],[27.16,-32.83],[27.16,-32.84],[27.17,-32.84],[27.18,-32.84],[27.19,-32.84],[27.2,-32.84],[27.2,-32.85],[27.21,-32.85],[27.22,-32.85],[27.23,-32.85],[27.23,-32.86],[27.23,-32.87],[27.22,-32.87],[27.22,-32.88],[27.22,-32.89],[27.22,-32.88],[27.23,-32.88],[27.23,-32.89],[27.22,-32.89],[27.22,-32.9],[27.23,-32.9],[27.23,-32.91],[27.24,-32.91],[27.24,-32.92],[27.23,-32.92],[27.24,-32.92],[27.25,-32.92],[27.26,-32.92],[27.27,-32.92],[27.27,-32.93],[27.28,-32.93],[27.29,-32.93],[27.28,-32.93],[27.29,-32.93],[27.29,-32.92],[27.3,-32.92],[27.3,-32.93],[27.3,-32.92],[27.3,-32.93],[27.31,-32.93],[27.31,-32.92],[27.32,-32.92],[27.32,-32.93],[27.33,-32.93],[27.33,-32.92],[27.33,-32.91],[27.34,-32.91],[27.34,-32.92],[27.34,-32.91],[27.34,-32.92],[27.35,-32.92],[27.35,-32.91],[27.36,-32.91],[27.36,-32.92],[27.37,-32.92],[27.38,-32.92],[27.39,-32.92],[27.39,-32.91],[27.39,-32.92],[27.39,-32.93],[27.4,-32.93],[27.4,-32.92],[27.4,-32.93],[27.41,-32.93],[27.41,-32.92],[27.42,-32.92],[27.42,-32.93],[27.42,-32.94],[27.41,-32.94],[27.4,-32.94],[27.4,-32.93],[27.39,-32.93],[27.39,-32.94],[27.38,-32.94],[27.38,-32.95],[27.37,-32.95],[27.37,-32.96],[27.37,-32.97],[27.38,-32.97],[27.39,-32.97],[27.4,-32.98],[27.41,-33.0],[27.42,-33.01],[27.43,-33.0],[27.44,-32.99],[27.45,-32.99],[27.46,-32.99],[27.47,-32.99],[27.47,-33.0],[27.48,-33.0],[27.48,-32.99],[27.49,-32.99],[27.5,-32.99],[27.5,-33.0],[27.5,-33.01],[27.49,-33.02],[27.48,-33.03],[27.47,-33.04],[27.46,-33.04],[27.46,-33.05],[27.45,-33.05],[27.44,-33.05],[27.44,-33.06],[27.44,-33.07],[27.45,-33.07],[27.44,-33.07],[27.44,-33.08],[27.44,-33.09],[27.45,-33.1],[27.45,-33.11],[27.46,-33.11],[27.46,-33.12],[27.45,-33.13],[27.44,-33.13],[27.42,-33.13],[27.41,-33.13],[27.4,-33.13],[27.39,-33.13],[27.39,-33.14],[27.38,-33.15],[27.37,-33.15],[27.38,-33.15],[27.39,-33.15],[27.39,-33.16],[27.38,-33.16],[27.38,-33.17],[27.38,-33.18],[27.37,-33.18],[27.38,-33.18],[27.38,-33.19],[27.39,-33.19],[27.39,-33.18],[27.4,-33.18],[27.4,-33.19],[27.41,-33.19],[27.42,-33.19],[27.43,-33.19],[27.43,-33.2],[27.43,-33.21],[27.43,-33.22],[27.42,-33.22],[27.42,-33.23],[27.41,-33.23],[27.41,-33.24],[27.42,-33.24],[27.43,-33.24],[27.44,-33.24],[27.44,-33.25],[27.44,-33.26],[27.45,-33.26],[27.46,-33.26],[27.46,-33.27],[27.46,-33.28],[27.47,-33.28],[27.47,-33.29],[27.47,-33.28],[27.48,-33.28],[27.47,-33.28],[27.48,-33.28],[27.48,-33.27],[27.48,-33.28],[27.49,-33.28],[27.49,-33.29],[27.48,-33.29],[27.48,-33.3],[27.47,-33.3],[27.47,-33.31],[27.46,-33.31],[27.45,-33.31],[27.44,-33.31],[27.44,-33.32],[27.43,-33.32],[27.43,-33.33],[27.42,-33.33],[27.42,-33.34],[27.41,-33.34],[27.4,-33.34],[27.4,-33.35],[27.39,-33.35],[27.38,-33.35],[27.38,-33.36],[27.37,-33.36],[27.36,-33.36],[27.35,-33.36],[27.35,-33.37],[27.34,-33.37],[27.34,-33.38],[27.33,-33.38],[27.32,-33.38],[27.32,-33.39],[27.31,-33.39],[27.31,-33.4],[27.3,-33.4],[27.29,-33.4],[27.29,-33.41],[27.28,-33.41],[27.27,-33.42],[27.26,-33.42],[27.26,-33.43],[27.25,-33.43],[27.24,-33.43],[27.24,-33.44],[27.23,-33.44],[27.23,-33.45],[27.22,-33.45],[27.22,-33.46],[27.21,-33.46],[27.2,-33.46],[27.19,-33.46],[27.19,-33.47],[27.18,-33.47],[27.17,-33.47],[27.16,-33.47],[27.16,-33.48],[27.15,-33.48],[27.15,-33.49],[27.14,-33.49],[27.14,-33.5],[27.14,-33.49],[27.14,-33.5],[27.14,-33.49],[27.13,-33.49],[27.12,-33.49],[27.12,-33.48],[27.11,-33.48],[27.1,-33.48],[27.09,-33.48],[27.09,-33.47],[27.08,-33.47],[27.07,-33.47],[27.07,-33.46],[27.07,-33.45],[27.07,-33.44],[27.06,-33.44],[27.06,-33.43],[27.05,-33.43],[27.05,-33.42],[27.04,-33.41],[27.04,-33.4],[27.03,-33.4],[27.02,-33.4],[27.02,-33.39],[27.02,-33.38],[27.01,-33.38],[27.01,-33.37],[27.0,-33.37],[27.0,-33.36],[26.99,-33.36],[26.98,-33.36],[26.98,-33.35],[26.98,-33.34],[26.99,-33.34],[26.99,-33.33],[27.0,-33.33],[27.0,-33.32],[27.0,-33.31],[27.0,-33.3],[27.0,-33.29],[27.0,-33.28],[26.99,-33.28],[26.99,-33.27],[26.98,-33.27],[26.97,-33.27],[26.97,-33.26],[26.98,-33.26],[26.98,-33.25],[26.99,-33.25],[26.99,-33.26],[27.0,-33.26],[27.01,-33.26],[27.01,-33.25],[27.0,-33.25],[27.0,-33.24],[26.99,-33.24],[26.99,-33.23],[26.98,-33.23],[26.98,-33.24],[26.97,-33.24],[26.96,-33.24],[26.96,-33.23],[26.97,-33.23],[26.97,-33.22],[26.98,-33.22],[26.98,-33.21],[26.97,-33.21],[26.97,-33.2],[26.96,-33.2],[26.96,-33.19],[26.96,-33.18],[26.95,-33.18],[26.96,-33.18],[26.96,-33.17],[26.95,-33.17],[26.94,-33.17],[26.94,-33.16],[26.93,-33.16],[26.92,-33.17],[26.92,-33.18],[26.92,-33.19],[26.93,-33.19],[26.92,-33.19],[26.93,-33.19],[26.93,-33.2],[26.92,-33.2],[26.91,-33.2],[26.9,-33.2],[26.9,-33.19],[26.9,-33.18],[26.89,-33.18],[26.89,-33.17],[26.9,-33.17],[26.89,-33.17],[26.88,-33.17],[26.88,-33.18],[26.88,-33.19],[26.87,-33.19],[26.87,-33.2],[26.87,-33.21],[26.86,-33.21],[26.85,-33.21],[26.84,-33.21],[26.84,-33.2],[26.84,-33.19],[26.85,-33.19],[26.86,-33.19],[26.86,-33.18],[26.87,-33.18],[26.86,-33.18],[26.85,-33.18],[26.84,-33.18],[26.84,-33.17],[26.84,-33.16],[26.84,-33.15],[26.84,-33.16],[26.83,-33.16],[26.83,-33.15],[26.83,-33.14],[26.82,-33.14],[26.82,-33.13],[26.82,-33.12],[26.83,-33.12],[26.84,-33.12],[26.84,-33.13],[26.85,-33.13],[26.85,-33.12],[26.86,-33.12],[26.86,-33.11],[26.86,-33.1],[26.86,-33.09],[26.87,-33.09],[26.87,-33.08],[26.88,-33.08],[26.88,-33.07],[26.88,-33.06],[26.87,-33.06],[26.88,-33.06],[26.87,-33.06],[26.87,-33.05],[26.86,-33.04],[26.86,-33.05],[26.86,-33.06],[26.86,-33.07],[26.86,-33.08],[26.85,-33.08],[26.84,-33.08],[26.83,-33.08],[26.83,-33.07],[26.83,-33.06],[26.83,-33.05],[26.83,-33.04],[26.82,-33.04],[26.81,-33.04],[26.81,-33.05],[26.8,-33.05],[26.8,-33.06],[26.8,-33.07],[26.79,-33.07],[26.79,-33.08],[26.78,-33.09],[26.77,-33.09],[26.78,-33.09],[26.77,-33.09],[26.77,-33.08],[26.77,-33.07],[26.78,-33.07],[26.78,-33.06],[26.79,-33.06],[26.79,-33.05],[26.8,-33.05],[26.8,-33.04],[26.8,-33.03],[26.79,-33.03],[26.8,-33.03],[26.79,-33.03],[26.8,-33.03],[26.8,-33.02],[26.8,-33.01],[26.8,-33.0],[26.8,-32.99],[26.79,-32.99],[26.78,-32.99],[26.78,-33.0],[26.78,-33.01],[26.78,-33.02],[26.78,-33.03],[26.78,-33.04],[26.77,-33.04],[26.77,-33.03],[26.76,-33.03],[26.75,-33.03],[26.75,-33.04],[26.74,-33.05],[26.74,-33.06],[26.73,-33.06],[26.73,-33.05],[26.72,-33.05],[26.72,-33.04],[26.71,-33.04],[26.71,-33.05],[26.7,-33.05],[26.7,-33.06],[26.69,-33.06],[26.69,-33.05],[26.68,-33.05],[26.68,-33.04],[26.67,-33.04],[26.67,-33.03],[26.66,-33.03],[26.66,-33.04],[26.66,-33.05],[26.65,-33.05],[26.64,-33.05],[26.64,-33.04],[26.64,-33.03],[26.63,-33.03],[26.63,-33.02],[26.63,-33.01],[26.63,-33.0],[26.62,-33.0],[26.61,-33.0],[26.61,-33.01],[26.6,-33.01],[26.6,-33.02],[26.59,-33.02],[26.58,-33.02],[26.58,-33.01],[26.59,-33.01],[26.59,-33.0],[26.59,-32.99],[26.6,-32.99],[26.6,-32.98],[26.59,-32.98],[26.59,-32.97],[26.59,-32.96],[26.58,-32.96],[26.58,-32.97],[26.58,-32.98],[26.58,-32.99],[26.57,-32.99],[26.56,-32.99],[26.56,-32.98],[26.55,-32.98],[26.54,-32.98],[26.53,-32.98],[26.53,-32.99],[26.52,-32.99],[26.52,-32.98],[26.52,-32.97],[26.52,-32.96],[26.52,-32.95],[26.52,-32.94],[26.51,-32.94],[26.5,-32.94],[26.5,-32.95],[26.49,-32.95],[26.49,-32.96],[26.49,-32.97],[26.5,-32.97],[26.5,-32.98],[26.49,-32.98],[26.48,-32.98],[26.47,-32.98],[26.47,-32.97],[26.47,-32.96],[26.47,-32.95],[26.46,-32.95],[26.46,-32.96],[26.45,-32.96],[26.45,-32.95],[26.44,-32.95],[26.44,-32.94],[26.44,-32.95],[26.43,-32.95],[26.42,-32.96],[26.39,-32.97],[26.36,-32.96],[26.36,-32.93],[26.35,-32.93],[26.32,-32.94],[26.3,-32.93],[26.27,-32.94],[26.28,-32.92],[26.29,-32.9],[26.28,-32.9],[26.28,-32.89],[26.28,-32.88],[26.27,-32.88],[26.26,-32.88],[26.26,-32.89],[26.25,-32.89],[26.25,-32.88],[26.24,-32.88],[26.24,-32.87],[26.23,-32.87],[26.23,-32.88],[26.22,-32.88],[26.22,-32.87],[26.23,-32.87],[26.23,-32.86],[26.22,-32.86],[26.21,-32.86],[26.2,-32.86],[26.2,-32.85],[26.2,-32.86],[26.19,-32.86],[26.19,-32.87],[26.18,-32.87],[26.19,-32.86],[26.19,-32.85],[26.18,-32.85],[26.18,-32.84],[26.18,-32.85],[26.17,-32.86],[26.17,-32.85],[26.17,-32.84],[26.18,-32.83],[26.19,-32.81],[26.21,-32.81],[26.23,-32.81],[26.25,-32.82],[26.25,-32.81],[26.24,-32.79],[26.22,-32.78],[26.21,-32.77],[26.21,-32.75],[26.2,-32.75],[26.18,-32.76],[26.16,-32.76],[26.14,-32.77],[26.13,-32.77],[26.11,-32.77],[26.1,-32.76],[26.09,-32.76],[26.09,-32.77],[26.07,-32.78],[26.07,-32.79],[26.06,-32.79],[26.05,-32.78],[26.03,-32.76],[26.04,-32.75],[26.04,-32.74],[26.05,-32.73],[26.05,-32.72],[26.05,-32.71],[26.06,-32.7],[26.06,-32.69],[26.04,-32.68],[26.03,-32.67],[26.04,-32.66],[26.05,-32.65],[26.04,-32.64],[26.05,-32.63],[26.07,-32.64],[26.08,-32.63],[26.09,-32.63],[26.09,-32.62],[26.1,-32.62],[26.11,-32.61],[26.12,-32.6],[26.11,-32.61],[26.12,-32.6],[26.13,-32.6],[26.12,-32.59],[26.12,-32.58],[26.11,-32.57],[26.09,-32.56],[26.1,-32.56],[26.09,-32.56],[26.08,-32.55],[26.07,-32.54],[26.05,-32.54],[26.03,-32.54],[26.03,-32.55],[26.02,-32.55],[26.01,-32.55],[26.0,-32.55],[25.99,-32.55],[25.98,-32.55],[25.97,-32.55],[25.96,-32.55],[25.95,-32.55],[25.95,-32.54],[25.94,-32.54],[25.94,-32.53],[25.94,-32.52],[25.93,-32.51],[25.93,-32.49],[25.93,-32.48],[25.92,-32.48],[25.89,-32.49]]]]},"properties":{"name":"Amathole District"}},{"type":"Feature","geometry":{"type":"MultiPolygon","coordinates":[[[[26.38,-25.06],[26.42,-25.05],[26.42,-25.04],[26.43,-25.04],[26.43,-25.03],[26.42,-25.03],[26.42,-25.02],[26.42,-25.01],[26.43,-25.01],[26.43,-25.0],[26.43,-24.99],[26.44,-24.99],[26.45,-24.99],[26.45,-24.98],[26.45,-24.97],[26.44,-24.97],[26.45,-24.97],[26.45,-24.96],[26.46,-24.95],[26.45,-24.95],[26.44,-24.95],[26.44,-24.94],[26.44,-24.93],[26.45,-24.93],[26.45,-24.92],[26.45,-24.91],[26.45,-24.9],[26.45,-24.89],[26.45,-24.88],[26.45,-24.87],[26.45,-24.86],[26.45,-24.85],[26.46,-24.85],[26.46,-24.86],[26.47,-24.86],[26.47,-24.85],[26.47,-24.84],[26.47,-24.85],[26.48,-24.85],[26.49,-24.85],[26.49,-24.84],[26.48,-24.84],[26.48,-24.83],[26.48,-24.82],[26.47,-24.82],[26.46,-24.82],[26.46,-24.81],[26.48,-24.81],[26.49,-24.81],[26.51,-24.81],[26.52,-24.81],[26.53,-24.81],[26.56,-24.82],[26.57,-24.82],[26.6,-24.82],[26.62,-24.81],[26.66,-24.84],[26.7,-24.87],[26.71,-24.86],[26.73,-24.87],[26.74,-24.88],[26.75,-24.88],[26.76,-24.88],[26.76,-24.87],[26.77,-24.86],[26.77,-24.85],[26.78,-24.84],[26.79,-24.83],[26.82,-24.83],[26.82,-24.82],[26.83,-24.82],[26.84,-24.82],[26.85,-24.81],[26.86,-24.81],[26.9,-24.8],[26.91,-24.79],[26.92,-24.79],[26.93,-24.79],[26.94,-24.78],[26.95,-24.78],[26.96,-24.78],[26.98,-24.78],[26.98,-24.77],[26.98,-24.75],[26.98,-24.74],[26.98,-24.72],[26.99,-24.72],[27.0,-24.72],[27.03,-24.72],[27.03,-24.76],[27.03,-24.77],[27.03,-24.79],[27.03,-24.8],[27.03,-24.81],[27.04,-24.83],[27.04,-24.85],[27.04,-24.86],[27.04,-24.87],[27.04,-24.89],[27.06,-24.89],[27.07,-24.89],[27.09,-24.9],[27.1,-24.9],[27.11,-24.9],[27.13,-24.93],[27.14,-24.94],[27.14,-24.95],[27.15,-24.95],[27.15,-24.98],[27.16,-24.98],[27.16,-24.97],[27.18,-24.95],[27.2,-24.95],[27.23,-24.96],[27.22,-24.98],[27.21,-25.0],[27.21,-25.02],[27.2,-25.03],[27.23,-25.04],[27.23,-25.05],[27.22,-25.07],[27.25,-25.05],[27.27,-25.04],[27.29,-25.04],[27.31,-25.04],[27.32,-25.06],[27.33,-25.07],[27.34,-25.09],[27.35,-25.09],[27.38,-25.08],[27.39,-25.08],[27.42,-25.07],[27.43,-25.08],[27.44,-25.08],[27.48,-25.07],[27.49,-25.07],[27.49,-25.08],[27.5,-25.07],[27.52,-25.08],[27.53,-25.08],[27.53,-25.09],[27.53,-25.1],[27.54,-25.1],[27.55,-25.09],[27.56,-25.09],[27.56,-25.08],[27.57,-25.08],[27.56,-25.08],[27.56,-25.07],[27.57,-25.06],[27.57,-25.05],[27.59,-25.03],[27.59,-25.02],[27.6,-25.01],[27.6,-25.0],[27.6,-24.99],[27.6,-24.98],[27.61,-24.98],[27.63,-24.97],[27.64,-24.98],[27.66,-24.98],[27.68,-24.99],[27.69,-24.99],[27.7,-24.99],[27.71,-24.99],[27.74,-24.98],[27.76,-24.97],[27.77,-24.97],[27.79,-24.97],[27.8,-24.97],[27.82,-24.97],[27.83,-24.97],[27.84,-24.97],[27.84,-24.98],[27.85,-24.98],[27.86,-24.98],[27.87,-24.98],[27.88,-24.99],[27.89,-24.99],[27.9,-24.99],[27.91,-24.99],[27.92,-24.99],[27.95,-25.0],[27.95,-24.98],[27.95,-24.97],[27.98,-24.97],[27.98,-24.96],[27.99,-24.96],[27.99,-24.97],[28.0,-24.97],[28.01,-24.97],[28.02,-24.97],[28.04,-24.99],[28.04,-24.98],[28.08,-24.98],[28.09,-24.98],[28.1,-24.98],[28.11,-24.98],[28.12,-24.98],[28.12,-25.0],[28.13,-25.0],[28.16,-25.02],[28.17,-25.03],[28.19,-25.03],[28.2,-25.03],[28.22,-25.04],[28.23,-25.04],[28.24,-25.04],[28.25,-25.05],[28.26,-25.05],[28.26,-25.06],[28.25,-25.06],[28.25,-25.07],[28.24,-25.07],[28.24,-25.08],[28.24,-25.09],[28.22,-25.11],[28.22,-25.12],[28.21,-25.13],[28.2,-25.13],[28.17,-25.12],[28.18,-25.11],[28.15,-25.09],[28.14,-25.09],[28.13,-25.1],[28.12,-25.1],[28.1,-25.1],[28.08,-25.1],[28.09,-25.15],[28.1,-25.15],[28.11,-25.15],[28.13,-25.15],[28.13,-25.17],[28.13,-25.18],[28.13,-25.19],[28.13,-25.2],[28.14,-25.2],[28.14,-25.21],[28.15,-25.21],[28.16,-25.21],[28.17,-25.21],[28.18,-25.21],[28.19,-25.2],[28.2,-25.2],[28.21,-25.2],[28.22,-25.2],[28.23,-25.2],[28.23,-25.21],[28.24,-25.21],[28.25,-25.21],[28.25,-25.22],[28.25,-25.23],[28.26,-25.23],[28.26,-25.24],[28.26,-25.25],[28.27,-25.25],[28.27,-25.26],[28.28,-25.26],[28.28,-25.27],[28.29,-25.28],[28.3,-25.29],[28.3,-25.31],[28.3,-25.32],[28.3,-25.33],[28.3,-25.34],[28.29,-25.34],[28.28,-25.34],[28.27,-25.35],[28.26,-25.35],[28.25,-25.35],[28.23,-25.35],[28.22,-25.34],[28.21,-25.33],[28.2,-25.32],[28.18,-25.33],[28.18,-25.34],[28.18,-25.36],[28.18,-25.37],[28.17,-25.37],[28.14,-25.37],[28.13,-25.38],[28.11,-25.38],[28.11,-25.37],[28.08,-25.38],[28.08,-25.39],[28.07,-25.39],[28.06,-25.39],[28.06,-25.4],[28.05,-25.4],[28.04,-25.4],[28.03,-25.39],[28.02,-25.38],[28.02,-25.37],[28.01,-25.37],[28.01,-25.36],[28.0,-25.36],[27.99,-25.36],[27.98,-25.36],[27.97,-25.36],[27.97,-25.37],[27.96,-25.38],[27.96,-25.39],[27.95,-25.39],[27.95,-25.4],[27.95,-25.41],[27.95,-25.42],[27.96,-25.42],[27.96,-25.43],[27.97,-25.44],[27.98,-25.44],[27.98,-25.43],[27.99,-25.43],[27.99,-25.42],[27.99,-25.43],[28.0,-25.43],[28.0,-25.44],[28.01,-25.44],[28.01,-25.45],[28.02,-25.46],[28.03,-25.46],[28.04,-25.47],[28.02,-25.48],[28.01,-25.48],[28.01,-25.49],[28.0,-25.49],[28.0,-25.5],[27.99,-25.52],[28.0,-25.52],[28.01,-25.52],[28.01,-25.53],[28.02,-25.53],[28.03,-25.53],[28.04,-25.53],[28.05,-25.53],[28.05,-25.54],[28.05,-25.55],[28.05,-25.56],[28.04,-25.56],[28.03,-25.56],[28.02,-25.55],[28.01,-25.55],[28.0,-25.55],[27.99,-25.55],[27.98,-25.54],[27.98,-25.55],[27.98,-25.56],[27.97,-25.56],[27.97,-25.57],[27.97,-25.58],[27.96,-25.58],[27.96,-25.59],[27.97,-25.6],[27.97,-25.61],[27.98,-25.61],[27.98,-25.62],[27.98,-25.63],[27.97,-25.63],[27.96,-25.63],[27.97,-25.64],[27.97,-25.65],[27.96,-25.65],[27.96,-25.64],[27.96,-25.65],[27.95,-25.65],[27.95,-25.66],[27.95,-25.67],[27.95,-25.68],[27.96,-25.69],[27.95,-25.69],[27.95,-25.7],[27.96,-25.71],[27.96,-25.72],[27.97,-25.73],[27.97,-25.74],[27.98,-25.74],[27.98,-25.75],[27.97,-25.76],[27.96,-25.76],[27.95,-25.76],[27.95,-25.77],[27.95,-25.78],[27.95,-25.79],[27.96,-25.79],[27.96,-25.8],[27.96,-25.82],[27.95,-25.82],[27.94,-25.82],[27.93,-25.82],[27.93,-25.83],[27.94,-25.83],[27.94,-25.84],[27.9,-25.84],[27.9,-25.85],[27.9,-25.86],[27.89,-25.86],[27.88,-25.86],[27.88,-25.85],[27.88,-25.84],[27.89,-25.84],[27.89,-25.83],[27.89,-25.82],[27.88,-25.82],[27.87,-25.82],[27.86,-25.82],[27.85,-25.83],[27.85,-25.84],[27.85,-25.85],[27.84,-25.85],[27.83,-25.86],[27.81,-25.87],[27.79,-25.87],[27.78,-25.88],[27.76,-25.89],[27.74,-25.89],[27.74,-25.86],[27.74,-25.85],[27.74,-25.86],[27.73,-25.86],[27.72,-25.86],[27.71,-25.86],[27.71,-25.87],[27.7,-25.87],[27.69,-25.87],[27.68,-25.88],[27.68,-25.87],[27.68,-25.86],[27.67,-25.86],[27.67,-25.85],[27.66,-25.84],[27.66,-25.85],[27.65,-25.85],[27.65,-25.84],[27.65,-25.83],[27.65,-25.82],[27.64,-25.81],[27.65,-25.81],[27.64,-25.8],[27.63,-25.8],[27.62,-25.8],[27.61,-25.81],[27.6,-25.81],[27.6,-25.82],[27.59,-25.82],[27.59,-25.83],[27.58,-25.83],[27.57,-25.84],[27.56,-25.84],[27.55,-25.84],[27.55,-25.85],[27.54,-25.85],[27.53,-25.85],[27.51,-25.86],[27.5,-25.86],[27.49,-25.86],[27.48,-25.86],[27.47,-25.87],[27.46,-25.87],[27.47,-25.88],[27.47,-25.89],[27.46,-25.89],[27.46,-25.9],[27.46,-25.91],[27.46,-25.92],[27.45,-25.92],[27.45,-25.94],[27.45,-25.95],[27.46,-25.95],[27.46,-25.96],[27.46,-25.97],[27.46,-25.98],[27.45,-26.0],[27.45,-26.01],[27.45,-26.02],[27.44,-26.02],[27.44,-26.01],[27.44,-26.02],[27.43,-26.02],[27.43,-26.03],[27.44,-26.03],[27.43,-26.03],[27.43,-26.04],[27.43,-26.05],[27.43,-26.06],[27.43,-26.07],[27.43,-26.08],[27.43,-26.09],[27.42,-26.09],[27.42,-26.1],[27.42,-26.11],[27.42,-26.12],[27.4,-26.12],[27.39,-26.12],[27.38,-26.12],[27.36,-26.12],[27.36,-26.11],[27.35,-26.11],[27.34,-26.11],[27.34,-26.1],[27.33,-26.1],[27.31,-26.1],[27.3,-26.1],[27.29,-26.1],[27.28,-26.1],[27.27,-26.09],[27.25,-26.09],[27.24,-26.09],[27.22,-26.09],[27.22,-26.08],[27.21,-26.08],[27.2,-26.08],[27.17,-26.08],[27.17,-26.09],[27.16,-26.1],[27.14,-26.1],[27.13,-26.1],[27.12,-26.1],[27.11,-26.1],[27.1,-26.1],[27.09,-26.1],[27.09,-26.11],[27.09,-26.14],[27.06,-26.14],[27.07,-26.13],[27.08,-26.1],[27.07,-26.1],[27.04,-26.13],[27.05,-26.13],[27.05,-26.11],[27.05,-26.1],[27.03,-26.09],[27.02,-26.08],[27.01,-26.08],[27.0,-26.07],[26.99,-26.07],[26.97,-26.07],[26.98,-26.06],[26.97,-26.05],[26.96,-26.05],[26.96,-26.04],[26.95,-26.04],[26.93,-26.03],[26.93,-26.05],[26.92,-26.05],[26.92,-26.07],[26.91,-26.07],[26.9,-26.07],[26.88,-26.06],[26.87,-26.06],[26.87,-26.07],[26.86,-26.07],[26.86,-26.06],[26.85,-26.06],[26.81,-26.08],[26.8,-26.08],[26.8,-26.07],[26.79,-26.04],[26.78,-26.03],[26.78,-26.02],[26.77,-26.01],[26.77,-26.0],[26.76,-25.99],[26.77,-25.98],[26.77,-25.96],[26.77,-25.95],[26.76,-25.94],[26.76,-25.93],[26.75,-25.93],[26.74,-25.93],[26.71,-25.92],[26.7,-25.93],[26.7,-25.92],[26.69,-25.91],[26.68,-25.9],[26.67,-25.89],[26.66,-25.88],[26.66,-25.87],[26.65,-25.87],[26.64,-25.87],[26.64,-25.86],[26.64,-25.85],[26.64,-25.84],[26.64,-25.83],[26.63,-25.83],[26.63,-25.82],[26.62,-25.82],[26.62,-25.81],[26.6,-25.8],[26.59,-25.79],[26.58,-25.78],[26.57,-25.79],[26.57,-25.78],[26.56,-25.78],[26.54,-25.77],[26.53,-25.76],[26.52,-25.76],[26.51,-25.76],[26.5,-25.75],[26.49,-25.75],[26.46,-25.75],[26.46,-25.74],[26.47,-25.73],[26.48,-25.72],[26.48,-25.71],[26.48,-25.7],[26.48,-25.69],[26.48,-25.68],[26.49,-25.68],[26.5,-25.68],[26.51,-25.67],[26.51,-25.66],[26.51,-25.65],[26.51,-25.64],[26.51,-25.63],[26.51,-25.62],[26.51,-25.6],[26.5,-25.6],[26.49,-25.6],[26.48,-25.6],[26.5,-25.56],[26.51,-25.58],[26.51,-25.54],[26.51,-25.53],[26.51,-25.5],[26.5,-25.5],[26.47,-25.49],[26.46,-25.49],[26.45,-25.5],[26.44,-25.51],[26.43,-25.51],[26.43,-25.5],[26.42,-25.49],[26.42,-25.48],[26.42,-25.46],[26.42,-25.45],[26.43,-25.45],[26.43,-25.44],[26.43,-25.43],[26.43,-25.42],[26.43,-25.41],[26.43,-25.4],[26.44,-25.39],[26.44,-25.38],[26.45,-25.37],[26.45,-25.36],[26.44,-25.35],[26.44,-25.34],[26.45,-25.34],[26.46,-25.34],[26.46,-25.33],[26.46,-25.32],[26.46,-25.31],[26.47,-25.31],[26.47,-25.3],[26.47,-25.29],[26.41,-25.29],[26.4,-25.29],[26.41,-25.29],[26.41,-25.28],[26.4,-25.28],[26.41,-25.28],[26.4,-25.28],[26.41,-25.28],[26.41,-25.27],[26.41,-25.26],[26.41,-25.27],[26.41,-25.26],[26.41,-25.25],[26.41,-25.24],[26.42,-25.24],[26.42,-25.23],[26.41,-25.23],[26.41,-25.22],[26.4,-25.22],[26.4,-25.21],[26.41,-25.21],[26.41,-25.22],[26.41,-25.21],[26.4,-25.21],[26.41,-25.21],[26.41,-25.2],[26.41,-25.21],[26.42,-25.21],[26.42,-25.2],[26.41,-25.2],[26.42,-25.2],[26.42,-25.19],[26.42,-25.18],[26.42,-25.16],[26.42,-25.15],[26.42,-25.14],[26.42,-25.13],[26.41,-25.1],[26.41,-25.08],[26.41,-25.09],[26.39,-25.07],[26.38,-25.06]]]]},"properties":{"name":"Bojanala Platinum District"}},{"type":"Feature","geometry":{"type":"MultiPolygon","coordinates":[[[[27.16,-32.84],[27.16,-32.83],[27.17,-32.83],[27.17,-32.82],[27.18,-32.82],[27.17,-32.81],[27.18,-32.81],[27.18,-32.8],[27.19,-32.8],[27.2,-32.8],[27.21,-32.79],[27.22,-32.79],[27.22,-32.78],[27.22,-32.77],[27.21,-32.77],[27.23,-32.76],[27.24,-32.75],[27.24,-32.74],[27.23,-32.73],[27.23,-32.72],[27.23,-32.71],[27.25,-32.7],[27.26,-32.69],[27.27,-32.69],[27.28,-32.68],[27.29,-32.68],[27.3,-32.68],[27.31,-32.68],[27.31,-32.67],[27.32,-32.68],[27.33,-32.67],[27.34,-32.67],[27.35,-32.67],[27.37,-32.68],[27.38,-32.68],[27.39,-32.68],[27.38,-32.69],[27.37,-32.7],[27.38,-32.72],[27.35,-32.71],[27.34,-32.72],[27.35,-32.72],[27.34,-32.72],[27.34,-32.73],[27.33,-32.73],[27.34,-32.73],[27.33,-32.73],[27.33,-32.74],[27.33,-32.75],[27.33,-32.76],[27.34,-32.76],[27.33,-32.76],[27.33,-32.77],[27.33,-32.78],[27.33,-32.79],[27.32,-32.79],[27.33,-32.79],[27.34,-32.79],[27.34,-32.8],[27.34,-32.81],[27.35,-32.81],[27.35,-32.82],[27.36,-32.83],[27.37,-32.84],[27.38,-32.84],[27.38,-32.83],[27.39,-32.83],[27.39,-32.82],[27.39,-32.81],[27.38,-32.81],[27.39,-32.8],[27.4,-32.8],[27.41,-32.8],[27.42,-32.8],[27.43,-32.81],[27.44,-32.81],[27.45,-32.81],[27.45,-32.8],[27.46,-32.8],[27.46,-32.78],[27.46,-32.77],[27.47,-32.77],[27.48,-32.77],[27.48,-32.76],[27.49,-32.76],[27.49,-32.75],[27.49,-32.74],[27.5,-32.74],[27.5,-32.73],[27.51,-32.73],[27.51,-32.72],[27.52,-32.72],[27.54,-32.72],[27.55,-32.73],[27.54,-32.74],[27.53,-32.74],[27.52,-32.75],[27.53,-32.77],[27.54,-32.79],[27.54,-32.8],[27.55,-32.8],[27.55,-32.79],[27.55,-32.8],[27.56,-32.8],[27.57,-32.8],[27.56,-32.8],[27.57,-32.8],[27.58,-32.8],[27.58,-32.81],[27.59,-32.81],[27.6,-32.81],[27.61,-32.81],[27.61,-32.82],[27.6,-32.82],[27.61,-32.82],[27.62,-32.82],[27.63,-32.82],[27.63,-32.81],[27.63,-32.82],[27.64,-32.82],[27.64,-32.81],[27.64,-32.82],[27.64,-32.81],[27.65,-32.81],[27.65,-32.82],[27.65,-32.83],[27.66,-32.83],[27.65,-32.83],[27.65,-32.84],[27.66,-32.84],[27.67,-32.84],[27.67,-32.83],[27.66,-32.83],[27.66,-32.84],[27.66,-32.83],[27.66,-32.84],[27.66,-32.83],[27.67,-32.83],[27.68,-32.83],[27.69,-32.82],[27.7,-32.82],[27.71,-32.81],[27.72,-32.81],[27.72,-32.8],[27.71,-32.79],[27.71,-32.78],[27.72,-32.78],[27.73,-32.78],[27.74,-32.78],[27.75,-32.78],[27.76,-32.78],[27.77,-32.78],[27.77,-32.77],[27.78,-32.77],[27.78,-32.76],[27.79,-32.76],[27.79,-32.75],[27.78,-32.75],[27.79,-32.75],[27.8,-32.75],[27.79,-32.75],[27.8,-32.75],[27.79,-32.75],[27.8,-32.75],[27.8,-32.76],[27.81,-32.76],[27.82,-32.76],[27.82,-32.77],[27.81,-32.77],[27.81,-32.78],[27.82,-32.78],[27.83,-32.78],[27.83,-32.79],[27.82,-32.79],[27.82,-32.8],[27.82,-32.81],[27.83,-32.81],[27.83,-32.82],[27.83,-32.81],[27.84,-32.81],[27.84,-32.8],[27.85,-32.8],[27.84,-32.8],[27.84,-32.79],[27.85,-32.79],[27.86,-32.8],[27.86,-32.79],[27.87,-32.79],[27.88,-32.79],[27.89,-32.77],[27.9,-32.77],[27.9,-32.76],[27.91,-32.76],[27.92,-32.75],[27.93,-32.74],[27.94,-32.74],[27.95,-32.74],[27.95,-32.75],[27.94,-32.76],[27.93,-32.77],[27.93,-32.78],[27.94,-32.79],[27.95,-32.8],[27.95,-32.81],[27.96,-32.82],[27.96,-32.83],[27.97,-32.83],[27.98,-32.83],[27.98,-32.84],[27.98,-32.85],[27.99,-32.85],[27.99,-32.86],[28.0,-32.86],[28.01,-32.86],[28.01,-32.87],[28.02,-32.88],[28.03,-32.88],[28.03,-32.89],[28.04,-32.89],[28.04,-32.88],[28.05,-32.88],[28.05,-32.89],[28.06,-32.89],[28.07,-32.89],[28.07,-32.9],[28.06,-32.9],[28.07,-32.9],[28.07,-32.91],[28.08,-32.91],[28.07,-32.91],[28.07,-32.92],[28.06,-32.92],[28.05,-32.92],[28.05,-32.93],[28.04,-32.93],[28.03,-32.93],[28.03,-32.94],[28.04,-32.94],[28.03,-32.94],[28.03,-32.95],[28.02,-32.95],[28.01,-32.95],[28.01,-32.96],[28.0,-32.96],[27.99,-32.96],[27.99,-32.97],[27.98,-32.97],[27.97,-32.97],[27.97,-32.98],[27.96,-32.98],[27.96,-32.99],[27.95,-32.99],[27.95,-33.0],[27.94,-33.0],[27.93,-33.0],[27.93,-33.01],[27.92,-33.01],[27.92,-33.02],[27.92,-33.03],[27.93,-33.03],[27.92,-33.03],[27.91,-33.03],[27.91,-33.04],[27.9,-33.04],[27.89,-33.04],[27.89,-33.05],[27.89,-33.04],[27.89,-33.05],[27.88,-33.05],[27.87,-33.05],[27.87,-33.06],[27.86,-33.06],[27.85,-33.06],[27.85,-33.07],[27.84,-33.07],[27.83,-33.07],[27.83,-33.08],[27.82,-33.08],[27.83,-33.08],[27.82,-33.08],[27.83,-33.08],[27.83,-33.09],[27.82,-33.09],[27.81,-33.09],[27.8,-33.09],[27.8,-33.1],[27.79,-33.1],[27.78,-33.1],[27.77,-33.1],[27.76,-33.1],[27.76,-33.11],[27.75,-33.11],[27.74,-33.12],[27.73,-33.12],[27.73,-33.13],[27.72,-33.13],[27.72,-33.14],[27.71,-33.14],[27.72,-33.14],[27.71,-33.14],[27.7,-33.14],[27.7,-33.15],[27.7,-33.16],[27.69,-33.16],[27.68,-33.16],[27.68,-33.17],[27.67,-33.17],[27.66,-33.17],[27.66,-33.18],[27.65,-33.18],[27.65,-33.19],[27.64,-33.19],[27.65,-33.19],[27.64,-33.19],[27.64,-33.2],[27.63,-33.2],[27.62,-33.2],[27.62,-33.21],[27.61,-33.21],[27.61,-33.22],[27.6,-33.22],[27.59,-33.22],[27.59,-33.23],[27.58,-33.23],[27.58,-33.24],[27.57,-33.24],[27.56,-33.24],[27.56,-33.25],[27.55,-33.25],[27.54,-33.25],[27.53,-33.25],[27.53,-33.26],[27.52,-33.26],[27.52,-33.27],[27.51,-33.27],[27.51,-33.28],[27.5,-33.28],[27.49,-33.28],[27.48,-33.28],[27.48,-33.27],[27.48,-33.28],[27.47,-33.28],[27.48,-33.28],[27.47,-33.28],[27.47,-33.29],[27.47,-33.28],[27.46,-33.28],[27.46,-33.27],[27.46,-33.26],[27.45,-33.26],[27.44,-33.26],[27.44,-33.25],[27.44,-33.24],[27.43,-33.24],[27.42,-33.24],[27.41,-33.24],[27.41,-33.23],[27.42,-33.23],[27.42,-33.22],[27.43,-33.22],[27.43,-33.21],[27.43,-33.2],[27.43,-33.19],[27.42,-33.19],[27.41,-33.19],[27.4,-33.19],[27.4,-33.18],[27.39,-33.18],[27.39,-33.19],[27.38,-33.19],[27.38,-33.18],[27.37,-33.18],[27.38,-33.18],[27.38,-33.17],[27.38,-33.16],[27.39,-33.16],[27.39,-33.15],[27.38,-33.15],[27.37,-33.15],[27.38,-33.15],[27.39,-33.14],[27.39,-33.13],[27.4,-33.13],[27.41,-33.13],[27.42,-33.13],[27.44,-33.13],[27.45,-33.13],[27.46,-33.12],[27.46,-33.11],[27.45,-33.11],[27.45,-33.1],[27.44,-33.09],[27.44,-33.08],[27.44,-33.07],[27.45,-33.07],[27.44,-33.07],[27.44,-33.06],[27.44,-33.05],[27.45,-33.05],[27.46,-33.05],[27.46,-33.04],[27.47,-33.04],[27.48,-33.03],[27.49,-33.02],[27.5,-33.01],[27.5,-33.0],[27.5,-32.99],[27.49,-32.99],[27.48,-32.99],[27.48,-33.0],[27.47,-33.0],[27.47,-32.99],[27.46,-32.99],[27.45,-32.99],[27.44,-32.99],[27.43,-33.0],[27.42,-33.01],[27.41,-33.0],[27.4,-32.98],[27.39,-32.97],[27.38,-32.97],[27.37,-32.97],[27.37,-32.96],[27.37,-32.95],[27.38,-32.95],[27.38,-32.94],[27.39,-32.94],[27.39,-32.93],[27.4,-32.93],[27.4,-32.94],[27.41,-32.94],[27.42,-32.94],[27.42,-32.93],[27.42,-32.92],[27.41,-32.92],[27.41,-32.93],[27.4,-32.93],[27.4,-32.92],[27.4,-32.93],[27.39,-32.93],[27.39,-32.92],[27.39,-32.91],[27.39,-32.92],[27.38,-32.92],[27.37,-32.92],[27.36,-32.92],[27.36,-32.91],[27.35,-32.91],[27.35,-32.92],[27.34,-32.92],[27.34,-32.91],[27.34,-32.92],[27.34,-32.91],[27.33,-32.91],[27.33,-32.92],[27.33,-32.93],[27.32,-32.93],[27.32,-32.92],[27.31,-32.92],[27.31,-32.93],[27.3,-32.93],[27.3,-32.92],[27.3,-32.93],[27.3,-32.92],[27.29,-32.92],[27.29,-32.93],[27.28,-32.93],[27.29,-32.93],[27.28,-32.93],[27.27,-32.93],[27.27,-32.92],[27.26,-32.92],[27.25,-32.92],[27.24,-32.92],[27.23,-32.92],[27.24,-32.92],[27.24,-32.91],[27.23,-32.91],[27.23,-32.9],[27.22,-32.9],[27.22,-32.89],[27.23,-32.89],[27.23,-32.88],[27.22,-32.88],[27.22,-32.89],[27.22,-32.88],[27.22,-32.87],[27.23,-32.87],[27.23,-32.86],[27.23,-32.85],[27.22,-32.85],[27.21,-32.85],[27.2,-32.85],[27.2,-32.84],[27.19,-32.84],[27.18,-32.84],[27.17,-32.84],[27.16,-32.84]]]]},"properties":{"name":"Buffalo City Metropolitan"}},{"type":"Feature","geometry":{"type":"MultiPolygon","coordinates":[[[[18.71,-33.92],[18.71,-33.91],[18.72,-33.9],[18.72,-33.91],[18.72,-33.9],[18.73,-33.89],[18.74,-33.89],[18.75,-33.89],[18.75,-33.88],[18.75,-33.87],[18.75,-33.86],[18.75,-33.85],[18.75,-33.84],[18.75,-33.83],[18.76,-33.83],[18.77,-33.83],[18.77,-33.82],[18.78,-33.82],[18.79,-33.82],[18.79,-33.81],[18.79,-33.8],[18.78,-33.8],[18.79,-33.8],[18.8,-33.8],[18.81,-33.78],[18.8,-33.78],[18.8,-33.77],[18.79,-33.77],[18.8,-33.76],[18.81,-33.76],[18.81,-33.75],[18.81,-33.74],[18.83,-33.74],[18.83,-33.73],[18.82,-33.73],[18.82,-33.72],[18.82,-33.71],[18.81,-33.71],[18.8,-33.71],[18.79,-33.71],[18.8,-33.7],[18.8,-33.69],[18.79,-33.68],[18.8,-33.67],[18.81,-33.67],[18.81,-33.66],[18.81,-33.65],[18.82,-33.65],[18.82,-33.64],[18.81,-33.64],[18.8,-33.64],[18.79,-33.64],[18.79,-33.63],[18.8,-33.63],[18.8,-33.62],[18.81,-33.61],[18.82,-33.6],[18.83,-33.6],[18.84,-33.6],[18.84,-33.59],[18.84,-33.58],[18.85,-33.57],[18.86,-33.57],[18.86,-33.58],[18.88,-33.57],[18.89,-33.57],[18.9,-33.57],[18.9,-33.56],[18.9,-33.55],[18.91,-33.55],[18.93,-33.55],[18.94,-33.55],[18.94,-33.54],[18.93,-33.53],[18.93,-33.52],[18.94,-33.52],[18.94,-33.51],[18.94,-33.5],[18.94,-33.49],[18.93,-33.49],[18.94,-33.49],[18.94,-33.48],[18.94,-33.47],[18.95,-33.46],[18.95,-33.45],[18.96,-33.45],[18.96,-33.44],[18.96,-33.43],[18.97,-33.43],[18.97,-33.42],[18.97,-33.41],[18.98,-33.41],[18.97,-33.41],[18.98,-33.41],[18.98,-33.4],[18.99,-33.4],[18.99,-33.39],[18.99,-33.38],[18.98,-33.38],[18.99,-33.38],[18.99,-33.37],[18.99,-33.36],[18.99,-33.35],[18.98,-33.35],[18.98,-33.34],[18.99,-33.34],[18.99,-33.33],[18.98,-33.33],[18.98,-33.32],[18.98,-33.31],[18.99,-33.31],[19.0,-33.31],[18.99,-33.31],[18.99,-33.3],[18.98,-33.3],[18.98,-33.29],[18.97,-33.29],[18.98,-33.28],[18.97,-33.28],[18.97,-33.27],[18.96,-33.27],[18.95,-33.27],[18.95,-33.26],[18.95,-33.25],[18.95,-33.26],[18.95,-33.25],[18.95,-33.24],[18.95,-33.23],[18.96,-33.23],[18.96,-33.22],[18.95,-33.22],[18.95,-33.21],[18.94,-33.21],[18.95,-33.21],[18.95,-33.2],[18.94,-33.2],[18.93,-33.2],[18.94,-33.2],[18.94,-33.19],[18.96,-33.19],[18.96,-33.18],[18.96,-33.17],[18.97,-33.16],[18.98,-33.15],[18.99,-33.15],[19.0,-33.15],[19.01,-33.15],[19.01,-33.14],[19.02,-33.14],[19.03,-33.14],[19.04,-33.14],[19.05,-33.14],[19.06,-33.14],[19.06,-33.13],[19.07,-33.13],[19.08,-33.12],[19.09,-33.11],[19.15,-33.11],[19.17,-33.09],[19.18,-33.06],[19.17,-33.04],[19.15,-32.98],[19.19,-32.87],[19.19,-32.85],[19.18,-32.83],[19.18,-32.81],[19.17,-32.8],[19.17,-32.74],[19.21,-32.73],[19.21,-32.72],[19.2,-32.71],[19.19,-32.68],[19.18,-32.67],[19.17,-32.67],[19.17,-32.66],[19.16,-32.65],[19.16,-32.64],[19.14,-32.62],[19.14,-32.6],[19.15,-32.61],[19.16,-32.6],[19.15,-32.59],[19.15,-32.58],[19.16,-32.57],[19.17,-32.57],[19.2,-32.58],[19.22,-32.57],[19.26,-32.59],[19.28,-32.58],[19.32,-32.57],[19.34,-32.58],[19.36,-32.62],[19.37,-32.61],[19.38,-32.61],[19.39,-32.61],[19.4,-32.61],[19.42,-32.62],[19.44,-32.63],[19.44,-32.64],[19.45,-32.63],[19.45,-32.61],[19.46,-32.61],[19.47,-32.6],[19.48,-32.6],[19.48,-32.58],[19.49,-32.57],[19.49,-32.58],[19.5,-32.61],[19.51,-32.64],[19.53,-32.67],[19.55,-32.67],[19.55,-32.66],[19.56,-32.66],[19.57,-32.66],[19.58,-32.65],[19.59,-32.65],[19.59,-32.64],[19.6,-32.64],[19.6,-32.63],[19.61,-32.63],[19.61,-32.62],[19.61,-32.61],[19.61,-32.6],[19.61,-32.59],[19.61,-32.58],[19.61,-32.57],[19.61,-32.56],[19.61,-32.55],[19.61,-32.54],[19.61,-32.53],[19.62,-32.52],[19.62,-32.51],[19.63,-32.5],[19.62,-32.49],[19.62,-32.48],[19.62,-32.47],[19.65,-32.44],[19.67,-32.45],[19.68,-32.46],[19.7,-32.45],[19.73,-32.44],[19.71,-32.42],[19.73,-32.41],[19.74,-32.39],[19.76,-32.41],[19.77,-32.41],[19.78,-32.41],[19.78,-32.4],[19.79,-32.4],[19.8,-32.4],[19.8,-32.39],[19.82,-32.36],[19.85,-32.37],[19.87,-32.38],[19.93,-32.38],[19.94,-32.38],[19.97,-32.35],[19.98,-32.34],[19.99,-32.34],[20.0,-32.33],[20.01,-32.33],[20.04,-32.3],[20.05,-32.25],[20.09,-32.25],[20.1,-32.25],[20.1,-32.24],[20.11,-32.24],[20.11,-32.23],[20.11,-32.22],[20.11,-32.21],[20.12,-32.21],[20.12,-32.2],[20.13,-32.2],[20.13,-32.19],[20.14,-32.19],[20.15,-32.19],[20.18,-32.18],[20.17,-32.23],[20.2,-32.23],[20.24,-32.22],[20.25,-32.25],[20.25,-32.26],[20.25,-32.28],[20.25,-32.29],[20.25,-32.31],[20.24,-32.31],[20.23,-32.31],[20.22,-32.3],[20.2,-32.32],[20.18,-32.34],[20.16,-32.35],[20.17,-32.38],[20.16,-32.39],[20.15,-32.4],[20.13,-32.42],[20.11,-32.41],[20.08,-32.4],[20.08,-32.42],[20.09,-32.43],[20.09,-32.44],[20.09,-32.45],[20.09,-32.46],[20.09,-32.47],[20.1,-32.48],[20.1,-32.49],[20.1,-32.5],[20.1,-32.51],[20.1,-32.52],[20.11,-32.52],[20.11,-32.53],[20.11,-32.54],[20.12,-32.54],[20.12,-32.55],[20.12,-32.56],[20.12,-32.57],[20.11,-32.57],[20.12,-32.58],[20.12,-32.59],[20.13,-32.59],[20.13,-32.6],[20.13,-32.61],[20.14,-32.61],[20.14,-32.62],[20.14,-32.63],[20.14,-32.64],[20.14,-32.65],[20.15,-32.65],[20.16,-32.65],[20.16,-32.66],[20.17,-32.66],[20.18,-32.67],[20.19,-32.68],[20.19,-32.69],[20.19,-32.7],[20.19,-32.71],[20.19,-32.72],[20.19,-32.73],[20.19,-32.74],[20.19,-32.75],[20.19,-32.76],[20.2,-32.76],[20.2,-32.77],[20.21,-32.77],[20.21,-32.78],[20.22,-32.78],[20.22,-32.79],[20.23,-32.79],[20.24,-32.79],[20.25,-32.8],[20.26,-32.8],[20.27,-32.8],[20.28,-32.8],[20.29,-32.8],[20.3,-32.8],[20.3,-32.81],[20.31,-32.81],[20.31,-32.82],[20.32,-32.83],[20.33,-32.84],[20.33,-32.85],[20.34,-32.85],[20.34,-32.86],[20.35,-32.86],[20.36,-32.86],[20.36,-32.87],[20.36,-32.88],[20.36,-32.89],[20.36,-32.9],[20.36,-32.91],[20.37,-32.91],[20.38,-32.9],[20.39,-32.91],[20.4,-32.91],[20.4,-32.92],[20.41,-32.92],[20.42,-32.93],[20.43,-32.93],[20.43,-32.94],[20.44,-32.94],[20.44,-32.95],[20.44,-32.96],[20.44,-32.97],[20.43,-32.97],[20.43,-32.98],[20.39,-32.99],[20.39,-33.02],[20.38,-33.04],[20.35,-33.04],[20.34,-33.04],[20.33,-33.04],[20.32,-33.05],[20.3,-33.07],[20.28,-33.06],[20.32,-33.12],[20.31,-33.13],[20.31,-33.16],[20.25,-33.15],[20.23,-33.16],[20.2,-33.17],[20.22,-33.17],[20.26,-33.19],[20.25,-33.2],[20.25,-33.21],[20.24,-33.24],[20.25,-33.25],[20.24,-33.26],[20.25,-33.29],[20.2,-33.3],[20.24,-33.31],[20.22,-33.35],[20.21,-33.38],[20.22,-33.38],[20.25,-33.38],[20.27,-33.37],[20.3,-33.37],[20.32,-33.37],[20.37,-33.37],[20.37,-33.38],[20.36,-33.38],[20.35,-33.39],[20.35,-33.4],[20.34,-33.43],[20.35,-33.43],[20.39,-33.42],[20.41,-33.43],[20.42,-33.44],[20.43,-33.45],[20.42,-33.45],[20.39,-33.46],[20.34,-33.49],[20.36,-33.48],[20.39,-33.48],[20.43,-33.48],[20.46,-33.47],[20.48,-33.47],[20.5,-33.46],[20.5,-33.5],[20.48,-33.51],[20.48,-33.53],[20.55,-33.52],[20.55,-33.53],[20.58,-33.53],[20.57,-33.54],[20.56,-33.56],[20.53,-33.6],[20.5,-33.64],[20.54,-33.66],[20.5,-33.68],[20.47,-33.68],[20.47,-33.7],[20.47,-33.73],[20.46,-33.76],[20.45,-33.77],[20.48,-33.79],[20.49,-33.79],[20.5,-33.8],[20.51,-33.8],[20.48,-33.82],[20.47,-33.82],[20.47,-33.81],[20.45,-33.81],[20.44,-33.81],[20.43,-33.81],[20.44,-33.82],[20.44,-33.83],[20.44,-33.84],[20.44,-33.86],[20.45,-33.86],[20.45,-33.87],[20.46,-33.88],[20.47,-33.88],[20.47,-33.89],[20.47,-33.9],[20.46,-33.91],[20.45,-33.92],[20.45,-33.93],[20.44,-33.94],[20.44,-33.96],[20.39,-33.95],[20.32,-33.95],[20.24,-33.9],[20.23,-33.9],[20.22,-33.91],[20.23,-33.91],[20.23,-33.92],[20.25,-33.93],[20.25,-33.94],[20.26,-33.94],[20.27,-33.95],[20.28,-33.96],[20.28,-33.95],[20.29,-33.96],[20.3,-33.96],[20.3,-33.97],[20.31,-33.97],[20.32,-33.97],[20.33,-33.97],[20.32,-33.98],[20.32,-33.99],[20.32,-34.0],[20.31,-34.0],[20.31,-34.01],[20.3,-34.01],[20.3,-34.02],[20.31,-34.03],[20.3,-34.04],[20.29,-34.04],[20.28,-34.04],[20.28,-34.05],[20.29,-34.05],[20.3,-34.06],[20.29,-34.06],[20.29,-34.07],[20.29,-34.08],[20.3,-34.08],[20.31,-34.08],[20.29,-34.09],[20.28,-34.09],[20.27,-34.09],[20.27,-34.11],[20.25,-34.11],[20.25,-34.12],[20.22,-34.11],[20.22,-34.1],[20.23,-34.1],[20.2,-34.09],[20.2,-34.1],[20.19,-34.1],[20.18,-34.09],[20.16,-34.09],[20.15,-34.09],[20.14,-34.09],[20.14,-34.08],[20.15,-34.08],[20.17,-34.08],[20.18,-34.08],[20.2,-34.08],[20.2,-34.07],[20.2,-34.06],[20.2,-34.05],[20.19,-34.05],[20.2,-34.04],[20.19,-34.04],[20.18,-34.03],[20.17,-34.04],[20.16,-34.04],[20.15,-34.04],[20.15,-34.05],[20.14,-34.06],[20.13,-34.06],[20.12,-34.06],[20.11,-34.06],[20.09,-34.06],[20.08,-34.06],[20.06,-34.06],[20.05,-34.06],[20.03,-34.06],[20.01,-34.06],[20.01,-34.09],[20.0,-34.09],[19.99,-34.09],[19.99,-34.08],[19.94,-34.08],[19.91,-34.08],[19.89,-34.07],[19.85,-34.06],[19.81,-34.06],[19.76,-34.05],[19.73,-34.04],[19.71,-34.05],[19.7,-34.05],[19.68,-34.01],[19.64,-34.0],[19.61,-34.01],[19.59,-34.01],[19.58,-34.01],[19.57,-34.0],[19.53,-33.97],[19.51,-33.97],[19.49,-33.98],[19.46,-34.0],[19.43,-33.99],[19.4,-33.99],[19.39,-33.98],[19.37,-33.97],[19.36,-33.97],[19.36,-33.96],[19.35,-33.96],[19.34,-33.96],[19.33,-33.95],[19.32,-33.95],[19.31,-33.94],[19.31,-33.93],[19.31,-33.91],[19.3,-33.89],[19.28,-33.88],[19.27,-33.88],[19.26,-33.88],[19.27,-33.9],[19.24,-33.9],[19.21,-33.95],[19.19,-33.95],[19.18,-33.96],[19.17,-33.97],[19.16,-33.97],[19.16,-33.96],[19.15,-33.96],[19.13,-33.96],[19.1,-33.98],[19.07,-33.99],[19.04,-34.01],[19.03,-34.02],[19.0,-34.03],[18.99,-34.04],[18.98,-34.04],[18.97,-34.02],[18.96,-34.02],[18.96,-34.01],[18.95,-34.01],[18.94,-34.01],[18.94,-34.0],[18.93,-34.0],[18.92,-34.0],[18.92,-34.01],[18.92,-34.02],[18.91,-34.02],[18.9,-34.02],[18.9,-34.03],[18.89,-34.03],[18.88,-34.03],[18.87,-34.03],[18.86,-34.03],[18.86,-34.04],[18.85,-34.04],[18.84,-34.05],[18.83,-34.05],[18.83,-34.04],[18.82,-34.04],[18.81,-34.05],[18.82,-34.05],[18.81,-34.05],[18.82,-34.05],[18.82,-34.06],[18.81,-34.06],[18.81,-34.05],[18.8,-34.05],[18.79,-34.05],[18.78,-34.05],[18.77,-34.05],[18.77,-34.04],[18.76,-34.04],[18.76,-34.03],[18.75,-34.03],[18.74,-34.02],[18.74,-34.01],[18.75,-34.01],[18.75,-34.0],[18.74,-34.0],[18.74,-33.99],[18.75,-33.99],[18.74,-33.98],[18.73,-33.97],[18.73,-33.96],[18.73,-33.95],[18.74,-33.95],[18.74,-33.94],[18.74,-33.93],[18.73,-33.93],[18.73,-33.92],[18.72,-33.93],[18.72,-33.92],[18.71,-33.92]]]]},"properties":{"name":"Cape Winelands District"}},{"type":"Feature","geometry":{"type":"MultiPolygon","coordinates":[[[[28.1,-22.81],[28.1,-22.8],[28.11,-22.8],[28.11,-22.79],[28.12,-22.79],[28.12,-22.78],[28.13,-22.78],[28.14,-22.78],[28.15,-22.77],[28.15,-22.76],[28.16,-22.76],[28.16,-22.75],[28.16,-22.74],[28.16,-22.73],[28.16,-22.72],[28.16,-22.71],[28.17,-22.71],[28.17,-22.7],[28.18,-22.7],[28.18,-22.69],[28.19,-22.69],[28.19,-22.68],[28.2,-22.68],[28.2,-22.67],[28.21,-22.67],[28.21,-22.66],[28.22,-22.66],[28.23,-22.66],[28.24,-22.66],[28.25,-22.66],[28.25,-22.65],[28.26,-22.65],[28.26,-22.64],[28.27,-22.64],[28.27,-22.63],[28.27,-22.62],[28.28,-22.62],[28.28,-22.61],[28.29,-22.61],[28.3,-22.61],[28.31,-22.61],[28.31,-22.6],[28.32,-22.6],[28.33,-22.6],[28.33,-22.59],[28.34,-22.59],[28.34,-22.58],[28.34,-22.57],[28.35,-22.57],[28.36,-22.57],[28.37,-22.57],[28.38,-22.57],[28.39,-22.57],[28.4,-22.57],[28.41,-22.57],[28.42,-22.57],[28.43,-22.57],[28.44,-22.57],[28.45,-22.57],[28.46,-22.57],[28.47,-22.57],[28.48,-22.57],[28.49,-22.57],[28.49,-22.58],[28.5,-22.58],[28.5,-22.59],[28.51,-22.59],[28.52,-22.59],[28.53,-22.59],[28.53,-22.58],[28.54,-22.58],[28.55,-22.58],[28.55,-22.57],[28.56,-22.57],[28.56,-22.56],[28.57,-22.56],[28.58,-22.56],[28.59,-22.56],[28.6,-22.56],[28.61,-22.56],[28.62,-22.56],[28.63,-22.56],[28.64,-22.56],[28.65,-22.56],[28.65,-22.55],[28.66,-22.55],[28.66,-22.54],[28.67,-22.54],[28.67,-22.53],[28.68,-22.53],[28.69,-22.53],[28.7,-22.53],[28.7,-22.52],[28.71,-22.52],[28.71,-22.51],[28.72,-22.51],[28.73,-22.51],[28.74,-22.51],[28.74,-22.5],[28.75,-22.5],[28.76,-22.5],[28.77,-22.5],[28.78,-22.5],[28.79,-22.5],[28.8,-22.5],[28.8,-22.49],[28.81,-22.49],[28.82,-22.49],[28.83,-22.49],[28.83,-22.48],[28.83,-22.47],[28.83,-22.46],[28.84,-22.46],[28.85,-22.46],[28.85,-22.45],[28.86,-22.45],[28.87,-22.45],[28.88,-22.45],[28.89,-22.45],[28.9,-22.45],[28.9,-22.46],[28.91,-22.46],[28.92,-22.46],[28.92,-22.47],[28.92,-22.48],[28.92,-22.49],[28.91,-22.49],[28.91,-22.5],[28.9,-22.5],[28.91,-22.5],[28.91,-22.51],[28.9,-22.51],[28.93,-22.52],[28.94,-22.53],[28.96,-22.56],[28.98,-22.58],[29.0,-22.57],[29.01,-22.57],[29.04,-22.56],[29.06,-22.55],[29.09,-22.54],[29.11,-22.54],[29.13,-22.54],[29.17,-22.55],[29.17,-22.57],[29.18,-22.58],[29.2,-22.62],[29.2,-22.64],[29.21,-22.65],[29.21,-22.66],[29.24,-22.69],[29.2,-22.71],[29.22,-22.72],[29.24,-22.74],[29.23,-22.77],[29.22,-22.81],[29.21,-22.82],[29.21,-22.83],[29.21,-22.84],[29.21,-22.85],[29.2,-22.85],[29.19,-22.87],[29.18,-22.9],[29.17,-22.92],[29.17,-22.95],[29.18,-22.97],[29.22,-22.96],[29.25,-22.94],[29.26,-22.96],[29.26,-22.98],[29.26,-22.99],[29.29,-22.97],[29.29,-22.99],[29.28,-23.0],[29.3,-23.03],[29.3,-23.04],[29.31,-23.05],[29.31,-23.07],[29.29,-23.08],[29.27,-23.09],[29.28,-23.1],[29.28,-23.11],[29.25,-23.11],[29.26,-23.13],[29.26,-23.15],[29.27,-23.17],[29.27,-23.18],[29.26,-23.2],[29.27,-23.2],[29.28,-23.2],[29.29,-23.2],[29.28,-23.23],[29.27,-23.24],[29.29,-23.24],[29.32,-23.25],[29.33,-23.25],[29.34,-23.25],[29.36,-23.24],[29.39,-23.24],[29.44,-23.25],[29.43,-23.28],[29.47,-23.28],[29.48,-23.28],[29.53,-23.28],[29.54,-23.27],[29.55,-23.27],[29.56,-23.27],[29.59,-23.27],[29.59,-23.28],[29.59,-23.29],[29.59,-23.3],[29.6,-23.3],[29.6,-23.31],[29.61,-23.31],[29.61,-23.32],[29.62,-23.32],[29.62,-23.33],[29.61,-23.33],[29.61,-23.34],[29.61,-23.35],[29.6,-23.36],[29.6,-23.37],[29.6,-23.38],[29.61,-23.38],[29.61,-23.39],[29.62,-23.39],[29.62,-23.4],[29.61,-23.4],[29.61,-23.41],[29.61,-23.42],[29.62,-23.43],[29.63,-23.43],[29.63,-23.42],[29.64,-23.41],[29.64,-23.4],[29.66,-23.41],[29.68,-23.42],[29.7,-23.42],[29.71,-23.42],[29.74,-23.41],[29.74,-23.44],[29.75,-23.43],[29.77,-23.43],[29.81,-23.43],[29.83,-23.43],[29.84,-23.43],[29.85,-23.43],[29.87,-23.44],[29.87,-23.42],[29.88,-23.41],[29.89,-23.42],[29.9,-23.42],[29.9,-23.41],[29.9,-23.4],[29.91,-23.4],[29.91,-23.41],[29.92,-23.41],[29.92,-23.4],[29.93,-23.4],[29.93,-23.39],[29.93,-23.38],[29.93,-23.37],[29.94,-23.37],[29.94,-23.38],[29.95,-23.39],[29.96,-23.39],[29.96,-23.38],[29.97,-23.38],[29.98,-23.38],[29.99,-23.38],[29.99,-23.37],[29.99,-23.36],[30.0,-23.34],[30.01,-23.34],[30.02,-23.34],[30.04,-23.34],[30.04,-23.36],[30.04,-23.38],[30.04,-23.4],[30.04,-23.41],[30.04,-23.43],[30.03,-23.44],[30.02,-23.43],[30.01,-23.44],[30.01,-23.45],[30.0,-23.45],[30.0,-23.46],[30.0,-23.47],[30.02,-23.46],[30.03,-23.49],[30.01,-23.5],[30.03,-23.52],[30.05,-23.54],[30.04,-23.54],[30.04,-23.56],[30.04,-23.57],[30.03,-23.58],[30.02,-23.58],[30.01,-23.59],[30.0,-23.59],[29.99,-23.6],[29.98,-23.6],[29.98,-23.61],[29.97,-23.61],[29.96,-23.62],[29.95,-23.62],[29.95,-23.63],[29.95,-23.64],[29.95,-23.65],[29.96,-23.66],[29.93,-23.66],[29.92,-23.67],[29.91,-23.67],[29.9,-23.67],[29.89,-23.68],[29.89,-23.7],[29.89,-23.71],[29.89,-23.73],[29.89,-23.74],[29.92,-23.76],[29.92,-23.77],[29.91,-23.77],[29.93,-23.8],[29.92,-23.81],[29.91,-23.81],[29.9,-23.82],[29.88,-23.82],[29.9,-23.83],[29.89,-23.84],[29.89,-23.86],[29.9,-23.86],[29.9,-23.87],[29.89,-23.87],[29.89,-23.88],[29.9,-23.88],[29.9,-23.89],[29.9,-23.9],[29.89,-23.9],[29.89,-23.91],[29.88,-23.91],[29.88,-23.92],[29.87,-23.92],[29.86,-23.92],[29.85,-23.92],[29.86,-23.93],[29.86,-23.95],[29.87,-23.95],[29.88,-23.95],[29.89,-23.95],[29.89,-23.94],[29.9,-23.95],[29.9,-23.96],[29.92,-23.97],[29.93,-23.97],[29.94,-23.98],[29.95,-23.98],[29.97,-23.99],[29.99,-23.99],[30.0,-24.0],[30.01,-23.98],[30.02,-23.98],[30.03,-23.98],[30.04,-23.98],[30.04,-23.97],[30.05,-23.98],[30.06,-23.99],[30.06,-24.0],[30.07,-24.0],[30.07,-24.01],[30.08,-24.01],[30.09,-24.02],[30.1,-24.02],[30.11,-24.03],[30.12,-24.03],[30.12,-24.04],[30.13,-24.04],[30.15,-24.05],[30.16,-24.06],[30.17,-24.06],[30.2,-24.08],[30.22,-24.09],[30.23,-24.11],[30.23,-24.12],[30.24,-24.14],[30.26,-24.12],[30.27,-24.11],[30.28,-24.11],[30.29,-24.1],[30.31,-24.11],[30.32,-24.12],[30.32,-24.13],[30.33,-24.14],[30.35,-24.16],[30.36,-24.17],[30.35,-24.18],[30.35,-24.17],[30.31,-24.19],[30.28,-24.21],[30.3,-24.22],[30.34,-24.23],[30.35,-24.22],[30.35,-24.24],[30.36,-24.27],[30.36,-24.28],[30.37,-24.28],[30.33,-24.31],[30.29,-24.32],[30.28,-24.32],[30.27,-24.32],[30.27,-24.31],[30.26,-24.31],[30.26,-24.3],[30.25,-24.3],[30.24,-24.29],[30.24,-24.28],[30.23,-24.28],[30.22,-24.28],[30.22,-24.29],[30.21,-24.29],[30.2,-24.29],[30.19,-24.29],[30.19,-24.3],[30.18,-24.3],[30.17,-24.3],[30.16,-24.3],[30.15,-24.3],[30.15,-24.29],[30.14,-24.29],[30.14,-24.28],[30.15,-24.28],[30.15,-24.27],[30.14,-24.26],[30.15,-24.26],[30.15,-24.25],[30.14,-24.25],[30.13,-24.25],[30.12,-24.25],[30.11,-24.24],[30.1,-24.24],[30.09,-24.24],[30.08,-24.24],[30.07,-24.24],[30.06,-24.23],[30.05,-24.22],[30.05,-24.21],[30.04,-24.21],[30.03,-24.21],[30.03,-24.2],[30.02,-24.2],[30.01,-24.2],[30.01,-24.21],[30.0,-24.21],[29.99,-24.21],[29.98,-24.21],[29.98,-24.22],[29.98,-24.23],[29.97,-24.23],[29.97,-24.22],[29.96,-24.22],[29.95,-24.22],[29.94,-24.22],[29.94,-24.23],[29.94,-24.22],[29.93,-24.22],[29.92,-24.22],[29.91,-24.22],[29.9,-24.22],[29.89,-24.22],[29.88,-24.22],[29.87,-24.22],[29.87,-24.23],[29.88,-24.23],[29.88,-24.24],[29.88,-24.25],[29.87,-24.25],[29.86,-24.25],[29.85,-24.25],[29.84,-24.25],[29.83,-24.25],[29.82,-24.25],[29.81,-24.25],[29.81,-24.26],[29.8,-24.26],[29.8,-24.27],[29.79,-24.27],[29.78,-24.27],[29.77,-24.27],[29.76,-24.28],[29.76,-24.29],[29.75,-24.29],[29.75,-24.3],[29.76,-24.31],[29.76,-24.32],[29.76,-24.33],[29.75,-24.33],[29.74,-24.33],[29.75,-24.33],[29.75,-24.34],[29.75,-24.35],[29.76,-24.35],[29.77,-24.35],[29.77,-24.36],[29.76,-24.36],[29.76,-24.37],[29.75,-24.37],[29.75,-24.38],[29.74,-24.38],[29.74,-24.39],[29.74,-24.4],[29.74,-24.41],[29.74,-24.42],[29.74,-24.43],[29.73,-24.43],[29.73,-24.44],[29.73,-24.45],[29.72,-24.45],[29.72,-24.46],[29.71,-24.46],[29.7,-24.46],[29.7,-24.47],[29.69,-24.47],[29.68,-24.47],[29.68,-24.46],[29.67,-24.46],[29.67,-24.47],[29.66,-24.47],[29.65,-24.47],[29.65,-24.48],[29.64,-24.48],[29.64,-24.47],[29.64,-24.48],[29.63,-24.48],[29.62,-24.48],[29.62,-24.47],[29.62,-24.46],[29.61,-24.46],[29.6,-24.46],[29.6,-24.47],[29.59,-24.47],[29.59,-24.48],[29.59,-24.49],[29.58,-24.49],[29.57,-24.5],[29.56,-24.5],[29.56,-24.51],[29.57,-24.51],[29.57,-24.52],[29.56,-24.52],[29.55,-24.52],[29.55,-24.53],[29.54,-24.53],[29.55,-24.53],[29.55,-24.54],[29.55,-24.55],[29.54,-24.55],[29.54,-24.56],[29.53,-24.56],[29.53,-24.57],[29.52,-24.57],[29.52,-24.58],[29.51,-24.58],[29.51,-24.59],[29.5,-24.59],[29.5,-24.6],[29.49,-24.6],[29.48,-24.6],[29.48,-24.61],[29.48,-24.62],[29.47,-24.62],[29.47,-24.63],[29.47,-24.64],[29.46,-24.63],[29.45,-24.63],[29.43,-24.6],[29.42,-24.6],[29.41,-24.6],[29.41,-24.61],[29.4,-24.61],[29.4,-24.6],[29.39,-24.59],[29.39,-24.57],[29.36,-24.59],[29.35,-24.57],[29.33,-24.56],[29.33,-24.54],[29.32,-24.52],[29.31,-24.49],[29.3,-24.47],[29.3,-24.46],[29.29,-24.45],[29.28,-24.43],[29.27,-24.42],[29.26,-24.4],[29.25,-24.38],[29.25,-24.37],[29.26,-24.36],[29.26,-24.35],[29.26,-24.34],[29.25,-24.34],[29.24,-24.34],[29.23,-24.34],[29.22,-24.34],[29.21,-24.34],[29.21,-24.35],[29.17,-24.36],[29.14,-24.37],[29.13,-24.37],[29.12,-24.37],[29.11,-24.37],[29.09,-24.37],[29.08,-24.37],[29.06,-24.37],[29.05,-24.37],[29.06,-24.3],[29.04,-24.3],[29.04,-24.28],[29.04,-24.26],[29.03,-24.25],[29.04,-24.24],[29.05,-24.23],[29.07,-24.21],[29.1,-24.23],[29.15,-24.22],[29.17,-24.27],[29.19,-24.26],[29.2,-24.23],[29.19,-24.2],[29.19,-24.17],[29.21,-24.16],[29.23,-24.14],[29.23,-24.15],[29.23,-24.13],[29.23,-24.11],[29.21,-24.1],[29.2,-24.09],[29.19,-24.09],[29.19,-24.08],[29.19,-24.07],[29.16,-24.08],[29.15,-24.06],[29.17,-24.04],[29.18,-24.03],[29.19,-24.02],[29.2,-24.01],[29.18,-24.01],[29.16,-24.01],[29.15,-24.01],[29.14,-24.01],[29.14,-24.0],[29.13,-24.0],[29.12,-24.0],[29.11,-23.99],[29.1,-23.99],[29.09,-23.98],[29.09,-23.97],[29.08,-23.96],[29.08,-23.95],[29.07,-23.94],[29.07,-23.93],[29.05,-23.91],[29.04,-23.91],[29.01,-23.9],[28.98,-23.88],[28.99,-23.87],[28.99,-23.86],[29.0,-23.84],[28.99,-23.84],[28.98,-23.83],[28.97,-23.83],[28.96,-23.82],[28.95,-23.82],[28.92,-23.81],[28.92,-23.82],[28.92,-23.83],[28.91,-23.85],[28.91,-23.86],[28.88,-23.86],[28.86,-23.85],[28.85,-23.84],[28.84,-23.83],[28.85,-23.83],[28.85,-23.81],[28.85,-23.79],[28.86,-23.79],[28.88,-23.78],[28.87,-23.77],[28.86,-23.76],[28.87,-23.73],[28.87,-23.72],[28.88,-23.7],[28.88,-23.69],[28.88,-23.68],[28.88,-23.67],[28.88,-23.65],[28.88,-23.64],[28.89,-23.64],[28.9,-23.63],[28.91,-23.62],[28.92,-23.62],[28.93,-23.6],[28.97,-23.6],[28.94,-23.57],[28.91,-23.54],[28.9,-23.52],[28.89,-23.51],[28.88,-23.5],[28.87,-23.49],[28.83,-23.46],[28.83,-23.45],[28.8,-23.42],[28.79,-23.41],[28.78,-23.38],[28.77,-23.37],[28.76,-23.36],[28.75,-23.35],[28.74,-23.33],[28.69,-23.34],[28.68,-23.34],[28.68,-23.35],[28.68,-23.36],[28.67,-23.36],[28.67,-23.37],[28.66,-23.37],[28.66,-23.38],[28.66,-23.39],[28.64,-23.39],[28.6,-23.4],[28.59,-23.38],[28.57,-23.38],[28.54,-23.35],[28.5,-23.34],[28.47,-23.31],[28.47,-23.32],[28.45,-23.33],[28.44,-23.34],[28.43,-23.34],[28.41,-23.35],[28.4,-23.33],[28.39,-23.32],[28.38,-23.3],[28.37,-23.3],[28.35,-23.3],[28.36,-23.28],[28.34,-23.26],[28.33,-23.23],[28.32,-23.2],[28.35,-23.18],[28.34,-23.15],[28.34,-23.12],[28.31,-23.11],[28.29,-23.09],[28.27,-23.1],[28.26,-23.1],[28.25,-23.11],[28.24,-23.08],[28.22,-23.05],[28.22,-23.0],[28.25,-23.0],[28.23,-22.97],[28.2,-22.93],[28.19,-22.94],[28.18,-22.95],[28.17,-22.93],[28.15,-22.92],[28.17,-22.91],[28.15,-22.89],[28.13,-22.88],[28.15,-22.87],[28.11,-22.85],[28.14,-22.83],[28.1,-22.81]]]]},"properties":{"name":"Capricorn District"}},{"type":"Feature","geometry":{"type":"MultiPolygon","coordinates":[[[[20.2,-33.17],[20.23,-33.16],[20.25,-33.15],[20.31,-33.16],[20.31,-33.13],[20.32,-33.12],[20.28,-33.06],[20.3,-33.07],[20.32,-33.05],[20.33,-33.04],[20.34,-33.04],[20.35,-33.04],[20.38,-33.04],[20.39,-33.02],[20.39,-32.99],[20.43,-32.98],[20.43,-32.97],[20.44,-32.97],[20.44,-32.96],[20.44,-32.95],[20.44,-32.94],[20.46,-32.94],[20.47,-32.94],[20.49,-32.94],[20.5,-32.94],[20.51,-32.93],[20.52,-32.92],[20.53,-32.91],[20.54,-32.9],[20.55,-32.89],[20.56,-32.89],[20.56,-32.88],[20.56,-32.89],[20.57,-32.89],[20.58,-32.9],[20.58,-32.91],[20.59,-32.92],[20.59,-32.93],[20.59,-32.94],[20.6,-32.94],[20.61,-32.94],[20.62,-32.94],[20.63,-32.94],[20.64,-32.94],[20.65,-32.94],[20.65,-32.93],[20.66,-32.93],[20.67,-32.93],[20.67,-32.94],[20.68,-32.94],[20.69,-32.94],[20.7,-32.94],[20.71,-32.94],[20.72,-32.94],[20.73,-32.94],[20.74,-32.93],[20.74,-32.92],[20.74,-32.91],[20.75,-32.91],[20.76,-32.91],[20.77,-32.91],[20.77,-32.9],[20.78,-32.9],[20.79,-32.9],[20.8,-32.89],[20.82,-32.86],[20.83,-32.83],[20.83,-32.82],[20.83,-32.81],[20.83,-32.8],[20.83,-32.79],[20.83,-32.78],[20.82,-32.78],[20.82,-32.77],[20.81,-32.76],[20.81,-32.75],[20.8,-32.75],[20.8,-32.74],[20.79,-32.74],[20.79,-32.73],[20.79,-32.72],[20.79,-32.71],[20.8,-32.71],[20.81,-32.7],[20.82,-32.7],[20.82,-32.69],[20.83,-32.69],[20.83,-32.68],[20.84,-32.67],[20.84,-32.66],[20.85,-32.66],[20.87,-32.66],[20.88,-32.66],[20.89,-32.65],[20.9,-32.65],[20.91,-32.65],[20.92,-32.65],[20.93,-32.65],[20.94,-32.64],[20.95,-32.64],[20.96,-32.64],[20.97,-32.64],[20.98,-32.64],[20.99,-32.64],[21.0,-32.64],[21.01,-32.65],[21.02,-32.65],[21.04,-32.65],[21.05,-32.65],[21.06,-32.65],[21.06,-32.66],[21.07,-32.66],[21.07,-32.65],[21.08,-32.65],[21.09,-32.65],[21.1,-32.65],[21.11,-32.65],[21.12,-32.64],[21.13,-32.64],[21.14,-32.64],[21.14,-32.63],[21.15,-32.63],[21.16,-32.63],[21.15,-32.62],[21.15,-32.61],[21.15,-32.6],[21.14,-32.59],[21.14,-32.58],[21.15,-32.58],[21.15,-32.57],[21.15,-32.56],[21.16,-32.56],[21.16,-32.55],[21.17,-32.54],[21.17,-32.53],[21.17,-32.52],[21.18,-32.52],[21.18,-32.51],[21.19,-32.5],[21.2,-32.5],[21.22,-32.47],[21.23,-32.46],[21.24,-32.46],[21.25,-32.46],[21.26,-32.45],[21.27,-32.45],[21.28,-32.44],[21.28,-32.43],[21.29,-32.42],[21.3,-32.41],[21.3,-32.4],[21.3,-32.39],[21.3,-32.38],[21.31,-32.38],[21.32,-32.38],[21.33,-32.38],[21.34,-32.39],[21.35,-32.39],[21.36,-32.39],[21.37,-32.39],[21.38,-32.38],[21.39,-32.38],[21.4,-32.37],[21.41,-32.37],[21.43,-32.38],[21.43,-32.37],[21.44,-32.36],[21.44,-32.35],[21.45,-32.35],[21.46,-32.34],[21.47,-32.34],[21.47,-32.33],[21.48,-32.33],[21.5,-32.33],[21.52,-32.34],[21.55,-32.33],[21.55,-32.32],[21.56,-32.32],[21.56,-32.31],[21.56,-32.3],[21.55,-32.3],[21.55,-32.29],[21.55,-32.28],[21.55,-32.27],[21.54,-32.27],[21.54,-32.26],[21.54,-32.25],[21.54,-32.24],[21.54,-32.23],[21.55,-32.23],[21.56,-32.23],[21.57,-32.22],[21.58,-32.22],[21.59,-32.22],[21.6,-32.22],[21.6,-32.21],[21.61,-32.21],[21.62,-32.21],[21.63,-32.21],[21.64,-32.21],[21.65,-32.22],[21.66,-32.22],[21.66,-32.23],[21.67,-32.23],[21.67,-32.24],[21.68,-32.24],[21.68,-32.25],[21.69,-32.25],[21.7,-32.24],[21.7,-32.23],[21.71,-32.22],[21.72,-32.21],[21.74,-32.21],[21.74,-32.22],[21.75,-32.23],[21.76,-32.23],[21.77,-32.23],[21.77,-32.24],[21.78,-32.25],[21.79,-32.25],[21.79,-32.26],[21.8,-32.26],[21.81,-32.26],[21.82,-32.26],[21.82,-32.27],[21.83,-32.27],[21.84,-32.27],[21.85,-32.27],[21.85,-32.28],[21.86,-32.28],[21.87,-32.28],[21.88,-32.28],[21.88,-32.27],[21.89,-32.27],[21.9,-32.27],[21.9,-32.26],[21.91,-32.25],[21.91,-32.26],[21.92,-32.26],[21.93,-32.26],[21.93,-32.25],[21.93,-32.24],[21.93,-32.23],[21.94,-32.23],[21.94,-32.22],[21.95,-32.22],[21.96,-32.22],[21.97,-32.22],[21.97,-32.21],[21.98,-32.21],[21.99,-32.21],[21.99,-32.2],[22.0,-32.2],[22.0,-32.21],[22,-32.2],[22.0,-32.19],[22.0,-32.18],[22.0,-32.17],[22.01,-32.16],[22.01,-32.15],[22.01,-32.14],[22.01,-32.13],[22.02,-32.12],[22.02,-32.11],[22.03,-32.11],[22.04,-32.1],[22.05,-32.09],[22.06,-32.09],[22.07,-32.08],[22.07,-32.09],[22.08,-32.1],[22.08,-32.12],[22.08,-32.13],[22.09,-32.14],[22.09,-32.15],[22.09,-32.14],[22.1,-32.13],[22.1,-32.12],[22.11,-32.11],[22.11,-32.1],[22.11,-32.09],[22.12,-32.08],[22.13,-32.07],[22.13,-32.06],[22.12,-32.06],[22.11,-32.06],[22.1,-32.05],[22.09,-32.05],[22.09,-32.04],[22.08,-32.03],[22.08,-32.02],[22.07,-32.02],[22.08,-32.02],[22.08,-32.01],[22.09,-32.01],[22.09,-32.0],[22.09,-31.99],[22.09,-31.98],[22.09,-31.97],[22.08,-31.97],[22.08,-31.96],[22.08,-31.95],[22.07,-31.94],[22.08,-31.94],[22.09,-31.93],[22.1,-31.92],[22.1,-31.9],[22.1,-31.89],[22.09,-31.89],[22.09,-31.88],[22.08,-31.88],[22.08,-31.87],[22.08,-31.86],[22.08,-31.85],[22.08,-31.86],[22.09,-31.86],[22.1,-31.86],[22.11,-31.86],[22.12,-31.86],[22.12,-31.87],[22.13,-31.88],[22.14,-31.89],[22.15,-31.89],[22.16,-31.89],[22.17,-31.89],[22.17,-31.88],[22.17,-31.87],[22.17,-31.86],[22.17,-31.85],[22.17,-31.84],[22.18,-31.83],[22.18,-31.82],[22.17,-31.82],[22.16,-31.81],[22.17,-31.8],[22.18,-31.8],[22.2,-31.8],[22.2,-31.79],[22.21,-31.79],[22.21,-31.78],[22.2,-31.77],[22.2,-31.76],[22.22,-31.73],[22.24,-31.7],[22.25,-31.66],[22.26,-31.66],[22.27,-31.59],[22.29,-31.59],[22.31,-31.58],[22.35,-31.6],[22.36,-31.61],[22.42,-31.63],[22.43,-31.64],[22.49,-31.67],[22.5,-31.67],[22.51,-31.67],[22.52,-31.67],[22.53,-31.67],[22.54,-31.68],[22.55,-31.68],[22.56,-31.68],[22.57,-31.68],[22.57,-31.69],[22.57,-31.7],[22.57,-31.71],[22.62,-31.72],[22.61,-31.74],[22.59,-31.77],[22.58,-31.81],[22.59,-31.81],[22.61,-31.82],[22.62,-31.82],[22.63,-31.82],[22.64,-31.81],[22.64,-31.82],[22.64,-31.81],[22.65,-31.81],[22.65,-31.82],[22.66,-31.82],[22.67,-31.82],[22.68,-31.82],[22.7,-31.81],[22.74,-31.8],[22.76,-31.83],[22.78,-31.86],[22.83,-31.84],[22.86,-31.82],[22.86,-31.83],[22.87,-31.86],[22.9,-31.88],[22.95,-31.86],[22.98,-31.86],[23.01,-31.87],[23.04,-31.88],[23.07,-31.89],[23.06,-31.9],[23.06,-31.91],[23.05,-31.91],[23.05,-31.92],[23.05,-31.93],[23.05,-31.94],[23.06,-31.95],[23.07,-31.95],[23.07,-31.96],[23.09,-31.97],[23.1,-31.98],[23.1,-31.96],[23.12,-31.96],[23.13,-31.96],[23.14,-31.95],[23.14,-31.94],[23.15,-31.94],[23.16,-31.93],[23.17,-31.92],[23.19,-31.9],[23.23,-31.88],[23.23,-31.87],[23.23,-31.86],[23.23,-31.85],[23.24,-31.84],[23.24,-31.83],[23.25,-31.83],[23.26,-31.82],[23.26,-31.8],[23.26,-31.79],[23.26,-31.78],[23.27,-31.77],[23.28,-31.76],[23.28,-31.75],[23.29,-31.74],[23.3,-31.74],[23.3,-31.73],[23.35,-31.71],[23.36,-31.71],[23.37,-31.71],[23.38,-31.71],[23.39,-31.71],[23.4,-31.71],[23.41,-31.71],[23.4,-31.7],[23.41,-31.69],[23.42,-31.67],[23.42,-31.68],[23.45,-31.69],[23.5,-31.7],[23.52,-31.71],[23.53,-31.69],[23.54,-31.69],[23.57,-31.69],[23.58,-31.68],[23.59,-31.66],[23.61,-31.65],[23.62,-31.65],[23.64,-31.66],[23.65,-31.66],[23.66,-31.66],[23.67,-31.65],[23.69,-31.65],[23.71,-31.65],[23.72,-31.65],[23.73,-31.65],[23.76,-31.7],[23.78,-31.7],[23.8,-31.71],[23.82,-31.71],[23.83,-31.71],[23.84,-31.72],[23.85,-31.72],[23.85,-31.73],[23.81,-31.76],[23.84,-31.77],[23.83,-31.78],[23.84,-31.78],[23.88,-31.83],[23.89,-31.84],[23.9,-31.83],[23.91,-31.83],[23.91,-31.82],[23.92,-31.82],[23.92,-31.81],[23.92,-31.8],[23.93,-31.79],[23.94,-31.78],[23.95,-31.77],[23.95,-31.76],[23.95,-31.75],[23.97,-31.72],[23.97,-31.71],[23.96,-31.71],[23.99,-31.71],[24.01,-31.71],[24.05,-31.71],[24.04,-31.71],[24.03,-31.72],[24.03,-31.73],[24.04,-31.76],[24.04,-31.77],[24.06,-31.78],[24.07,-31.81],[24.09,-31.8],[24.1,-31.8],[24.1,-31.79],[24.11,-31.79],[24.12,-31.79],[24.13,-31.79],[24.14,-31.79],[24.15,-31.79],[24.15,-31.8],[24.18,-31.81],[24.18,-31.82],[24.16,-31.82],[24.15,-31.82],[24.15,-31.84],[24.15,-31.85],[24.12,-31.85],[24.11,-31.89],[24.1,-31.89],[24.11,-31.91],[24.12,-31.91],[24.14,-31.91],[24.15,-31.9],[24.16,-31.9],[24.18,-31.91],[24.19,-31.92],[24.2,-31.92],[24.19,-31.93],[24.2,-31.94],[24.21,-31.94],[24.21,-31.95],[24.22,-31.96],[24.21,-31.97],[24.2,-31.98],[24.18,-32.0],[24.19,-32.0],[24.19,-32.01],[24.18,-32.01],[24.17,-32.01],[24.17,-32.02],[24.15,-32.01],[24.14,-32.01],[24.14,-32.03],[24.13,-32.04],[24.14,-32.05],[24.13,-32.06],[24.12,-32.06],[24.11,-32.06],[24.11,-32.07],[24.1,-32.07],[24.1,-32.09],[24.1,-32.11],[24.11,-32.09],[24.11,-32.08],[24.13,-32.1],[24.14,-32.1],[24.14,-32.12],[24.13,-32.13],[24.12,-32.14],[24.11,-32.14],[24.1,-32.15],[24.11,-32.15],[24.1,-32.16],[24.09,-32.16],[24.07,-32.16],[24.05,-32.16],[24.04,-32.16],[24.04,-32.17],[24.04,-32.18],[24.03,-32.19],[23.99,-32.2],[23.98,-32.2],[23.96,-32.21],[23.95,-32.21],[23.95,-32.22],[23.94,-32.22],[23.94,-32.23],[23.93,-32.23],[23.92,-32.23],[23.92,-32.24],[23.9,-32.25],[23.89,-32.25],[23.88,-32.25],[23.86,-32.25],[23.85,-32.24],[23.84,-32.24],[23.84,-32.23],[23.82,-32.21],[23.8,-32.19],[23.79,-32.19],[23.78,-32.18],[23.77,-32.18],[23.75,-32.2],[23.74,-32.21],[23.73,-32.21],[23.72,-32.21],[23.71,-32.22],[23.69,-32.23],[23.67,-32.24],[23.67,-32.25],[23.66,-32.26],[23.65,-32.3],[23.66,-32.3],[23.67,-32.32],[23.68,-32.33],[23.67,-32.34],[23.66,-32.34],[23.59,-32.34],[23.58,-32.34],[23.56,-32.34],[23.53,-32.33],[23.52,-32.33],[23.5,-32.33],[23.48,-32.33],[23.45,-32.32],[23.43,-32.35],[23.42,-32.36],[23.42,-32.37],[23.41,-32.39],[23.39,-32.38],[23.37,-32.37],[23.36,-32.37],[23.35,-32.37],[23.35,-32.36],[23.34,-32.36],[23.33,-32.35],[23.32,-32.38],[23.31,-32.39],[23.31,-32.4],[23.29,-32.4],[23.28,-32.4],[23.27,-32.4],[23.22,-32.43],[23.25,-32.47],[23.25,-32.48],[23.24,-32.51],[23.26,-32.53],[23.29,-32.55],[23.3,-32.58],[23.31,-32.61],[23.3,-32.65],[23.29,-32.66],[23.27,-32.67],[23.28,-32.68],[23.33,-32.7],[23.34,-32.71],[23.35,-32.73],[23.35,-32.75],[23.35,-32.76],[23.4,-32.76],[23.38,-32.83],[23.38,-32.82],[23.31,-32.81],[23.3,-32.81],[23.25,-32.79],[23.2,-32.79],[23.2,-32.78],[23.19,-32.78],[23.19,-32.77],[23.16,-32.77],[23.15,-32.77],[23.1,-32.79],[23.09,-32.8],[23.1,-32.83],[23.11,-32.84],[23.11,-32.85],[23.12,-32.86],[23.1,-32.87],[23.07,-32.87],[23.01,-32.87],[23.0,-32.9],[22.95,-32.95],[22.96,-32.98],[22.97,-32.99],[22.94,-33.01],[22.93,-33.02],[22.94,-33.03],[22.95,-33.04],[22.96,-33.05],[22.96,-33.07],[22.95,-33.08],[22.92,-33.11],[22.89,-33.14],[22.88,-33.19],[22.86,-33.2],[22.85,-33.21],[22.84,-33.22],[22.84,-33.23],[22.83,-33.23],[22.83,-33.24],[22.82,-33.26],[22.81,-33.26],[22.81,-33.27],[22.79,-33.31],[22.77,-33.31],[22.77,-33.33],[22.74,-33.32],[22.74,-33.38],[22.74,-33.39],[22.75,-33.4],[22.78,-33.42],[22.77,-33.42],[22.76,-33.42],[22.75,-33.42],[22.74,-33.42],[22.73,-33.42],[22.72,-33.42],[22.71,-33.41],[22.7,-33.42],[22.69,-33.42],[22.68,-33.42],[22.67,-33.42],[22.66,-33.42],[22.58,-33.4],[22.56,-33.41],[22.52,-33.41],[22.46,-33.4],[22.39,-33.36],[22.35,-33.35],[22.31,-33.34],[22.29,-33.33],[22.21,-33.31],[22.18,-33.32],[22.15,-33.34],[22.12,-33.34],[22.11,-33.34],[22.05,-33.35],[22.04,-33.35],[22.01,-33.36],[21.96,-33.37],[21.9,-33.36],[21.86,-33.38],[21.83,-33.39],[21.79,-33.39],[21.75,-33.4],[21.71,-33.4],[21.68,-33.4],[21.61,-33.4],[21.59,-33.4],[21.58,-33.4],[21.55,-33.41],[21.54,-33.41],[21.52,-33.41],[21.5,-33.41],[21.49,-33.41],[21.47,-33.4],[21.43,-33.39],[21.4,-33.4],[21.37,-33.4],[21.34,-33.4],[21.3,-33.41],[21.28,-33.41],[21.26,-33.41],[21.25,-33.42],[21.21,-33.42],[21.17,-33.41],[21.14,-33.42],[21.13,-33.43],[21.11,-33.43],[21.08,-33.43],[21.05,-33.43],[21.03,-33.44],[21.02,-33.44],[21.01,-33.44],[20.97,-33.42],[20.96,-33.42],[20.96,-33.43],[20.92,-33.43],[20.89,-33.44],[20.86,-33.45],[20.84,-33.46],[20.83,-33.47],[20.82,-33.47],[20.79,-33.48],[20.76,-33.49],[20.72,-33.5],[20.66,-33.5],[20.62,-33.51],[20.57,-33.52],[20.56,-33.52],[20.55,-33.52],[20.48,-33.53],[20.48,-33.51],[20.5,-33.5],[20.5,-33.46],[20.48,-33.47],[20.46,-33.47],[20.43,-33.48],[20.39,-33.48],[20.36,-33.48],[20.34,-33.49],[20.39,-33.46],[20.42,-33.45],[20.43,-33.45],[20.42,-33.44],[20.41,-33.43],[20.39,-33.42],[20.35,-33.43],[20.34,-33.43],[20.35,-33.4],[20.35,-33.39],[20.36,-33.38],[20.37,-33.38],[20.37,-33.37],[20.32,-33.37],[20.3,-33.37],[20.27,-33.37],[20.25,-33.38],[20.22,-33.38],[20.21,-33.38],[20.22,-33.35],[20.24,-33.31],[20.2,-33.3],[20.25,-33.29],[20.24,-33.26],[20.25,-33.25],[20.24,-33.24],[20.25,-33.21],[20.25,-33.2],[20.26,-33.19],[20.22,-33.17],[20.2,-33.17]]]]},"properties":{"name":"Central Karoo District"}},{"type":"Feature","geometry":{"type":"MultiPolygon","coordinates":[[[[24.5,-31.57],[24.52,-31.55],[24.52,-31.54],[24.53,-31.54],[24.53,-31.53],[24.53,-31.51],[24.52,-31.5],[24.54,-31.49],[24.55,-31.48],[24.56,-31.48],[24.56,-31.47],[24.57,-31.43],[24.57,-31.42],[24.57,-31.41],[24.58,-31.41],[24.59,-31.4],[24.6,-31.4],[24.61,-31.4],[24.62,-31.39],[24.63,-31.39],[24.64,-31.39],[24.65,-31.39],[24.66,-31.39],[24.66,-31.38],[24.67,-31.38],[24.67,-31.39],[24.68,-31.39],[24.69,-31.39],[24.69,-31.4],[24.7,-31.4],[24.71,-31.41],[24.72,-31.4],[24.73,-31.4],[24.74,-31.4],[24.75,-31.4],[24.76,-31.39],[24.77,-31.39],[24.78,-31.39],[24.79,-31.39],[24.79,-31.38],[24.8,-31.38],[24.81,-31.37],[24.82,-31.36],[24.83,-31.36],[24.84,-31.36],[24.85,-31.37],[24.86,-31.37],[24.86,-31.36],[24.86,-31.35],[24.86,-31.34],[24.85,-31.33],[24.86,-31.33],[24.87,-31.32],[24.88,-31.32],[24.89,-31.32],[24.89,-31.31],[24.9,-31.31],[24.9,-31.32],[24.91,-31.32],[24.91,-31.31],[24.92,-31.31],[24.93,-31.32],[24.94,-31.32],[24.94,-31.31],[24.95,-31.31],[24.95,-31.3],[24.95,-31.29],[24.96,-31.29],[24.96,-31.28],[24.97,-31.28],[24.98,-31.28],[24.98,-31.27],[24.99,-31.27],[25.0,-31.27],[25.0,-31.26],[25.01,-31.26],[25.02,-31.26],[25.03,-31.26],[25.03,-31.27],[25.04,-31.27],[25.05,-31.27],[25.06,-31.27],[25.06,-31.26],[25.07,-31.26],[25.07,-31.25],[25.08,-31.26],[25.09,-31.26],[25.1,-31.26],[25.11,-31.26],[25.11,-31.25],[25.12,-31.25],[25.12,-31.24],[25.13,-31.24],[25.15,-31.24],[25.16,-31.23],[25.16,-31.24],[25.17,-31.24],[25.18,-31.24],[25.18,-31.23],[25.18,-31.22],[25.19,-31.22],[25.19,-31.21],[25.2,-31.21],[25.2,-31.22],[25.21,-31.21],[25.21,-31.2],[25.2,-31.2],[25.21,-31.2],[25.21,-31.19],[25.22,-31.19],[25.23,-31.2],[25.24,-31.2],[25.26,-31.21],[25.27,-31.21],[25.27,-31.22],[25.28,-31.22],[25.29,-31.22],[25.29,-31.21],[25.31,-31.22],[25.33,-31.23],[25.34,-31.23],[25.35,-31.24],[25.36,-31.24],[25.36,-31.23],[25.37,-31.23],[25.38,-31.22],[25.39,-31.22],[25.39,-31.21],[25.4,-31.21],[25.41,-31.22],[25.42,-31.22],[25.43,-31.23],[25.44,-31.23],[25.43,-31.24],[25.44,-31.24],[25.44,-31.25],[25.45,-31.26],[25.46,-31.26],[25.47,-31.25],[25.47,-31.24],[25.48,-31.24],[25.49,-31.24],[25.5,-31.23],[25.49,-31.24],[25.5,-31.25],[25.51,-31.26],[25.52,-31.27],[25.53,-31.27],[25.54,-31.27],[25.56,-31.28],[25.55,-31.29],[25.54,-31.3],[25.52,-31.31],[25.52,-31.32],[25.51,-31.32],[25.5,-31.32],[25.49,-31.32],[25.48,-31.31],[25.47,-31.31],[25.46,-31.32],[25.44,-31.33],[25.46,-31.35],[25.47,-31.35],[25.49,-31.35],[25.51,-31.35],[25.52,-31.35],[25.54,-31.35],[25.55,-31.36],[25.56,-31.36],[25.57,-31.36],[25.57,-31.35],[25.58,-31.35],[25.58,-31.34],[25.58,-31.36],[25.59,-31.37],[25.59,-31.38],[25.59,-31.39],[25.59,-31.4],[25.59,-31.41],[25.59,-31.42],[25.59,-31.43],[25.58,-31.43],[25.58,-31.44],[25.58,-31.45],[25.59,-31.47],[25.59,-31.48],[25.59,-31.49],[25.6,-31.48],[25.62,-31.47],[25.63,-31.48],[25.63,-31.47],[25.64,-31.47],[25.65,-31.47],[25.65,-31.46],[25.65,-31.45],[25.67,-31.46],[25.68,-31.46],[25.69,-31.46],[25.7,-31.47],[25.71,-31.48],[25.71,-31.47],[25.72,-31.47],[25.73,-31.46],[25.74,-31.45],[25.75,-31.45],[25.76,-31.45],[25.77,-31.45],[25.77,-31.44],[25.78,-31.45],[25.79,-31.45],[25.81,-31.46],[25.81,-31.47],[25.82,-31.46],[25.82,-31.47],[25.84,-31.46],[25.85,-31.46],[25.86,-31.45],[25.87,-31.46],[25.88,-31.46],[25.89,-31.46],[25.9,-31.47],[25.92,-31.47],[25.94,-31.47],[25.95,-31.47],[25.97,-31.48],[25.97,-31.46],[25.98,-31.45],[25.99,-31.44],[25.99,-31.43],[25.99,-31.42],[26.0,-31.41],[26.0,-31.4],[26.0,-31.39],[26.01,-31.38],[26.0,-31.37],[26.0,-31.36],[26.0,-31.35],[26.0,-31.34],[26.0,-31.33],[26.01,-31.33],[26.02,-31.33],[26.03,-31.33],[26.04,-31.33],[26.05,-31.32],[26.07,-31.32],[26.1,-31.31],[26.11,-31.3],[26.12,-31.29],[26.13,-31.28],[26.13,-31.27],[26.13,-31.26],[26.13,-31.25],[26.14,-31.26],[26.15,-31.26],[26.16,-31.27],[26.17,-31.27],[26.18,-31.27],[26.19,-31.27],[26.2,-31.28],[26.22,-31.25],[26.24,-31.22],[26.26,-31.22],[26.27,-31.22],[26.28,-31.22],[26.29,-31.22],[26.3,-31.22],[26.3,-31.23],[26.3,-31.24],[26.32,-31.24],[26.33,-31.25],[26.34,-31.25],[26.34,-31.24],[26.34,-31.23],[26.35,-31.22],[26.36,-31.22],[26.36,-31.21],[26.36,-31.2],[26.36,-31.19],[26.37,-31.19],[26.37,-31.18],[26.38,-31.19],[26.39,-31.19],[26.41,-31.19],[26.43,-31.18],[26.41,-31.21],[26.42,-31.21],[26.42,-31.22],[26.43,-31.22],[26.46,-31.22],[26.48,-31.21],[26.49,-31.21],[26.52,-31.21],[26.53,-31.21],[26.53,-31.22],[26.53,-31.23],[26.55,-31.23],[26.56,-31.24],[26.57,-31.23],[26.58,-31.22],[26.59,-31.22],[26.6,-31.23],[26.62,-31.23],[26.63,-31.23],[26.64,-31.22],[26.66,-31.21],[26.67,-31.2],[26.69,-31.19],[26.69,-31.2],[26.7,-31.21],[26.71,-31.23],[26.71,-31.24],[26.71,-31.25],[26.71,-31.27],[26.71,-31.28],[26.7,-31.28],[26.7,-31.29],[26.69,-31.3],[26.68,-31.31],[26.67,-31.32],[26.67,-31.34],[26.67,-31.35],[26.67,-31.36],[26.66,-31.37],[26.65,-31.37],[26.63,-31.37],[26.62,-31.37],[26.61,-31.37],[26.63,-31.41],[26.63,-31.43],[26.63,-31.44],[26.63,-31.45],[26.63,-31.46],[26.65,-31.45],[26.68,-31.44],[26.69,-31.45],[26.7,-31.45],[26.71,-31.45],[26.73,-31.45],[26.74,-31.43],[26.74,-31.42],[26.76,-31.42],[26.77,-31.42],[26.78,-31.42],[26.8,-31.43],[26.81,-31.43],[26.82,-31.43],[26.85,-31.44],[26.86,-31.41],[26.87,-31.41],[26.88,-31.4],[26.88,-31.39],[26.88,-31.38],[26.89,-31.38],[26.89,-31.37],[26.9,-31.37],[26.9,-31.36],[26.91,-31.36],[26.92,-31.36],[26.92,-31.35],[26.93,-31.34],[26.94,-31.35],[26.95,-31.36],[26.96,-31.36],[26.97,-31.35],[26.98,-31.34],[26.99,-31.35],[27.01,-31.36],[27.02,-31.36],[27.04,-31.35],[27.05,-31.34],[27.07,-31.36],[27.06,-31.37],[27.07,-31.37],[27.07,-31.38],[27.09,-31.4],[27.1,-31.39],[27.11,-31.41],[27.12,-31.42],[27.13,-31.42],[27.13,-31.43],[27.14,-31.41],[27.15,-31.41],[27.15,-31.4],[27.17,-31.38],[27.18,-31.37],[27.2,-31.36],[27.21,-31.36],[27.22,-31.36],[27.23,-31.35],[27.26,-31.34],[27.28,-31.34],[27.28,-31.38],[27.3,-31.37],[27.29,-31.36],[27.29,-31.35],[27.3,-31.36],[27.3,-31.35],[27.32,-31.37],[27.32,-31.38],[27.33,-31.38],[27.34,-31.38],[27.36,-31.42],[27.37,-31.42],[27.38,-31.42],[27.39,-31.42],[27.41,-31.42],[27.42,-31.41],[27.42,-31.4],[27.44,-31.39],[27.44,-31.38],[27.44,-31.37],[27.45,-31.36],[27.45,-31.35],[27.45,-31.33],[27.45,-31.32],[27.45,-31.31],[27.46,-31.3],[27.44,-31.29],[27.44,-31.28],[27.43,-31.28],[27.44,-31.27],[27.45,-31.26],[27.49,-31.25],[27.5,-31.24],[27.51,-31.24],[27.52,-31.23],[27.53,-31.23],[27.54,-31.23],[27.55,-31.23],[27.56,-31.22],[27.57,-31.21],[27.59,-31.21],[27.61,-31.21],[27.61,-31.22],[27.62,-31.22],[27.63,-31.22],[27.64,-31.22],[27.66,-31.23],[27.67,-31.23],[27.68,-31.23],[27.69,-31.22],[27.7,-31.22],[27.71,-31.22],[27.71,-31.23],[27.72,-31.23],[27.73,-31.23],[27.74,-31.24],[27.74,-31.23],[27.75,-31.22],[27.76,-31.21],[27.76,-31.2],[27.79,-31.2],[27.8,-31.21],[27.81,-31.21],[27.82,-31.21],[27.83,-31.21],[27.84,-31.21],[27.85,-31.21],[27.87,-31.2],[27.88,-31.21],[27.89,-31.22],[27.9,-31.23],[27.91,-31.25],[27.91,-31.24],[27.92,-31.24],[27.93,-31.24],[27.93,-31.23],[27.95,-31.24],[27.97,-31.24],[27.99,-31.24],[28.0,-31.26],[28.02,-31.26],[28.03,-31.27],[28.04,-31.28],[28.05,-31.29],[28.06,-31.3],[28.06,-31.31],[28.07,-31.32],[28.08,-31.32],[28.09,-31.32],[28.1,-31.31],[28.11,-31.29],[28.12,-31.3],[28.14,-31.3],[28.15,-31.3],[28.14,-31.31],[28.15,-31.31],[28.17,-31.31],[28.17,-31.3],[28.18,-31.31],[28.19,-31.31],[28.2,-31.32],[28.21,-31.31],[28.22,-31.31],[28.22,-31.32],[28.23,-31.33],[28.24,-31.33],[28.25,-31.33],[28.25,-31.34],[28.25,-31.35],[28.25,-31.36],[28.26,-31.36],[28.26,-31.37],[28.27,-31.38],[28.28,-31.39],[28.29,-31.4],[28.29,-31.41],[28.29,-31.42],[28.3,-31.42],[28.31,-31.42],[28.32,-31.43],[28.33,-31.44],[28.33,-31.45],[28.34,-31.45],[28.35,-31.46],[28.37,-31.46],[28.37,-31.47],[28.38,-31.48],[28.37,-31.49],[28.36,-31.5],[28.37,-31.52],[28.37,-31.54],[28.38,-31.55],[28.38,-31.56],[28.36,-31.57],[28.36,-31.58],[28.35,-31.57],[28.35,-31.58],[28.34,-31.58],[28.34,-31.59],[28.33,-31.59],[28.32,-31.59],[28.32,-31.6],[28.32,-31.61],[28.31,-31.61],[28.31,-31.62],[28.31,-31.63],[28.32,-31.63],[28.32,-31.64],[28.31,-31.64],[28.32,-31.64],[28.32,-31.65],[28.31,-31.65],[28.3,-31.65],[28.31,-31.65],[28.31,-31.66],[28.32,-31.66],[28.32,-31.65],[28.32,-31.66],[28.31,-31.66],[28.31,-31.67],[28.3,-31.67],[28.3,-31.68],[28.31,-31.68],[28.31,-31.69],[28.32,-31.69],[28.33,-31.69],[28.33,-31.7],[28.33,-31.71],[28.34,-31.71],[28.34,-31.72],[28.34,-31.73],[28.35,-31.73],[28.35,-31.74],[28.34,-31.74],[28.35,-31.74],[28.36,-31.74],[28.36,-31.75],[28.35,-31.75],[28.34,-31.75],[28.34,-31.76],[28.35,-31.76],[28.35,-31.77],[28.35,-31.78],[28.35,-31.79],[28.34,-31.79],[28.33,-31.79],[28.33,-31.78],[28.33,-31.79],[28.32,-31.79],[28.33,-31.79],[28.33,-31.8],[28.34,-31.8],[28.34,-31.81],[28.35,-31.81],[28.34,-31.81],[28.34,-31.82],[28.35,-31.82],[28.35,-31.83],[28.34,-31.83],[28.33,-31.83],[28.33,-31.84],[28.32,-31.84],[28.31,-31.84],[28.31,-31.85],[28.3,-31.84],[28.31,-31.84],[28.31,-31.83],[28.3,-31.83],[28.3,-31.82],[28.29,-31.82],[28.29,-31.81],[28.28,-31.81],[28.28,-31.82],[28.28,-31.81],[28.28,-31.8],[28.27,-31.8],[28.27,-31.79],[28.26,-31.79],[28.25,-31.79],[28.25,-31.8],[28.25,-31.81],[28.25,-31.82],[28.24,-31.82],[28.24,-31.83],[28.24,-31.84],[28.23,-31.84],[28.24,-31.84],[28.23,-31.84],[28.24,-31.84],[28.24,-31.85],[28.24,-31.86],[28.23,-31.86],[28.22,-31.86],[28.23,-31.86],[28.23,-31.87],[28.24,-31.87],[28.23,-31.87],[28.23,-31.88],[28.23,-31.89],[28.22,-31.89],[28.22,-31.9],[28.22,-31.91],[28.22,-31.92],[28.21,-31.92],[28.21,-31.93],[28.21,-31.94],[28.21,-31.95],[28.2,-31.96],[28.19,-31.97],[28.19,-31.96],[28.19,-31.97],[28.18,-31.97],[28.18,-31.96],[28.19,-31.96],[28.18,-31.95],[28.17,-31.95],[28.17,-31.96],[28.18,-31.96],[28.18,-31.97],[28.17,-31.97],[28.16,-31.97],[28.15,-31.98],[28.14,-31.98],[28.13,-31.99],[28.13,-32.0],[28.12,-32.0],[28.11,-32.0],[28.1,-32.0],[28.1,-32.01],[28.08,-32.01],[28.07,-32.01],[28.07,-32.02],[28.06,-32.02],[28.06,-32.03],[28.05,-32.03],[28.05,-32.04],[28.04,-32.04],[28.03,-32.04],[28.02,-32.04],[28.01,-32.04],[28.0,-32.04],[27.99,-32.05],[27.97,-32.06],[27.96,-32.07],[27.95,-32.08],[27.94,-32.08],[27.94,-32.07],[27.93,-32.07],[27.92,-32.07],[27.91,-32.07],[27.91,-32.06],[27.9,-32.06],[27.89,-32.06],[27.89,-32.05],[27.88,-32.05],[27.88,-32.06],[27.89,-32.06],[27.88,-32.06],[27.88,-32.07],[27.87,-32.07],[27.87,-32.08],[27.87,-32.07],[27.87,-32.08],[27.86,-32.08],[27.87,-32.08],[27.86,-32.08],[27.87,-32.08],[27.87,-32.09],[27.88,-32.09],[27.88,-32.1],[27.89,-32.1],[27.89,-32.11],[27.89,-32.12],[27.9,-32.12],[27.89,-32.12],[27.89,-32.13],[27.88,-32.13],[27.87,-32.13],[27.86,-32.13],[27.85,-32.13],[27.84,-32.12],[27.83,-32.12],[27.84,-32.12],[27.84,-32.11],[27.84,-32.1],[27.83,-32.1],[27.83,-32.09],[27.82,-32.09],[27.81,-32.09],[27.81,-32.08],[27.8,-32.08],[27.79,-32.08],[27.78,-32.08],[27.78,-32.09],[27.79,-32.09],[27.79,-32.1],[27.78,-32.1],[27.77,-32.1],[27.77,-32.11],[27.78,-32.11],[27.78,-32.12],[27.78,-32.13],[27.78,-32.14],[27.78,-32.13],[27.79,-32.13],[27.8,-32.14],[27.81,-32.14],[27.81,-32.15],[27.82,-32.15],[27.82,-32.14],[27.83,-32.14],[27.83,-32.15],[27.83,-32.16],[27.82,-32.16],[27.81,-32.16],[27.8,-32.16],[27.8,-32.17],[27.81,-32.17],[27.81,-32.18],[27.81,-32.19],[27.8,-32.19],[27.8,-32.2],[27.79,-32.2],[27.79,-32.21],[27.79,-32.22],[27.8,-32.22],[27.8,-32.23],[27.79,-32.23],[27.78,-32.23],[27.78,-32.22],[27.77,-32.22],[27.77,-32.21],[27.77,-32.22],[27.77,-32.21],[27.76,-32.21],[27.76,-32.22],[27.76,-32.23],[27.77,-32.23],[27.76,-32.23],[27.75,-32.23],[27.74,-32.23],[27.73,-32.23],[27.72,-32.23],[27.71,-32.23],[27.7,-32.23],[27.7,-32.22],[27.69,-32.22],[27.69,-32.21],[27.68,-32.2],[27.69,-32.2],[27.69,-32.19],[27.69,-32.18],[27.69,-32.17],[27.68,-32.17],[27.68,-32.16],[27.69,-32.16],[27.69,-32.15],[27.7,-32.15],[27.71,-32.15],[27.71,-32.14],[27.71,-32.13],[27.7,-32.13],[27.69,-32.13],[27.69,-32.12],[27.68,-32.12],[27.67,-32.12],[27.66,-32.12],[27.66,-32.11],[27.65,-32.11],[27.65,-32.12],[27.65,-32.11],[27.64,-32.11],[27.63,-32.1],[27.62,-32.1],[27.61,-32.1],[27.6,-32.09],[27.6,-32.1],[27.59,-32.1],[27.58,-32.1],[27.57,-32.1],[27.57,-32.11],[27.57,-32.12],[27.57,-32.13],[27.56,-32.13],[27.55,-32.13],[27.55,-32.14],[27.54,-32.14],[27.54,-32.15],[27.55,-32.15],[27.55,-32.16],[27.56,-32.16],[27.55,-32.16],[27.56,-32.16],[27.56,-32.17],[27.56,-32.18],[27.57,-32.18],[27.56,-32.18],[27.55,-32.18],[27.55,-32.19],[27.56,-32.19],[27.56,-32.2],[27.56,-32.21],[27.56,-32.2],[27.55,-32.2],[27.54,-32.2],[27.53,-32.2],[27.52,-32.2],[27.52,-32.21],[27.52,-32.22],[27.53,-32.22],[27.53,-32.23],[27.53,-32.24],[27.52,-32.24],[27.51,-32.24],[27.51,-32.23],[27.49,-32.25],[27.49,-32.26],[27.49,-32.28],[27.49,-32.29],[27.49,-32.3],[27.49,-32.31],[27.48,-32.32],[27.47,-32.33],[27.46,-32.33],[27.44,-32.33],[27.44,-32.34],[27.45,-32.34],[27.45,-32.35],[27.45,-32.36],[27.44,-32.36],[27.43,-32.36],[27.43,-32.35],[27.42,-32.34],[27.41,-32.34],[27.41,-32.35],[27.39,-32.36],[27.37,-32.35],[27.37,-32.34],[27.37,-32.33],[27.36,-32.32],[27.35,-32.31],[27.34,-32.32],[27.33,-32.31],[27.33,-32.32],[27.32,-32.32],[27.32,-32.31],[27.32,-32.3],[27.31,-32.3],[27.3,-32.3],[27.3,-32.29],[27.29,-32.29],[27.29,-32.28],[27.28,-32.27],[27.27,-32.27],[27.26,-32.28],[27.24,-32.28],[27.22,-32.27],[27.21,-32.27],[27.2,-32.26],[27.2,-32.25],[27.18,-32.25],[27.19,-32.25],[27.18,-32.25],[27.18,-32.24],[27.18,-32.23],[27.17,-32.23],[27.16,-32.23],[27.16,-32.24],[27.15,-32.24],[27.14,-32.24],[27.13,-32.24],[27.12,-32.24],[27.12,-32.23],[27.11,-32.22],[27.09,-32.22],[27.08,-32.22],[27.08,-32.23],[27.07,-32.23],[27.06,-32.23],[27.05,-32.23],[27.05,-32.24],[27.05,-32.22],[27.02,-32.22],[27.01,-32.22],[26.98,-32.21],[26.97,-32.19],[26.96,-32.19],[26.96,-32.2],[26.96,-32.21],[26.95,-32.21],[26.93,-32.23],[26.93,-32.24],[26.92,-32.24],[26.9,-32.25],[26.9,-32.26],[26.89,-32.27],[26.87,-32.27],[26.86,-32.26],[26.85,-32.25],[26.84,-32.25],[26.84,-32.26],[26.85,-32.26],[26.85,-32.27],[26.84,-32.27],[26.83,-32.27],[26.83,-32.28],[26.83,-32.29],[26.82,-32.29],[26.81,-32.3],[26.81,-32.31],[26.82,-32.31],[26.82,-32.32],[26.83,-32.32],[26.83,-32.33],[26.82,-32.33],[26.81,-32.33],[26.81,-32.34],[26.81,-32.33],[26.8,-32.33],[26.8,-32.34],[26.79,-32.34],[26.79,-32.33],[26.79,-32.34],[26.78,-32.34],[26.78,-32.33],[26.77,-32.33],[26.77,-32.34],[26.76,-32.34],[26.75,-32.34],[26.74,-32.34],[26.74,-32.33],[26.73,-32.33],[26.71,-32.34],[26.71,-32.35],[26.72,-32.35],[26.72,-32.36],[26.73,-32.36],[26.73,-32.37],[26.73,-32.38],[26.73,-32.39],[26.74,-32.39],[26.73,-32.39],[26.73,-32.4],[26.72,-32.41],[26.7,-32.42],[26.69,-32.42],[26.67,-32.42],[26.66,-32.43],[26.65,-32.42],[26.64,-32.42],[26.63,-32.41],[26.62,-32.41],[26.61,-32.4],[26.6,-32.4],[26.59,-32.4],[26.58,-32.39],[26.57,-32.4],[26.56,-32.4],[26.54,-32.39],[26.54,-32.38],[26.54,-32.37],[26.53,-32.36],[26.52,-32.35],[26.5,-32.36],[26.49,-32.36],[26.48,-32.36],[26.47,-32.36],[26.46,-32.36],[26.45,-32.36],[26.44,-32.36],[26.43,-32.35],[26.42,-32.36],[26.41,-32.36],[26.4,-32.36],[26.39,-32.36],[26.38,-32.36],[26.37,-32.36],[26.36,-32.36],[26.35,-32.37],[26.34,-32.37],[26.33,-32.37],[26.31,-32.38],[26.29,-32.37],[26.28,-32.37],[26.27,-32.36],[26.25,-32.36],[26.24,-32.35],[26.23,-32.36],[26.21,-32.36],[26.19,-32.37],[26.19,-32.35],[26.2,-32.34],[26.2,-32.33],[26.2,-32.32],[26.2,-32.31],[26.19,-32.31],[26.19,-32.3],[26.19,-32.29],[26.18,-32.28],[26.17,-32.28],[26.16,-32.28],[26.15,-32.27],[26.14,-32.27],[26.13,-32.27],[26.13,-32.28],[26.13,-32.29],[26.12,-32.3],[26.1,-32.31],[26.09,-32.31],[26.08,-32.32],[26.07,-32.32],[26.06,-32.31],[26.05,-32.31],[26.05,-32.32],[26.03,-32.33],[26.02,-32.34],[26.01,-32.35],[26.0,-32.35],[25.99,-32.35],[25.98,-32.35],[25.97,-32.35],[25.95,-32.36],[25.95,-32.37],[25.95,-32.38],[25.94,-32.38],[25.94,-32.39],[25.94,-32.4],[25.94,-32.41],[25.93,-32.41],[25.91,-32.42],[25.9,-32.43],[25.9,-32.44],[25.91,-32.45],[25.91,-32.46],[25.9,-32.47],[25.89,-32.48],[25.89,-32.49],[25.88,-32.49],[25.87,-32.49],[25.86,-32.49],[25.85,-32.49],[25.84,-32.49],[25.83,-32.49],[25.82,-32.49],[25.81,-32.48],[25.8,-32.48],[25.8,-32.49],[25.79,-32.49],[25.79,-32.5],[25.79,-32.51],[25.79,-32.52],[25.79,-32.53],[25.79,-32.54],[25.78,-32.54],[25.77,-32.54],[25.75,-32.53],[25.74,-32.53],[25.73,-32.53],[25.71,-32.53],[25.7,-32.52],[25.69,-32.51],[25.69,-32.5],[25.68,-32.5],[25.67,-32.5],[25.66,-32.51],[25.65,-32.51],[25.65,-32.5],[25.65,-32.49],[25.64,-32.48],[25.63,-32.46],[25.62,-32.46],[25.6,-32.45],[25.59,-32.46],[25.57,-32.46],[25.57,-32.45],[25.57,-32.44],[25.56,-32.43],[25.55,-32.42],[25.55,-32.41],[25.54,-32.4],[25.53,-32.39],[25.51,-32.4],[25.49,-32.41],[25.48,-32.41],[25.47,-32.41],[25.45,-32.42],[25.44,-32.42],[25.43,-32.42],[25.42,-32.42],[25.41,-32.42],[25.4,-32.41],[25.4,-32.4],[25.41,-32.4],[25.41,-32.39],[25.41,-32.38],[25.42,-32.37],[25.41,-32.37],[25.4,-32.37],[25.39,-32.36],[25.38,-32.35],[25.37,-32.34],[25.36,-32.34],[25.36,-32.33],[25.36,-32.32],[25.36,-32.31],[25.35,-32.31],[25.34,-32.31],[25.33,-32.31],[25.32,-32.31],[25.31,-32.31],[25.31,-32.32],[25.3,-32.33],[25.29,-32.34],[25.28,-32.34],[25.28,-32.35],[25.27,-32.34],[25.25,-32.34],[25.24,-32.34],[25.23,-32.34],[25.22,-32.35],[25.21,-32.35],[25.21,-32.34],[25.2,-32.33],[25.19,-32.33],[25.19,-32.32],[25.18,-32.33],[25.17,-32.33],[25.16,-32.32],[25.16,-32.31],[25.15,-32.31],[25.14,-32.3],[25.13,-32.29],[25.12,-32.29],[25.1,-32.28],[25.09,-32.28],[25.08,-32.27],[25.07,-32.28],[25.06,-32.28],[25.05,-32.28],[25.05,-32.27],[25.03,-32.27],[25.02,-32.26],[25.02,-32.25],[25.01,-32.25],[25.0,-32.25],[24.98,-32.26],[24.97,-32.25],[24.96,-32.25],[24.95,-32.24],[24.94,-32.24],[24.93,-32.24],[24.92,-32.24],[24.91,-32.23],[24.9,-32.22],[24.91,-32.22],[24.91,-32.21],[24.91,-32.2],[24.91,-32.19],[24.91,-32.18],[24.92,-32.17],[24.93,-32.17],[24.94,-32.17],[24.94,-32.16],[24.94,-32.15],[24.95,-32.14],[24.95,-32.13],[24.95,-32.12],[24.96,-32.12],[24.97,-32.11],[24.96,-32.1],[24.96,-32.09],[24.96,-32.08],[24.96,-32.07],[24.95,-32.07],[24.94,-32.06],[24.94,-32.05],[24.94,-32.04],[24.94,-32.03],[24.95,-32.02],[24.95,-32.01],[24.95,-32.0],[24.95,-31.99],[24.94,-31.98],[24.94,-31.97],[24.93,-31.97],[24.93,-31.96],[24.93,-31.95],[24.92,-31.95],[24.92,-31.94],[24.93,-31.94],[24.94,-31.93],[24.94,-31.92],[24.94,-31.91],[24.94,-31.9],[24.93,-31.89],[24.92,-31.88],[24.92,-31.87],[24.92,-31.86],[24.91,-31.87],[24.9,-31.87],[24.9,-31.86],[24.9,-31.85],[24.9,-31.84],[24.9,-31.83],[24.89,-31.83],[24.88,-31.84],[24.87,-31.84],[24.86,-31.83],[24.85,-31.83],[24.85,-31.82],[24.84,-31.81],[24.83,-31.81],[24.83,-31.8],[24.82,-31.8],[24.81,-31.79],[24.8,-31.79],[24.8,-31.78],[24.79,-31.79],[24.78,-31.8],[24.76,-31.81],[24.77,-31.8],[24.77,-31.79],[24.75,-31.79],[24.75,-31.78],[24.74,-31.78],[24.73,-31.79],[24.73,-31.78],[24.72,-31.78],[24.71,-31.77],[24.7,-31.77],[24.7,-31.76],[24.7,-31.75],[24.7,-31.74],[24.68,-31.74],[24.68,-31.73],[24.67,-31.73],[24.66,-31.73],[24.64,-31.73],[24.66,-31.72],[24.65,-31.72],[24.64,-31.72],[24.63,-31.71],[24.64,-31.69],[24.63,-31.7],[24.62,-31.71],[24.62,-31.72],[24.62,-31.73],[24.6,-31.73],[24.59,-31.73],[24.58,-31.73],[24.58,-31.74],[24.57,-31.74],[24.56,-31.75],[24.55,-31.76],[24.54,-31.76],[24.52,-31.76],[24.52,-31.75],[24.51,-31.75],[24.51,-31.74],[24.51,-31.73],[24.51,-31.72],[24.51,-31.71],[24.51,-31.7],[24.51,-31.69],[24.52,-31.67],[24.52,-31.65],[24.52,-31.64],[24.52,-31.61],[24.52,-31.6],[24.51,-31.57],[24.5,-31.57]]]]},"properties":{"name":"Chris Hani District"}},{"type":"Feature","geometry":{"type":"MultiPolygon","coordinates":[[[[18.31,-34.04],[18.31,-34.03],[18.32,-34.03],[18.31,-34.03],[18.32,-34.03],[18.33,-34.03],[18.33,-34.02],[18.33,-34.01],[18.34,-34.01],[18.33,-34.01],[18.34,-34.01],[18.34,-34.0],[18.34,-34.01],[18.34,-34.0],[18.34,-33.99],[18.35,-33.99],[18.36,-33.99],[18.35,-33.98],[18.36,-33.98],[18.37,-33.98],[18.37,-33.97],[18.37,-33.96],[18.38,-33.96],[18.38,-33.95],[18.37,-33.95],[18.38,-33.95],[18.37,-33.95],[18.38,-33.95],[18.37,-33.95],[18.38,-33.95],[18.37,-33.95],[18.38,-33.95],[18.37,-33.95],[18.37,-33.94],[18.37,-33.95],[18.37,-33.94],[18.37,-33.95],[18.37,-33.94],[18.38,-33.94],[18.38,-33.93],[18.37,-33.93],[18.38,-33.93],[18.37,-33.93],[18.38,-33.93],[18.38,-33.92],[18.39,-33.92],[18.39,-33.91],[18.4,-33.91],[18.4,-33.9],[18.41,-33.9],[18.42,-33.9],[18.41,-33.9],[18.42,-33.9],[18.43,-33.9],[18.44,-33.9],[18.45,-33.91],[18.46,-33.91],[18.47,-33.91],[18.48,-33.9],[18.48,-33.89],[18.49,-33.88],[18.49,-33.87],[18.49,-33.86],[18.49,-33.85],[18.49,-33.84],[18.48,-33.84],[18.48,-33.83],[18.48,-33.82],[18.47,-33.82],[18.47,-33.81],[18.46,-33.81],[18.46,-33.8],[18.46,-33.79],[18.45,-33.79],[18.45,-33.78],[18.45,-33.77],[18.44,-33.77],[18.44,-33.76],[18.44,-33.75],[18.44,-33.74],[18.44,-33.73],[18.44,-33.72],[18.44,-33.71],[18.44,-33.7],[18.44,-33.69],[18.43,-33.69],[18.44,-33.69],[18.43,-33.69],[18.43,-33.68],[18.42,-33.68],[18.43,-33.68],[18.43,-33.67],[18.42,-33.67],[18.42,-33.66],[18.42,-33.65],[18.41,-33.65],[18.41,-33.64],[18.4,-33.63],[18.4,-33.62],[18.39,-33.62],[18.38,-33.62],[18.37,-33.62],[18.37,-33.61],[18.37,-33.6],[18.36,-33.6],[18.36,-33.59],[18.36,-33.58],[18.35,-33.58],[18.35,-33.57],[18.34,-33.57],[18.34,-33.56],[18.36,-33.55],[18.36,-33.54],[18.37,-33.53],[18.38,-33.51],[18.39,-33.51],[18.4,-33.51],[18.43,-33.51],[18.44,-33.5],[18.45,-33.49],[18.46,-33.47],[18.48,-33.48],[18.5,-33.48],[18.51,-33.49],[18.51,-33.5],[18.52,-33.5],[18.52,-33.52],[18.52,-33.53],[18.53,-33.53],[18.54,-33.53],[18.55,-33.53],[18.56,-33.52],[18.57,-33.53],[18.58,-33.53],[18.58,-33.54],[18.58,-33.55],[18.58,-33.56],[18.57,-33.56],[18.57,-33.57],[18.58,-33.58],[18.59,-33.58],[18.6,-33.58],[18.6,-33.59],[18.61,-33.59],[18.61,-33.58],[18.62,-33.58],[18.62,-33.59],[18.62,-33.6],[18.62,-33.61],[18.63,-33.62],[18.63,-33.63],[18.64,-33.63],[18.64,-33.64],[18.65,-33.63],[18.66,-33.63],[18.66,-33.64],[18.67,-33.65],[18.69,-33.66],[18.69,-33.67],[18.69,-33.68],[18.71,-33.68],[18.73,-33.69],[18.74,-33.69],[18.75,-33.68],[18.75,-33.66],[18.76,-33.67],[18.76,-33.65],[18.78,-33.65],[18.78,-33.64],[18.79,-33.64],[18.8,-33.64],[18.81,-33.64],[18.82,-33.64],[18.82,-33.65],[18.81,-33.65],[18.81,-33.66],[18.81,-33.67],[18.8,-33.67],[18.79,-33.68],[18.8,-33.69],[18.8,-33.7],[18.79,-33.71],[18.8,-33.71],[18.81,-33.71],[18.82,-33.71],[18.82,-33.72],[18.82,-33.73],[18.83,-33.73],[18.83,-33.74],[18.81,-33.74],[18.81,-33.75],[18.81,-33.76],[18.8,-33.76],[18.79,-33.77],[18.8,-33.77],[18.8,-33.78],[18.81,-33.78],[18.8,-33.8],[18.79,-33.8],[18.78,-33.8],[18.79,-33.8],[18.79,-33.81],[18.79,-33.82],[18.78,-33.82],[18.77,-33.82],[18.77,-33.83],[18.76,-33.83],[18.75,-33.83],[18.75,-33.84],[18.75,-33.85],[18.75,-33.86],[18.75,-33.87],[18.75,-33.88],[18.75,-33.89],[18.74,-33.89],[18.73,-33.89],[18.72,-33.9],[18.72,-33.91],[18.72,-33.9],[18.71,-33.91],[18.71,-33.92],[18.72,-33.92],[18.72,-33.93],[18.73,-33.92],[18.73,-33.93],[18.74,-33.93],[18.74,-33.94],[18.74,-33.95],[18.73,-33.95],[18.73,-33.96],[18.73,-33.97],[18.74,-33.98],[18.75,-33.99],[18.74,-33.99],[18.74,-34.0],[18.75,-34.0],[18.75,-34.01],[18.74,-34.01],[18.74,-34.02],[18.75,-34.03],[18.76,-34.03],[18.76,-34.04],[18.77,-34.04],[18.77,-34.05],[18.78,-34.05],[18.79,-34.05],[18.8,-34.05],[18.81,-34.05],[18.81,-34.06],[18.82,-34.06],[18.82,-34.05],[18.81,-34.05],[18.82,-34.05],[18.81,-34.05],[18.82,-34.04],[18.83,-34.04],[18.83,-34.05],[18.84,-34.05],[18.85,-34.04],[18.86,-34.04],[18.86,-34.03],[18.87,-34.03],[18.88,-34.03],[18.89,-34.03],[18.9,-34.03],[18.9,-34.02],[18.91,-34.02],[18.92,-34.02],[18.92,-34.01],[18.92,-34.0],[18.93,-34.0],[18.94,-34.0],[18.94,-34.01],[18.95,-34.01],[18.96,-34.01],[18.96,-34.02],[18.97,-34.02],[18.98,-34.04],[19.0,-34.07],[18.99,-34.08],[18.99,-34.09],[18.98,-34.09],[18.98,-34.1],[18.97,-34.1],[18.96,-34.11],[18.96,-34.12],[18.95,-34.12],[18.95,-34.13],[18.95,-34.14],[18.94,-34.14],[18.95,-34.14],[18.96,-34.14],[18.97,-34.14],[18.96,-34.15],[18.97,-34.15],[18.98,-34.15],[18.97,-34.17],[18.96,-34.18],[18.95,-34.17],[18.95,-34.18],[18.95,-34.19],[18.94,-34.19],[18.94,-34.2],[18.93,-34.2],[18.93,-34.21],[18.92,-34.21],[18.91,-34.21],[18.91,-34.22],[18.9,-34.22],[18.9,-34.23],[18.89,-34.23],[18.88,-34.23],[18.88,-34.24],[18.88,-34.25],[18.87,-34.25],[18.87,-34.26],[18.86,-34.27],[18.85,-34.27],[18.85,-34.26],[18.86,-34.25],[18.85,-34.25],[18.85,-34.24],[18.85,-34.23],[18.84,-34.23],[18.84,-34.22],[18.83,-34.22],[18.83,-34.21],[18.83,-34.2],[18.83,-34.21],[18.83,-34.2],[18.82,-34.2],[18.82,-34.19],[18.82,-34.18],[18.83,-34.18],[18.82,-34.18],[18.83,-34.18],[18.83,-34.17],[18.84,-34.17],[18.85,-34.17],[18.86,-34.17],[18.86,-34.16],[18.87,-34.16],[18.86,-34.15],[18.85,-34.15],[18.86,-34.15],[18.85,-34.15],[18.85,-34.14],[18.84,-34.14],[18.84,-34.13],[18.83,-34.13],[18.83,-34.12],[18.82,-34.12],[18.82,-34.11],[18.82,-34.1],[18.81,-34.1],[18.8,-34.1],[18.8,-34.09],[18.79,-34.09],[18.78,-34.09],[18.78,-34.08],[18.77,-34.08],[18.76,-34.08],[18.75,-34.08],[18.74,-34.08],[18.73,-34.08],[18.73,-34.07],[18.72,-34.07],[18.71,-34.07],[18.7,-34.07],[18.69,-34.07],[18.68,-34.07],[18.67,-34.07],[18.66,-34.07],[18.65,-34.07],[18.64,-34.07],[18.63,-34.07],[18.62,-34.07],[18.62,-34.08],[18.61,-34.08],[18.6,-34.08],[18.59,-34.08],[18.58,-34.08],[18.57,-34.08],[18.57,-34.09],[18.56,-34.09],[18.55,-34.09],[18.54,-34.09],[18.53,-34.09],[18.52,-34.09],[18.52,-34.1],[18.51,-34.1],[18.5,-34.1],[18.49,-34.1],[18.48,-34.1],[18.48,-34.11],[18.47,-34.11],[18.46,-34.11],[18.46,-34.12],[18.45,-34.12],[18.45,-34.13],[18.44,-34.13],[18.44,-34.14],[18.43,-34.14],[18.44,-34.14],[18.44,-34.15],[18.44,-34.16],[18.43,-34.16],[18.43,-34.17],[18.43,-34.18],[18.43,-34.19],[18.44,-34.19],[18.44,-34.18],[18.44,-34.19],[18.45,-34.19],[18.45,-34.2],[18.46,-34.2],[18.46,-34.21],[18.46,-34.22],[18.47,-34.22],[18.47,-34.23],[18.48,-34.23],[18.47,-34.23],[18.48,-34.23],[18.47,-34.23],[18.47,-34.24],[18.48,-34.24],[18.47,-34.24],[18.48,-34.24],[18.47,-34.24],[18.47,-34.25],[18.48,-34.25],[18.48,-34.26],[18.47,-34.26],[18.47,-34.27],[18.47,-34.28],[18.47,-34.29],[18.47,-34.3],[18.46,-34.3],[18.46,-34.31],[18.46,-34.32],[18.47,-34.32],[18.46,-34.32],[18.47,-34.32],[18.47,-34.33],[18.47,-34.34],[18.48,-34.34],[18.48,-34.35],[18.49,-34.35],[18.5,-34.35],[18.5,-34.36],[18.49,-34.36],[18.49,-34.35],[18.49,-34.36],[18.49,-34.35],[18.49,-34.36],[18.48,-34.36],[18.48,-34.35],[18.48,-34.36],[18.47,-34.36],[18.47,-34.35],[18.46,-34.35],[18.46,-34.34],[18.45,-34.34],[18.44,-34.34],[18.44,-34.33],[18.43,-34.33],[18.42,-34.33],[18.42,-34.32],[18.41,-34.32],[18.42,-34.32],[18.41,-34.32],[18.41,-34.31],[18.4,-34.31],[18.41,-34.3],[18.4,-34.3],[18.4,-34.29],[18.39,-34.29],[18.39,-34.28],[18.38,-34.28],[18.38,-34.27],[18.38,-34.26],[18.38,-34.25],[18.38,-34.24],[18.38,-34.23],[18.38,-34.22],[18.37,-34.22],[18.37,-34.21],[18.37,-34.2],[18.37,-34.19],[18.36,-34.19],[18.36,-34.18],[18.35,-34.18],[18.34,-34.18],[18.34,-34.17],[18.33,-34.17],[18.33,-34.16],[18.32,-34.16],[18.32,-34.15],[18.32,-34.14],[18.33,-34.14],[18.33,-34.13],[18.34,-34.13],[18.35,-34.13],[18.35,-34.12],[18.35,-34.11],[18.35,-34.1],[18.35,-34.09],[18.36,-34.09],[18.35,-34.09],[18.35,-34.08],[18.36,-34.08],[18.35,-34.08],[18.36,-34.08],[18.36,-34.07],[18.36,-34.08],[18.36,-34.07],[18.37,-34.07],[18.36,-34.07],[18.37,-34.07],[18.36,-34.07],[18.37,-34.07],[18.37,-34.06],[18.36,-34.06],[18.37,-34.06],[18.36,-34.06],[18.36,-34.05],[18.35,-34.05],[18.36,-34.05],[18.35,-34.05],[18.35,-34.06],[18.34,-34.06],[18.33,-34.06],[18.33,-34.05],[18.32,-34.05],[18.33,-34.05],[18.32,-34.05],[18.32,-34.04],[18.31,-34.04]]],[[[18.36,-33.8],[18.36,-33.79],[18.37,-33.79],[18.37,-33.8],[18.38,-33.8],[18.38,-33.81],[18.38,-33.82],[18.37,-33.82],[18.36,-33.82],[18.36,-33.81],[18.36,-33.8]]]]},"properties":{"name":"City of Cape Town"}},{"type":"Feature","geometry":{"type":"MultiPolygon","coordinates":[[[[27.71,-26.21],[27.72,-26.21],[27.72,-26.2],[27.75,-26.21],[27.77,-26.21],[27.78,-26.2],[27.78,-26.19],[27.79,-26.18],[27.8,-26.18],[27.81,-26.18],[27.82,-26.18],[27.82,-26.17],[27.81,-26.17],[27.81,-26.16],[27.82,-26.16],[27.82,-26.15],[27.83,-26.14],[27.83,-26.13],[27.84,-26.13],[27.84,-26.12],[27.83,-26.11],[27.84,-26.11],[27.84,-26.1],[27.84,-26.09],[27.84,-26.08],[27.85,-26.08],[27.84,-26.08],[27.84,-26.07],[27.85,-26.07],[27.86,-26.07],[27.86,-26.08],[27.87,-26.08],[27.87,-26.07],[27.86,-26.07],[27.85,-26.07],[27.85,-26.06],[27.86,-26.06],[27.87,-26.06],[27.87,-26.07],[27.87,-26.06],[27.88,-26.06],[27.89,-26.06],[27.9,-26.06],[27.9,-26.05],[27.9,-26.04],[27.9,-26.03],[27.91,-26.03],[27.91,-26.02],[27.92,-26.02],[27.92,-26.01],[27.92,-26.0],[27.92,-25.99],[27.92,-25.98],[27.93,-25.98],[27.92,-25.98],[27.92,-25.97],[27.91,-25.97],[27.9,-25.96],[27.9,-25.95],[27.91,-25.95],[27.91,-25.94],[27.91,-25.93],[27.92,-25.93],[27.93,-25.93],[27.94,-25.93],[27.94,-25.92],[27.93,-25.92],[27.94,-25.92],[27.95,-25.92],[27.95,-25.91],[27.96,-25.91],[27.97,-25.91],[27.98,-25.91],[27.98,-25.9],[27.98,-25.91],[27.99,-25.91],[27.99,-25.92],[27.99,-25.93],[28.0,-25.93],[28.0,-25.92],[28.01,-25.92],[28.02,-25.92],[28.02,-25.91],[28.03,-25.91],[28.03,-25.92],[28.04,-25.92],[28.04,-25.93],[28.05,-25.93],[28.06,-25.93],[28.07,-25.93],[28.08,-25.93],[28.08,-25.92],[28.08,-25.93],[28.08,-25.92],[28.09,-25.92],[28.09,-25.93],[28.1,-25.93],[28.11,-25.92],[28.11,-25.93],[28.11,-25.94],[28.12,-25.94],[28.13,-25.94],[28.14,-25.94],[28.14,-25.93],[28.15,-25.93],[28.16,-25.93],[28.18,-25.92],[28.18,-25.93],[28.18,-25.94],[28.17,-25.95],[28.17,-25.96],[28.17,-25.97],[28.17,-25.98],[28.18,-25.98],[28.19,-25.98],[28.2,-25.98],[28.2,-25.97],[28.2,-25.98],[28.21,-25.98],[28.21,-25.99],[28.21,-26.0],[28.2,-26.0],[28.2,-26.01],[28.19,-26.01],[28.19,-26.02],[28.18,-26.02],[28.18,-26.03],[28.19,-26.03],[28.19,-26.04],[28.18,-26.04],[28.18,-26.03],[28.17,-26.03],[28.18,-26.03],[28.18,-26.04],[28.17,-26.04],[28.16,-26.04],[28.16,-26.05],[28.17,-26.06],[28.17,-26.05],[28.17,-26.06],[28.18,-26.06],[28.18,-26.07],[28.18,-26.08],[28.18,-26.09],[28.18,-26.1],[28.18,-26.11],[28.18,-26.12],[28.17,-26.12],[28.17,-26.11],[28.16,-26.11],[28.16,-26.12],[28.15,-26.12],[28.15,-26.13],[28.14,-26.13],[28.14,-26.12],[28.14,-26.13],[28.13,-26.13],[28.13,-26.14],[28.13,-26.15],[28.12,-26.15],[28.12,-26.16],[28.11,-26.16],[28.12,-26.17],[28.11,-26.17],[28.11,-26.18],[28.12,-26.18],[28.12,-26.19],[28.12,-26.2],[28.12,-26.21],[28.12,-26.22],[28.13,-26.22],[28.13,-26.23],[28.12,-26.23],[28.12,-26.24],[28.12,-26.25],[28.11,-26.25],[28.1,-26.26],[28.09,-26.26],[28.08,-26.26],[28.07,-26.26],[28.07,-26.27],[28.07,-26.28],[28.07,-26.29],[28.08,-26.29],[28.08,-26.3],[28.09,-26.3],[28.09,-26.31],[28.08,-26.32],[28.08,-26.33],[28.07,-26.34],[28.05,-26.35],[28.05,-26.36],[28.04,-26.35],[28.04,-26.34],[28.03,-26.34],[28.02,-26.34],[28.01,-26.34],[28.01,-26.35],[27.99,-26.35],[27.98,-26.35],[27.98,-26.34],[27.97,-26.34],[27.96,-26.34],[27.95,-26.35],[27.94,-26.36],[27.93,-26.36],[27.91,-26.36],[27.9,-26.37],[27.9,-26.38],[27.9,-26.39],[27.89,-26.39],[27.89,-26.4],[27.9,-26.4],[27.91,-26.4],[27.92,-26.4],[27.93,-26.4],[27.94,-26.4],[27.94,-26.41],[27.93,-26.41],[27.93,-26.42],[27.92,-26.43],[27.92,-26.44],[27.92,-26.45],[27.92,-26.46],[27.91,-26.46],[27.91,-26.45],[27.91,-26.44],[27.9,-26.44],[27.89,-26.44],[27.89,-26.45],[27.88,-26.45],[27.88,-26.44],[27.87,-26.44],[27.87,-26.45],[27.87,-26.46],[27.87,-26.47],[27.87,-26.48],[27.88,-26.48],[27.88,-26.49],[27.88,-26.5],[27.89,-26.5],[27.89,-26.51],[27.89,-26.52],[27.89,-26.53],[27.89,-26.52],[27.88,-26.52],[27.87,-26.52],[27.87,-26.51],[27.86,-26.51],[27.86,-26.5],[27.85,-26.5],[27.84,-26.49],[27.83,-26.49],[27.83,-26.5],[27.83,-26.49],[27.82,-26.48],[27.81,-26.48],[27.8,-26.48],[27.78,-26.48],[27.78,-26.49],[27.76,-26.48],[27.76,-26.46],[27.76,-26.44],[27.77,-26.45],[27.78,-26.45],[27.79,-26.45],[27.79,-26.44],[27.79,-26.43],[27.79,-26.42],[27.77,-26.42],[27.76,-26.42],[27.76,-26.4],[27.76,-26.39],[27.75,-26.38],[27.75,-26.37],[27.75,-26.36],[27.76,-26.36],[27.77,-26.36],[27.78,-26.36],[27.79,-26.36],[27.8,-26.36],[27.81,-26.36],[27.81,-26.35],[27.81,-26.34],[27.81,-26.33],[27.82,-26.34],[27.82,-26.33],[27.82,-26.32],[27.82,-26.31],[27.82,-26.3],[27.82,-26.29],[27.81,-26.29],[27.81,-26.28],[27.81,-26.29],[27.8,-26.29],[27.79,-26.29],[27.79,-26.3],[27.78,-26.3],[27.78,-26.29],[27.77,-26.29],[27.76,-26.29],[27.74,-26.29],[27.74,-26.28],[27.75,-26.27],[27.75,-26.26],[27.73,-26.25],[27.73,-26.24],[27.72,-26.24],[27.72,-26.23],[27.72,-26.22],[27.71,-26.22],[27.71,-26.21]]]]},"properties":{"name":"City of Johannesburg Metropolitan"}},{"type":"Feature","geometry":{"type":"MultiPolygon","coordinates":[[[[27.89,-25.88],[27.9,-25.88],[27.9,-25.87],[27.9,-25.86],[27.9,-25.85],[27.9,-25.84],[27.94,-25.84],[27.94,-25.83],[27.93,-25.83],[27.93,-25.82],[27.94,-25.82],[27.95,-25.82],[27.96,-25.82],[27.96,-25.8],[27.96,-25.79],[27.95,-25.79],[27.95,-25.78],[27.95,-25.77],[27.95,-25.76],[27.96,-25.76],[27.97,-25.76],[27.98,-25.75],[27.98,-25.74],[27.97,-25.74],[27.97,-25.73],[27.96,-25.72],[27.96,-25.71],[27.95,-25.7],[27.95,-25.69],[27.96,-25.69],[27.95,-25.68],[27.95,-25.67],[27.95,-25.66],[27.95,-25.65],[27.96,-25.65],[27.96,-25.64],[27.96,-25.65],[27.97,-25.65],[27.97,-25.64],[27.96,-25.63],[27.97,-25.63],[27.98,-25.63],[27.98,-25.62],[27.98,-25.61],[27.97,-25.61],[27.97,-25.6],[27.96,-25.59],[27.96,-25.58],[27.97,-25.58],[27.97,-25.57],[27.97,-25.56],[27.98,-25.56],[27.98,-25.55],[27.98,-25.54],[27.99,-25.55],[28.0,-25.55],[28.01,-25.55],[28.02,-25.55],[28.03,-25.56],[28.04,-25.56],[28.05,-25.56],[28.05,-25.55],[28.05,-25.54],[28.05,-25.53],[28.04,-25.53],[28.03,-25.53],[28.02,-25.53],[28.01,-25.53],[28.01,-25.52],[28.0,-25.52],[27.99,-25.52],[28.0,-25.5],[28.0,-25.49],[28.01,-25.49],[28.01,-25.48],[28.02,-25.48],[28.04,-25.47],[28.03,-25.46],[28.02,-25.46],[28.01,-25.45],[28.01,-25.44],[28.0,-25.44],[28.0,-25.43],[27.99,-25.43],[27.99,-25.42],[27.99,-25.43],[27.98,-25.43],[27.98,-25.44],[27.97,-25.44],[27.96,-25.43],[27.96,-25.42],[27.95,-25.42],[27.95,-25.41],[27.95,-25.4],[27.95,-25.39],[27.96,-25.39],[27.96,-25.38],[27.97,-25.37],[27.97,-25.36],[27.98,-25.36],[27.99,-25.36],[28.0,-25.36],[28.01,-25.36],[28.01,-25.37],[28.02,-25.37],[28.02,-25.38],[28.03,-25.39],[28.04,-25.4],[28.05,-25.4],[28.06,-25.4],[28.06,-25.39],[28.07,-25.39],[28.08,-25.39],[28.08,-25.38],[28.11,-25.37],[28.11,-25.38],[28.13,-25.38],[28.14,-25.37],[28.17,-25.37],[28.18,-25.37],[28.18,-25.36],[28.18,-25.34],[28.18,-25.33],[28.2,-25.32],[28.21,-25.33],[28.22,-25.34],[28.23,-25.35],[28.25,-25.35],[28.26,-25.35],[28.27,-25.35],[28.28,-25.34],[28.29,-25.34],[28.3,-25.34],[28.3,-25.33],[28.3,-25.32],[28.3,-25.31],[28.32,-25.31],[28.32,-25.3],[28.33,-25.3],[28.34,-25.3],[28.38,-25.29],[28.38,-25.3],[28.38,-25.31],[28.38,-25.32],[28.39,-25.32],[28.41,-25.32],[28.42,-25.32],[28.43,-25.32],[28.44,-25.31],[28.45,-25.31],[28.47,-25.31],[28.5,-25.31],[28.5,-25.3],[28.5,-25.29],[28.5,-25.28],[28.5,-25.27],[28.51,-25.26],[28.53,-25.25],[28.54,-25.25],[28.55,-25.25],[28.56,-25.25],[28.57,-25.25],[28.59,-25.25],[28.6,-25.25],[28.61,-25.26],[28.62,-25.27],[28.63,-25.28],[28.64,-25.27],[28.64,-25.26],[28.65,-25.26],[28.65,-25.25],[28.66,-25.24],[28.66,-25.23],[28.66,-25.24],[28.66,-25.25],[28.67,-25.25],[28.67,-25.24],[28.68,-25.24],[28.68,-25.23],[28.68,-25.22],[28.68,-25.21],[28.67,-25.21],[28.66,-25.21],[28.65,-25.2],[28.64,-25.19],[28.64,-25.18],[28.63,-25.17],[28.62,-25.15],[28.63,-25.15],[28.65,-25.14],[28.66,-25.14],[28.67,-25.14],[28.67,-25.13],[28.68,-25.13],[28.69,-25.13],[28.69,-25.12],[28.7,-25.12],[28.71,-25.12],[28.73,-25.11],[28.74,-25.11],[28.75,-25.11],[28.75,-25.12],[28.76,-25.14],[28.76,-25.15],[28.77,-25.18],[28.78,-25.18],[28.78,-25.2],[28.78,-25.23],[28.77,-25.23],[28.77,-25.22],[28.76,-25.22],[28.76,-25.23],[28.75,-25.24],[28.74,-25.25],[28.74,-25.26],[28.73,-25.27],[28.74,-25.29],[28.73,-25.28],[28.72,-25.29],[28.7,-25.29],[28.69,-25.3],[28.68,-25.3],[28.67,-25.31],[28.66,-25.32],[28.64,-25.33],[28.63,-25.33],[28.62,-25.33],[28.62,-25.34],[28.63,-25.35],[28.63,-25.36],[28.63,-25.38],[28.64,-25.39],[28.63,-25.4],[28.62,-25.41],[28.62,-25.44],[28.63,-25.45],[28.63,-25.46],[28.62,-25.46],[28.62,-25.47],[28.63,-25.49],[28.63,-25.52],[28.63,-25.53],[28.63,-25.54],[28.63,-25.55],[28.63,-25.56],[28.64,-25.56],[28.64,-25.57],[28.64,-25.58],[28.65,-25.59],[28.64,-25.59],[28.65,-25.6],[28.65,-25.61],[28.65,-25.62],[28.66,-25.62],[28.66,-25.63],[28.66,-25.64],[28.67,-25.65],[28.67,-25.66],[28.67,-25.67],[28.68,-25.68],[28.7,-25.68],[28.71,-25.68],[28.71,-25.67],[28.72,-25.65],[28.72,-25.64],[28.72,-25.63],[28.74,-25.63],[28.77,-25.65],[28.76,-25.66],[28.76,-25.68],[28.75,-25.69],[28.76,-25.7],[28.76,-25.71],[28.76,-25.7],[28.77,-25.7],[28.78,-25.7],[28.79,-25.7],[28.81,-25.69],[28.82,-25.7],[28.82,-25.69],[28.83,-25.69],[28.84,-25.69],[28.85,-25.68],[28.82,-25.66],[28.81,-25.66],[28.81,-25.65],[28.81,-25.64],[28.82,-25.64],[28.84,-25.64],[28.84,-25.65],[28.85,-25.65],[28.86,-25.66],[28.87,-25.66],[28.87,-25.64],[28.86,-25.64],[28.86,-25.63],[28.85,-25.62],[28.85,-25.61],[28.85,-25.6],[28.85,-25.59],[28.85,-25.58],[28.84,-25.57],[28.83,-25.57],[28.81,-25.57],[28.8,-25.56],[28.8,-25.55],[28.8,-25.54],[28.81,-25.53],[28.82,-25.53],[28.82,-25.52],[28.83,-25.52],[28.85,-25.51],[28.85,-25.5],[28.86,-25.51],[28.86,-25.52],[28.87,-25.52],[28.87,-25.53],[28.86,-25.57],[28.91,-25.52],[28.91,-25.53],[28.92,-25.56],[28.93,-25.57],[28.93,-25.58],[28.94,-25.59],[28.95,-25.6],[28.96,-25.59],[28.98,-25.59],[29.0,-25.58],[29.01,-25.57],[29.0,-25.56],[28.99,-25.54],[29.0,-25.54],[29.01,-25.54],[29.01,-25.53],[29.02,-25.53],[29.01,-25.52],[29.01,-25.51],[29.02,-25.51],[29.02,-25.52],[29.03,-25.52],[29.04,-25.52],[29.05,-25.52],[29.06,-25.53],[29.07,-25.52],[29.07,-25.51],[29.08,-25.5],[29.08,-25.49],[29.09,-25.53],[29.1,-25.54],[29.09,-25.55],[29.08,-25.55],[29.07,-25.55],[29.06,-25.56],[29.03,-25.56],[29.04,-25.57],[29.05,-25.58],[29.04,-25.59],[29.04,-25.6],[29.04,-25.62],[29.06,-25.62],[29.07,-25.63],[29.06,-25.63],[29.06,-25.64],[29.03,-25.65],[29.01,-25.66],[28.99,-25.67],[28.97,-25.67],[28.97,-25.68],[28.96,-25.7],[28.96,-25.71],[28.95,-25.72],[28.95,-25.73],[28.96,-25.73],[28.97,-25.74],[28.98,-25.74],[28.98,-25.75],[28.97,-25.75],[28.97,-25.76],[28.96,-25.77],[28.96,-25.78],[28.95,-25.78],[28.95,-25.79],[28.95,-25.8],[28.94,-25.81],[28.94,-25.82],[28.94,-25.83],[28.95,-25.83],[28.95,-25.84],[28.95,-25.85],[28.94,-25.87],[28.94,-25.88],[28.94,-25.89],[28.91,-25.88],[28.89,-25.87],[28.88,-25.88],[28.89,-25.88],[28.89,-25.89],[28.88,-25.9],[28.88,-25.91],[28.88,-25.92],[28.88,-25.93],[28.88,-25.95],[28.88,-25.97],[28.89,-25.97],[28.87,-26.0],[28.87,-26.01],[28.87,-26.0],[28.86,-26.0],[28.84,-26.0],[28.83,-26.0],[28.82,-26.0],[28.8,-26.0],[28.79,-26.0],[28.78,-26.01],[28.77,-26.01],[28.76,-25.98],[28.76,-25.99],[28.75,-25.99],[28.73,-25.99],[28.71,-25.99],[28.69,-25.98],[28.68,-25.98],[28.67,-25.98],[28.65,-25.97],[28.63,-25.97],[28.6,-26.0],[28.59,-26.0],[28.59,-26.02],[28.59,-26.03],[28.58,-26.03],[28.58,-26.06],[28.56,-26.06],[28.56,-26.05],[28.55,-26.05],[28.54,-26.05],[28.53,-26.06],[28.52,-26.06],[28.51,-26.06],[28.5,-26.06],[28.5,-26.07],[28.49,-26.07],[28.48,-26.07],[28.47,-26.08],[28.47,-26.07],[28.46,-26.07],[28.44,-26.05],[28.44,-26.04],[28.45,-26.04],[28.45,-26.03],[28.46,-26.03],[28.46,-26.02],[28.46,-26.03],[28.46,-26.02],[28.46,-26.01],[28.45,-26.02],[28.45,-26.01],[28.45,-26.0],[28.45,-25.99],[28.44,-25.99],[28.45,-25.99],[28.45,-25.98],[28.46,-25.98],[28.46,-25.97],[28.47,-25.97],[28.47,-25.96],[28.46,-25.96],[28.45,-25.96],[28.44,-25.96],[28.43,-25.96],[28.42,-25.95],[28.42,-25.94],[28.41,-25.93],[28.41,-25.92],[28.41,-25.93],[28.4,-25.93],[28.39,-25.93],[28.39,-25.94],[28.38,-25.94],[28.37,-25.94],[28.37,-25.95],[28.36,-25.95],[28.35,-25.95],[28.34,-25.95],[28.32,-25.91],[28.27,-25.92],[28.27,-25.93],[28.26,-25.92],[28.24,-25.92],[28.23,-25.92],[28.22,-25.92],[28.21,-25.91],[28.2,-25.91],[28.19,-25.91],[28.18,-25.9],[28.18,-25.92],[28.16,-25.93],[28.15,-25.93],[28.14,-25.93],[28.14,-25.94],[28.13,-25.94],[28.12,-25.94],[28.11,-25.94],[28.11,-25.93],[28.11,-25.92],[28.1,-25.93],[28.09,-25.93],[28.09,-25.92],[28.08,-25.92],[28.08,-25.93],[28.08,-25.92],[28.08,-25.93],[28.07,-25.93],[28.06,-25.93],[28.05,-25.93],[28.04,-25.93],[28.04,-25.92],[28.03,-25.92],[28.03,-25.91],[28.02,-25.91],[28.02,-25.92],[28.01,-25.92],[28.0,-25.92],[28.0,-25.93],[27.99,-25.93],[27.99,-25.92],[27.99,-25.91],[27.98,-25.91],[27.98,-25.9],[27.98,-25.91],[27.97,-25.91],[27.96,-25.91],[27.95,-25.91],[27.95,-25.92],[27.94,-25.92],[27.93,-25.92],[27.92,-25.92],[27.91,-25.91],[27.9,-25.91],[27.89,-25.91],[27.89,-25.9],[27.89,-25.89],[27.89,-25.88]]]]},"properties":{"name":"City of Tshwane Metropolitan"}},{"type":"Feature","geometry":{"type":"MultiPolygon","coordinates":[[[[25.61,-27.18],[25.61,-27.17],[25.61,-27.16],[25.61,-27.15],[25.62,-27.15],[25.62,-27.14],[25.63,-27.13],[25.64,-27.13],[25.65,-27.12],[25.66,-27.11],[25.68,-27.1],[25.69,-27.1],[25.69,-27.09],[25.68,-27.08],[25.68,-27.07],[25.67,-27.06],[25.66,-27.03],[25.65,-27.02],[25.64,-27.01],[25.64,-27.0],[25.63,-26.99],[25.64,-26.98],[25.64,-26.97],[25.65,-26.96],[25.67,-26.96],[25.67,-26.97],[25.68,-26.97],[25.68,-26.96],[25.69,-26.95],[25.69,-26.94],[25.7,-26.94],[25.71,-26.94],[25.71,-26.93],[25.72,-26.93],[25.73,-26.93],[25.74,-26.92],[25.75,-26.92],[25.76,-26.92],[25.76,-26.91],[25.78,-26.91],[25.79,-26.91],[25.8,-26.91],[25.8,-26.9],[25.81,-26.9],[25.82,-26.91],[25.82,-26.92],[25.83,-26.92],[25.83,-26.94],[25.85,-26.93],[25.85,-26.92],[25.86,-26.92],[25.87,-26.92],[25.87,-26.91],[25.88,-26.91],[25.89,-26.9],[25.89,-26.89],[25.89,-26.88],[25.9,-26.89],[25.91,-26.91],[25.92,-26.91],[25.93,-26.9],[25.94,-26.89],[25.95,-26.89],[25.97,-26.88],[25.99,-26.88],[26.0,-26.86],[26.01,-26.86],[26.02,-26.87],[26.02,-26.86],[26.03,-26.86],[26.04,-26.86],[26.04,-26.85],[26.05,-26.85],[26.05,-26.84],[26.06,-26.83],[26.06,-26.84],[26.06,-26.85],[26.07,-26.86],[26.08,-26.86],[26.08,-26.85],[26.09,-26.84],[26.1,-26.83],[26.1,-26.82],[26.1,-26.81],[26.11,-26.81],[26.11,-26.8],[26.11,-26.79],[26.12,-26.77],[26.14,-26.76],[26.15,-26.76],[26.14,-26.76],[26.14,-26.75],[26.15,-26.75],[26.16,-26.74],[26.16,-26.75],[26.17,-26.74],[26.18,-26.74],[26.19,-26.73],[26.19,-26.71],[26.21,-26.71],[26.22,-26.7],[26.23,-26.7],[26.24,-26.71],[26.24,-26.7],[26.25,-26.7],[26.26,-26.7],[26.27,-26.69],[26.26,-26.68],[26.27,-26.68],[26.26,-26.67],[26.26,-26.66],[26.25,-26.65],[26.27,-26.64],[26.28,-26.64],[26.27,-26.63],[26.27,-26.62],[26.26,-26.62],[26.26,-26.61],[26.26,-26.6],[26.25,-26.6],[26.25,-26.59],[26.26,-26.58],[26.27,-26.58],[26.3,-26.57],[26.31,-26.57],[26.31,-26.56],[26.32,-26.56],[26.33,-26.56],[26.33,-26.55],[26.34,-26.54],[26.35,-26.53],[26.36,-26.52],[26.37,-26.52],[26.37,-26.51],[26.38,-26.51],[26.38,-26.5],[26.39,-26.5],[26.41,-26.5],[26.42,-26.49],[26.43,-26.49],[26.44,-26.49],[26.45,-26.48],[26.46,-26.48],[26.47,-26.48],[26.48,-26.48],[26.47,-26.46],[26.46,-26.44],[26.46,-26.43],[26.49,-26.42],[26.5,-26.42],[26.49,-26.39],[26.48,-26.39],[26.5,-26.38],[26.51,-26.37],[26.52,-26.37],[26.52,-26.36],[26.53,-26.35],[26.54,-26.35],[26.55,-26.34],[26.56,-26.34],[26.57,-26.34],[26.57,-26.33],[26.58,-26.34],[26.55,-26.33],[26.55,-26.31],[26.56,-26.31],[26.55,-26.3],[26.55,-26.29],[26.54,-26.28],[26.53,-26.26],[26.55,-26.26],[26.56,-26.26],[26.57,-26.25],[26.58,-26.25],[26.59,-26.25],[26.58,-26.23],[26.57,-26.22],[26.56,-26.2],[26.55,-26.17],[26.57,-26.16],[26.59,-26.15],[26.6,-26.15],[26.61,-26.14],[26.63,-26.14],[26.63,-26.13],[26.63,-26.12],[26.62,-26.1],[26.62,-26.07],[26.62,-26.06],[26.63,-26.06],[26.64,-26.06],[26.65,-26.06],[26.66,-26.06],[26.67,-26.05],[26.68,-26.05],[26.69,-26.05],[26.7,-26.05],[26.71,-26.05],[26.72,-26.06],[26.72,-26.07],[26.73,-26.09],[26.73,-26.1],[26.75,-26.1],[26.76,-26.1],[26.77,-26.09],[26.81,-26.08],[26.85,-26.06],[26.86,-26.06],[26.86,-26.07],[26.87,-26.07],[26.87,-26.06],[26.88,-26.06],[26.9,-26.07],[26.91,-26.07],[26.92,-26.07],[26.92,-26.05],[26.93,-26.05],[26.93,-26.03],[26.95,-26.04],[26.96,-26.04],[26.96,-26.05],[26.97,-26.05],[26.98,-26.06],[26.97,-26.07],[26.99,-26.07],[27.0,-26.07],[27.01,-26.08],[27.02,-26.08],[27.03,-26.09],[27.05,-26.1],[27.05,-26.11],[27.05,-26.13],[27.04,-26.13],[27.07,-26.1],[27.08,-26.1],[27.07,-26.13],[27.06,-26.14],[27.09,-26.14],[27.09,-26.11],[27.09,-26.1],[27.1,-26.1],[27.11,-26.1],[27.12,-26.1],[27.13,-26.1],[27.14,-26.1],[27.16,-26.1],[27.17,-26.09],[27.17,-26.08],[27.2,-26.08],[27.21,-26.08],[27.22,-26.08],[27.22,-26.09],[27.24,-26.09],[27.25,-26.09],[27.27,-26.09],[27.28,-26.1],[27.29,-26.1],[27.3,-26.1],[27.31,-26.1],[27.33,-26.1],[27.34,-26.1],[27.34,-26.11],[27.35,-26.11],[27.36,-26.11],[27.36,-26.12],[27.36,-26.13],[27.36,-26.14],[27.36,-26.15],[27.35,-26.15],[27.34,-26.15],[27.33,-26.15],[27.32,-26.15],[27.31,-26.15],[27.3,-26.15],[27.29,-26.14],[27.3,-26.18],[27.3,-26.2],[27.31,-26.23],[27.31,-26.24],[27.32,-26.25],[27.32,-26.26],[27.32,-26.27],[27.33,-26.27],[27.33,-26.28],[27.33,-26.29],[27.32,-26.29],[27.31,-26.29],[27.31,-26.3],[27.3,-26.3],[27.3,-26.31],[27.29,-26.31],[27.28,-26.31],[27.27,-26.31],[27.27,-26.32],[27.26,-26.32],[27.25,-26.33],[27.23,-26.34],[27.22,-26.35],[27.21,-26.36],[27.2,-26.36],[27.19,-26.38],[27.21,-26.41],[27.21,-26.43],[27.22,-26.44],[27.22,-26.45],[27.22,-26.46],[27.23,-26.46],[27.23,-26.49],[27.23,-26.51],[27.21,-26.51],[27.21,-26.52],[27.2,-26.52],[27.19,-26.52],[27.18,-26.52],[27.19,-26.53],[27.18,-26.52],[27.16,-26.52],[27.16,-26.53],[27.16,-26.54],[27.17,-26.55],[27.18,-26.55],[27.18,-26.56],[27.18,-26.57],[27.2,-26.57],[27.23,-26.57],[27.23,-26.58],[27.23,-26.59],[27.23,-26.6],[27.24,-26.62],[27.24,-26.63],[27.24,-26.64],[27.25,-26.64],[27.25,-26.63],[27.25,-26.64],[27.25,-26.63],[27.26,-26.63],[27.27,-26.63],[27.28,-26.63],[27.28,-26.62],[27.28,-26.63],[27.28,-26.62],[27.28,-26.63],[27.29,-26.63],[27.29,-26.62],[27.28,-26.62],[27.29,-26.62],[27.3,-26.62],[27.31,-26.62],[27.33,-26.62],[27.34,-26.61],[27.33,-26.6],[27.33,-26.59],[27.34,-26.58],[27.34,-26.57],[27.35,-26.57],[27.36,-26.57],[27.37,-26.57],[27.37,-26.58],[27.37,-26.59],[27.38,-26.6],[27.39,-26.6],[27.38,-26.61],[27.4,-26.63],[27.41,-26.64],[27.42,-26.65],[27.43,-26.65],[27.43,-26.64],[27.43,-26.63],[27.44,-26.63],[27.45,-26.63],[27.46,-26.63],[27.47,-26.63],[27.48,-26.64],[27.49,-26.64],[27.5,-26.64],[27.51,-26.65],[27.52,-26.65],[27.53,-26.65],[27.54,-26.65],[27.55,-26.65],[27.56,-26.65],[27.57,-26.65],[27.57,-26.66],[27.57,-26.67],[27.57,-26.68],[27.57,-26.69],[27.57,-26.7],[27.57,-26.71],[27.57,-26.72],[27.58,-26.72],[27.59,-26.7],[27.6,-26.69],[27.6,-26.7],[27.6,-26.71],[27.6,-26.72],[27.59,-26.72],[27.59,-26.73],[27.58,-26.73],[27.59,-26.74],[27.58,-26.74],[27.58,-26.75],[27.57,-26.75],[27.57,-26.76],[27.58,-26.76],[27.58,-26.77],[27.58,-26.78],[27.57,-26.78],[27.56,-26.78],[27.56,-26.77],[27.55,-26.77],[27.55,-26.78],[27.54,-26.78],[27.54,-26.79],[27.53,-26.78],[27.52,-26.78],[27.51,-26.78],[27.51,-26.79],[27.51,-26.8],[27.52,-26.8],[27.52,-26.81],[27.52,-26.82],[27.51,-26.82],[27.51,-26.83],[27.51,-26.84],[27.5,-26.84],[27.5,-26.85],[27.49,-26.85],[27.48,-26.85],[27.48,-26.86],[27.48,-26.87],[27.48,-26.88],[27.47,-26.89],[27.46,-26.89],[27.45,-26.89],[27.45,-26.9],[27.44,-26.9],[27.43,-26.91],[27.43,-26.92],[27.42,-26.92],[27.41,-26.93],[27.4,-26.92],[27.4,-26.91],[27.4,-26.92],[27.39,-26.91],[27.39,-26.9],[27.38,-26.9],[27.37,-26.9],[27.37,-26.89],[27.36,-26.89],[27.36,-26.88],[27.35,-26.88],[27.35,-26.87],[27.34,-26.87],[27.34,-26.86],[27.33,-26.86],[27.33,-26.85],[27.32,-26.85],[27.31,-26.85],[27.3,-26.85],[27.3,-26.86],[27.3,-26.87],[27.29,-26.87],[27.29,-26.88],[27.28,-26.88],[27.28,-26.89],[27.27,-26.89],[27.27,-26.9],[27.26,-26.9],[27.26,-26.91],[27.25,-26.91],[27.25,-26.92],[27.24,-26.92],[27.24,-26.93],[27.23,-26.93],[27.23,-26.94],[27.22,-26.94],[27.22,-26.95],[27.21,-26.95],[27.21,-26.96],[27.21,-26.97],[27.21,-26.98],[27.2,-26.98],[27.19,-26.98],[27.19,-26.97],[27.18,-26.97],[27.17,-26.97],[27.17,-26.96],[27.18,-26.96],[27.18,-26.95],[27.18,-26.94],[27.18,-26.93],[27.18,-26.92],[27.17,-26.92],[27.16,-26.92],[27.16,-26.93],[27.15,-26.93],[27.15,-26.94],[27.14,-26.94],[27.13,-26.94],[27.13,-26.93],[27.12,-26.93],[27.11,-26.93],[27.1,-26.93],[27.09,-26.93],[27.09,-26.94],[27.08,-26.94],[27.08,-26.93],[27.07,-26.93],[27.07,-26.94],[27.06,-26.94],[27.05,-26.94],[27.04,-26.94],[27.03,-26.94],[27.02,-26.93],[27.01,-26.93],[27.0,-26.93],[27.0,-26.92],[26.99,-26.92],[26.98,-26.91],[26.97,-26.91],[26.96,-26.91],[26.96,-26.9],[26.95,-26.9],[26.95,-26.89],[26.95,-26.88],[26.95,-26.87],[26.94,-26.87],[26.94,-26.88],[26.93,-26.88],[26.93,-26.89],[26.92,-26.89],[26.92,-26.9],[26.92,-26.91],[26.92,-26.92],[26.92,-26.93],[26.92,-26.94],[26.92,-26.95],[26.92,-26.96],[26.93,-26.96],[26.92,-26.96],[26.92,-26.97],[26.91,-26.97],[26.91,-26.96],[26.91,-26.95],[26.91,-26.94],[26.9,-26.94],[26.9,-26.93],[26.89,-26.93],[26.89,-26.94],[26.88,-26.94],[26.88,-26.93],[26.87,-26.93],[26.88,-26.93],[26.88,-26.92],[26.87,-26.92],[26.86,-26.92],[26.86,-26.93],[26.85,-26.93],[26.85,-26.94],[26.84,-26.94],[26.84,-26.95],[26.83,-26.95],[26.82,-26.95],[26.81,-26.95],[26.81,-26.94],[26.81,-26.93],[26.8,-26.93],[26.8,-26.94],[26.79,-26.94],[26.78,-26.94],[26.78,-26.95],[26.77,-26.95],[26.76,-26.95],[26.76,-26.96],[26.75,-26.96],[26.75,-26.97],[26.75,-26.96],[26.74,-26.96],[26.74,-26.97],[26.73,-26.97],[26.72,-26.97],[26.71,-26.97],[26.71,-26.98],[26.71,-26.99],[26.7,-26.99],[26.7,-27.0],[26.7,-27.01],[26.69,-27.01],[26.69,-27.02],[26.68,-27.02],[26.68,-27.01],[26.68,-27.0],[26.67,-27.0],[26.67,-26.99],[26.66,-26.99],[26.65,-27.0],[26.64,-27.0],[26.63,-27.0],[26.62,-27.0],[26.62,-27.01],[26.62,-27.02],[26.61,-27.02],[26.61,-27.03],[26.6,-27.03],[26.6,-27.04],[26.59,-27.04],[26.59,-27.05],[26.58,-27.05],[26.58,-27.06],[26.59,-27.06],[26.59,-27.07],[26.59,-27.08],[26.59,-27.09],[26.59,-27.1],[26.59,-27.11],[26.58,-27.11],[26.58,-27.1],[26.57,-27.1],[26.56,-27.1],[26.55,-27.1],[26.55,-27.09],[26.54,-27.09],[26.53,-27.09],[26.52,-27.1],[26.52,-27.11],[26.52,-27.12],[26.51,-27.12],[26.51,-27.13],[26.5,-27.13],[26.49,-27.13],[26.48,-27.13],[26.48,-27.14],[26.48,-27.15],[26.47,-27.15],[26.47,-27.16],[26.46,-27.16],[26.45,-27.16],[26.45,-27.15],[26.44,-27.15],[26.43,-27.15],[26.42,-27.16],[26.42,-27.17],[26.42,-27.18],[26.43,-27.18],[26.43,-27.19],[26.43,-27.2],[26.44,-27.2],[26.44,-27.21],[26.44,-27.22],[26.45,-27.22],[26.46,-27.22],[26.46,-27.23],[26.47,-27.23],[26.47,-27.24],[26.48,-27.24],[26.48,-27.25],[26.49,-27.25],[26.49,-27.26],[26.5,-27.26],[26.5,-27.27],[26.5,-27.28],[26.49,-27.28],[26.49,-27.29],[26.49,-27.3],[26.49,-27.31],[26.49,-27.32],[26.48,-27.32],[26.48,-27.31],[26.49,-27.31],[26.48,-27.31],[26.47,-27.31],[26.47,-27.32],[26.46,-27.32],[26.46,-27.33],[26.46,-27.34],[26.45,-27.34],[26.45,-27.35],[26.45,-27.36],[26.46,-27.36],[26.46,-27.37],[26.47,-27.37],[26.48,-27.37],[26.48,-27.38],[26.49,-27.38],[26.5,-27.38],[26.51,-27.38],[26.51,-27.39],[26.51,-27.4],[26.5,-27.4],[26.49,-27.4],[26.49,-27.39],[26.48,-27.39],[26.47,-27.39],[26.46,-27.39],[26.45,-27.39],[26.44,-27.39],[26.44,-27.4],[26.43,-27.4],[26.43,-27.41],[26.42,-27.41],[26.42,-27.4],[26.41,-27.4],[26.4,-27.4],[26.4,-27.39],[26.39,-27.39],[26.38,-27.39],[26.37,-27.39],[26.37,-27.38],[26.37,-27.39],[26.36,-27.39],[26.35,-27.39],[26.34,-27.39],[26.34,-27.4],[26.33,-27.4],[26.33,-27.41],[26.33,-27.42],[26.33,-27.43],[26.32,-27.43],[26.31,-27.43],[26.31,-27.42],[26.3,-27.42],[26.29,-27.42],[26.28,-27.42],[26.27,-27.42],[26.26,-27.42],[26.26,-27.43],[26.25,-27.43],[26.24,-27.43],[26.24,-27.44],[26.24,-27.45],[26.23,-27.45],[26.23,-27.46],[26.23,-27.47],[26.22,-27.47],[26.22,-27.48],[26.22,-27.49],[26.23,-27.49],[26.23,-27.5],[26.23,-27.51],[26.22,-27.51],[26.22,-27.52],[26.21,-27.52],[26.2,-27.52],[26.19,-27.52],[26.19,-27.53],[26.18,-27.53],[26.17,-27.53],[26.17,-27.54],[26.17,-27.55],[26.16,-27.55],[26.16,-27.56],[26.15,-27.56],[26.14,-27.56],[26.13,-27.56],[26.13,-27.57],[26.12,-27.57],[26.12,-27.58],[26.12,-27.59],[26.11,-27.59],[26.11,-27.6],[26.1,-27.6],[26.1,-27.59],[26.09,-27.59],[26.08,-27.59],[26.08,-27.6],[26.08,-27.61],[26.08,-27.62],[26.07,-27.62],[26.08,-27.62],[26.08,-27.63],[26.08,-27.64],[26.09,-27.64],[26.09,-27.65],[26.08,-27.65],[26.07,-27.66],[26.06,-27.66],[26.06,-27.67],[26.05,-27.67],[26.06,-27.67],[26.06,-27.68],[26.07,-27.68],[26.08,-27.68],[26.09,-27.68],[26.09,-27.69],[26.09,-27.7],[26.08,-27.7],[26.08,-27.71],[26.07,-27.71],[26.07,-27.72],[26.06,-27.72],[26.05,-27.72],[26.05,-27.73],[26.04,-27.73],[26.04,-27.74],[26.03,-27.74],[26.03,-27.73],[26.02,-27.73],[26.02,-27.72],[26.01,-27.72],[26.01,-27.71],[26.0,-27.71],[26.0,-27.7],[26.01,-27.7],[26.01,-27.69],[26.01,-27.68],[26.01,-27.67],[26.01,-27.66],[26.01,-27.65],[26.0,-27.65],[26.0,-27.64],[25.99,-27.64],[25.98,-27.64],[25.98,-27.63],[25.97,-27.63],[25.97,-27.62],[25.97,-27.63],[25.96,-27.63],[25.95,-27.63],[25.94,-27.63],[25.94,-27.62],[25.94,-27.61],[25.93,-27.61],[25.93,-27.6],[25.92,-27.6],[25.92,-27.61],[25.91,-27.61],[25.9,-27.61],[25.89,-27.61],[25.9,-27.61],[25.9,-27.62],[25.89,-27.62],[25.89,-27.63],[25.88,-27.63],[25.87,-27.63],[25.86,-27.63],[25.86,-27.62],[25.85,-27.62],[25.85,-27.61],[25.84,-27.61],[25.84,-27.6],[25.85,-27.6],[25.85,-27.59],[25.84,-27.59],[25.84,-27.58],[25.83,-27.58],[25.83,-27.57],[25.83,-27.56],[25.83,-27.55],[25.83,-27.54],[25.83,-27.53],[25.83,-27.52],[25.83,-27.51],[25.82,-27.52],[25.81,-27.52],[25.8,-27.52],[25.79,-27.52],[25.78,-27.53],[25.77,-27.53],[25.76,-27.53],[25.75,-27.53],[25.75,-27.51],[25.75,-27.5],[25.74,-27.49],[25.74,-27.48],[25.74,-27.47],[25.75,-27.47],[25.75,-27.46],[25.76,-27.46],[25.77,-27.46],[25.8,-27.45],[25.8,-27.43],[25.8,-27.42],[25.8,-27.39],[25.79,-27.39],[25.77,-27.39],[25.75,-27.39],[25.74,-27.39],[25.72,-27.38],[25.7,-27.38],[25.7,-27.37],[25.73,-27.37],[25.74,-27.37],[25.75,-27.37],[25.75,-27.36],[25.76,-27.36],[25.76,-27.37],[25.8,-27.37],[25.8,-27.36],[25.81,-27.36],[25.82,-27.36],[25.82,-27.34],[25.81,-27.32],[25.81,-27.31],[25.81,-27.3],[25.81,-27.29],[25.8,-27.29],[25.8,-27.28],[25.79,-27.27],[25.78,-27.26],[25.78,-27.25],[25.78,-27.24],[25.77,-27.23],[25.77,-27.22],[25.77,-27.21],[25.75,-27.21],[25.74,-27.22],[25.73,-27.22],[25.7,-27.22],[25.7,-27.21],[25.69,-27.2],[25.69,-27.19],[25.69,-27.18],[25.68,-27.17],[25.68,-27.16],[25.66,-27.17],[25.64,-27.17],[25.65,-27.18],[25.64,-27.18],[25.63,-27.19],[25.63,-27.18],[25.61,-27.18]]]]},"properties":{"name":"Dr Kenneth Kaunda District"}},{"type":"Feature","geometry":{"type":"MultiPolygon","coordinates":[[[[22.63,-26.1],[22.63,-26.09],[22.64,-26.09],[22.65,-26.09],[22.65,-26.08],[22.66,-26.08],[22.67,-26.08],[22.67,-26.07],[22.67,-26.06],[22.67,-26.05],[22.67,-26.04],[22.67,-26.03],[22.66,-26.03],[22.66,-26.02],[22.67,-26.02],[22.67,-26.01],[22.68,-26.01],[22.68,-26.02],[22.69,-26.02],[22.7,-26.02],[22.71,-26.02],[22.72,-26.02],[22.73,-26.01],[22.72,-26.01],[22.72,-26.0],[22.73,-25.99],[22.73,-25.98],[22.73,-25.97],[22.73,-25.96],[22.72,-25.96],[22.72,-25.95],[22.73,-25.95],[22.73,-25.94],[22.73,-25.93],[22.74,-25.93],[22.75,-25.92],[22.75,-25.91],[22.74,-25.91],[22.73,-25.91],[22.72,-25.91],[22.72,-25.9],[22.71,-25.9],[22.71,-25.89],[22.72,-25.89],[22.73,-25.89],[22.73,-25.88],[22.74,-25.88],[22.74,-25.87],[22.74,-25.86],[22.73,-25.86],[22.74,-25.86],[22.74,-25.85],[22.75,-25.85],[22.76,-25.85],[22.76,-25.84],[22.77,-25.84],[22.78,-25.84],[22.78,-25.83],[22.78,-25.82],[22.78,-25.81],[22.77,-25.81],[22.76,-25.81],[22.75,-25.81],[22.75,-25.8],[22.74,-25.8],[22.73,-25.79],[22.74,-25.79],[22.75,-25.79],[22.76,-25.79],[22.76,-25.78],[22.76,-25.77],[22.76,-25.76],[22.76,-25.75],[22.77,-25.75],[22.77,-25.74],[22.77,-25.73],[22.78,-25.73],[22.79,-25.73],[22.8,-25.73],[22.8,-25.72],[22.81,-25.72],[22.81,-25.71],[22.81,-25.7],[22.82,-25.7],[22.82,-25.69],[22.82,-25.68],[22.82,-25.67],[22.83,-25.67],[22.83,-25.66],[22.82,-25.66],[22.82,-25.65],[22.81,-25.65],[22.8,-25.65],[22.8,-25.64],[22.8,-25.63],[22.81,-25.63],[22.82,-25.63],[22.82,-25.62],[22.83,-25.62],[22.84,-25.62],[22.85,-25.62],[22.85,-25.61],[22.85,-25.6],[22.84,-25.6],[22.83,-25.6],[22.83,-25.59],[22.82,-25.59],[22.82,-25.58],[22.81,-25.58],[22.82,-25.58],[22.82,-25.57],[22.83,-25.57],[22.83,-25.56],[22.84,-25.56],[22.84,-25.55],[22.84,-25.54],[22.85,-25.54],[22.85,-25.53],[22.85,-25.52],[22.86,-25.52],[22.86,-25.51],[22.86,-25.5],[22.85,-25.5],[22.85,-25.49],[22.85,-25.48],[22.86,-25.48],[22.87,-25.48],[22.88,-25.48],[22.89,-25.49],[22.9,-25.49],[22.9,-25.48],[22.89,-25.48],[22.89,-25.47],[22.89,-25.46],[22.9,-25.46],[22.9,-25.45],[22.9,-25.44],[22.91,-25.44],[22.91,-25.43],[22.91,-25.42],[22.92,-25.42],[22.92,-25.41],[22.93,-25.41],[22.93,-25.4],[22.94,-25.4],[22.95,-25.4],[22.95,-25.39],[22.96,-25.39],[22.96,-25.38],[22.97,-25.38],[22.97,-25.37],[22.98,-25.37],[22.98,-25.36],[22.97,-25.36],[22.97,-25.35],[22.97,-25.34],[22.98,-25.34],[22.99,-25.34],[23.0,-25.34],[23.01,-25.34],[23.01,-25.33],[23.01,-25.32],[23.01,-25.31],[23.01,-25.3],[23.02,-25.3],[23.02,-25.31],[23.03,-25.31],[23.04,-25.31],[23.04,-25.3],[23.05,-25.3],[23.05,-25.29],[23.06,-25.29],[23.06,-25.3],[23.06,-25.31],[23.05,-25.32],[23.06,-25.32],[23.06,-25.33],[23.07,-25.33],[23.08,-25.33],[23.09,-25.33],[23.09,-25.32],[23.09,-25.31],[23.1,-25.31],[23.11,-25.31],[23.11,-25.3],[23.12,-25.3],[23.12,-25.31],[23.13,-25.31],[23.13,-25.32],[23.14,-25.32],[23.14,-25.31],[23.15,-25.31],[23.15,-25.3],[23.16,-25.3],[23.17,-25.3],[23.17,-25.29],[23.18,-25.29],[23.18,-25.28],[23.19,-25.28],[23.2,-25.28],[23.21,-25.28],[23.21,-25.27],[23.22,-25.27],[23.22,-25.28],[23.23,-25.28],[23.24,-25.28],[23.25,-25.28],[23.26,-25.28],[23.27,-25.28],[23.27,-25.27],[23.28,-25.27],[23.28,-25.28],[23.29,-25.28],[23.29,-25.29],[23.3,-25.29],[23.31,-25.29],[23.31,-25.28],[23.32,-25.28],[23.32,-25.29],[23.33,-25.29],[23.34,-25.29],[23.35,-25.29],[23.35,-25.28],[23.36,-25.29],[23.37,-25.3],[23.38,-25.3],[23.39,-25.3],[23.39,-25.31],[23.4,-25.31],[23.41,-25.31],[23.41,-25.32],[23.42,-25.32],[23.42,-25.31],[23.43,-25.3],[23.43,-25.29],[23.44,-25.29],[23.44,-25.28],[23.45,-25.28],[23.45,-25.27],[23.45,-25.28],[23.46,-25.28],[23.47,-25.28],[23.46,-25.29],[23.46,-25.3],[23.47,-25.3],[23.48,-25.3],[23.48,-25.31],[23.49,-25.31],[23.49,-25.32],[23.5,-25.32],[23.5,-25.33],[23.5,-25.34],[23.5,-25.35],[23.51,-25.35],[23.52,-25.34],[23.53,-25.34],[23.53,-25.35],[23.54,-25.35],[23.55,-25.35],[23.56,-25.35],[23.56,-25.36],[23.56,-25.37],[23.57,-25.37],[23.58,-25.37],[23.58,-25.38],[23.59,-25.38],[23.58,-25.38],[23.58,-25.39],[23.59,-25.39],[23.59,-25.4],[23.6,-25.4],[23.6,-25.39],[23.6,-25.38],[23.61,-25.38],[23.62,-25.38],[23.62,-25.39],[23.62,-25.4],[23.61,-25.4],[23.61,-25.41],[23.62,-25.41],[23.63,-25.41],[23.63,-25.42],[23.63,-25.43],[23.64,-25.43],[23.65,-25.43],[23.66,-25.43],[23.66,-25.42],[23.66,-25.41],[23.66,-25.42],[23.67,-25.42],[23.68,-25.42],[23.68,-25.43],[23.67,-25.43],[23.67,-25.44],[23.67,-25.45],[23.68,-25.45],[23.68,-25.44],[23.69,-25.44],[23.7,-25.45],[23.7,-25.46],[23.71,-25.46],[23.72,-25.45],[23.73,-25.45],[23.73,-25.46],[23.74,-25.46],[23.75,-25.46],[23.75,-25.47],[23.76,-25.47],[23.75,-25.47],[23.75,-25.48],[23.76,-25.49],[23.76,-25.5],[23.77,-25.5],[23.78,-25.5],[23.78,-25.51],[23.79,-25.51],[23.8,-25.51],[23.81,-25.51],[23.82,-25.51],[23.82,-25.52],[23.81,-25.52],[23.81,-25.53],[23.8,-25.53],[23.8,-25.54],[23.81,-25.54],[23.81,-25.55],[23.82,-25.55],[23.83,-25.55],[23.83,-25.54],[23.84,-25.54],[23.84,-25.55],[23.84,-25.56],[23.84,-25.57],[23.85,-25.57],[23.86,-25.57],[23.87,-25.57],[23.88,-25.57],[23.88,-25.58],[23.88,-25.59],[23.89,-25.6],[23.9,-25.6],[23.91,-25.6],[23.91,-25.61],[23.9,-25.61],[23.9,-25.62],[23.9,-25.63],[23.91,-25.63],[23.92,-25.63],[23.92,-25.64],[23.93,-25.64],[23.94,-25.64],[23.95,-25.64],[23.95,-25.63],[23.95,-25.62],[23.96,-25.62],[23.97,-25.62],[23.97,-25.61],[23.98,-25.62],[23.99,-25.62],[24.0,-25.62],[24.01,-25.62],[24.01,-25.63],[24.0,-25.63],[24.0,-25.64],[24.0,-25.65],[24.01,-25.65],[24.02,-25.65],[24.03,-25.64],[24.03,-25.63],[24.03,-25.64],[24.04,-25.64],[24.04,-25.65],[24.05,-25.65],[24.06,-25.65],[24.07,-25.65],[24.07,-25.64],[24.06,-25.64],[24.06,-25.63],[24.07,-25.63],[24.08,-25.63],[24.08,-25.64],[24.09,-25.64],[24.1,-25.63],[24.11,-25.63],[24.12,-25.63],[24.13,-25.63],[24.14,-25.63],[24.14,-25.62],[24.14,-25.61],[24.15,-25.61],[24.16,-25.61],[24.16,-25.62],[24.16,-25.63],[24.17,-25.63],[24.18,-25.63],[24.18,-25.62],[24.19,-25.62],[24.2,-25.62],[24.2,-25.63],[24.21,-25.63],[24.21,-25.64],[24.22,-25.64],[24.23,-25.64],[24.23,-25.65],[24.23,-25.66],[24.23,-25.67],[24.24,-25.67],[24.25,-25.67],[24.25,-25.68],[24.25,-25.69],[24.26,-25.69],[24.26,-25.7],[24.26,-25.71],[24.27,-25.71],[24.27,-25.7],[24.28,-25.7],[24.28,-25.69],[24.29,-25.69],[24.29,-25.7],[24.29,-25.71],[24.28,-25.71],[24.28,-25.72],[24.28,-25.73],[24.29,-25.73],[24.29,-25.72],[24.3,-25.72],[24.3,-25.71],[24.31,-25.71],[24.32,-25.71],[24.33,-25.71],[24.33,-25.72],[24.32,-25.72],[24.32,-25.73],[24.33,-25.73],[24.33,-25.74],[24.34,-25.74],[24.34,-25.75],[24.35,-25.75],[24.35,-25.76],[24.36,-25.76],[24.37,-25.76],[24.38,-25.76],[24.39,-25.76],[24.39,-25.75],[24.39,-25.76],[24.4,-25.76],[24.4,-25.75],[24.41,-25.75],[24.42,-25.75],[24.43,-25.75],[24.43,-25.74],[24.43,-25.73],[24.44,-25.73],[24.44,-25.74],[24.44,-25.73],[24.45,-25.73],[24.45,-25.74],[24.46,-25.74],[24.47,-25.74],[24.47,-25.75],[24.48,-25.75],[24.49,-25.75],[24.48,-25.75],[24.47,-25.79],[24.48,-25.8],[24.49,-25.8],[24.5,-25.82],[24.51,-25.82],[24.52,-25.82],[24.54,-25.84],[24.57,-25.86],[24.6,-25.88],[24.63,-25.9],[24.65,-25.91],[24.66,-25.92],[24.67,-25.92],[24.65,-25.93],[24.64,-25.93],[24.65,-25.95],[24.65,-25.96],[24.67,-25.97],[24.68,-25.99],[24.71,-26.01],[24.71,-26.02],[24.73,-26.04],[24.75,-26.06],[24.75,-26.08],[24.76,-26.09],[24.78,-26.12],[24.8,-26.16],[24.81,-26.16],[24.81,-26.17],[24.81,-26.18],[24.81,-26.19],[24.82,-26.19],[24.82,-26.2],[24.81,-26.2],[24.8,-26.2],[24.79,-26.2],[24.78,-26.2],[24.77,-26.2],[24.76,-26.21],[24.79,-26.24],[24.8,-26.28],[24.81,-26.29],[24.82,-26.31],[24.83,-26.32],[24.83,-26.33],[24.84,-26.36],[24.85,-26.37],[24.84,-26.37],[24.83,-26.38],[24.85,-26.38],[24.86,-26.39],[24.88,-26.38],[24.9,-26.36],[24.93,-26.42],[24.97,-26.4],[24.99,-26.39],[24.99,-26.4],[25.0,-26.4],[25.0,-26.41],[25.01,-26.41],[25.01,-26.42],[25.01,-26.43],[25.02,-26.43],[25.02,-26.44],[25.03,-26.45],[25.03,-26.44],[25.04,-26.44],[25.05,-26.44],[25.05,-26.45],[25.06,-26.46],[25.06,-26.47],[25.07,-26.49],[25.06,-26.49],[25.05,-26.5],[25.04,-26.5],[25.04,-26.51],[25.05,-26.51],[25.05,-26.52],[25.05,-26.53],[25.06,-26.53],[25.06,-26.54],[25.06,-26.55],[25.07,-26.55],[25.08,-26.55],[25.08,-26.54],[25.09,-26.54],[25.1,-26.54],[25.1,-26.53],[25.11,-26.53],[25.12,-26.53],[25.13,-26.53],[25.14,-26.53],[25.15,-26.52],[25.16,-26.52],[25.17,-26.52],[25.17,-26.53],[25.17,-26.54],[25.17,-26.55],[25.18,-26.55],[25.18,-26.56],[25.17,-26.56],[25.17,-26.57],[25.17,-26.58],[25.17,-26.59],[25.16,-26.6],[25.16,-26.61],[25.17,-26.61],[25.17,-26.62],[25.17,-26.63],[25.17,-26.64],[25.17,-26.65],[25.18,-26.66],[25.18,-26.67],[25.17,-26.67],[25.17,-26.68],[25.16,-26.69],[25.16,-26.7],[25.15,-26.71],[25.15,-26.72],[25.15,-26.73],[25.14,-26.73],[25.14,-26.74],[25.14,-26.75],[25.13,-26.76],[25.13,-26.77],[25.13,-26.78],[25.13,-26.79],[25.12,-26.79],[25.12,-26.8],[25.11,-26.8],[25.11,-26.81],[25.11,-26.82],[25.1,-26.83],[25.1,-26.84],[25.1,-26.85],[25.1,-26.86],[25.1,-26.87],[25.09,-26.88],[25.09,-26.89],[25.1,-26.89],[25.11,-26.89],[25.12,-26.89],[25.12,-26.88],[25.13,-26.88],[25.14,-26.88],[25.15,-26.88],[25.16,-26.88],[25.16,-26.87],[25.17,-26.87],[25.18,-26.87],[25.19,-26.86],[25.2,-26.86],[25.2,-26.85],[25.21,-26.85],[25.21,-26.84],[25.22,-26.84],[25.22,-26.83],[25.23,-26.83],[25.23,-26.82],[25.24,-26.82],[25.25,-26.81],[25.26,-26.8],[25.26,-26.81],[25.27,-26.82],[25.27,-26.83],[25.28,-26.83],[25.28,-26.84],[25.29,-26.84],[25.29,-26.85],[25.3,-26.85],[25.3,-26.86],[25.31,-26.87],[25.31,-26.88],[25.32,-26.88],[25.32,-26.89],[25.32,-26.88],[25.33,-26.88],[25.34,-26.88],[25.35,-26.88],[25.35,-26.87],[25.36,-26.87],[25.37,-26.87],[25.38,-26.86],[25.39,-26.86],[25.4,-26.86],[25.41,-26.86],[25.42,-26.87],[25.43,-26.88],[25.44,-26.88],[25.46,-26.89],[25.46,-26.9],[25.47,-26.9],[25.49,-26.91],[25.49,-26.92],[25.48,-26.92],[25.49,-26.92],[25.52,-26.93],[25.53,-26.93],[25.54,-26.93],[25.56,-26.93],[25.57,-26.94],[25.58,-26.93],[25.59,-26.92],[25.6,-26.91],[25.61,-26.89],[25.63,-26.86],[25.63,-26.87],[25.62,-26.9],[25.62,-26.91],[25.61,-26.92],[25.64,-26.91],[25.65,-26.91],[25.65,-26.9],[25.66,-26.9],[25.67,-26.9],[25.67,-26.92],[25.67,-26.93],[25.67,-26.94],[25.67,-26.95],[25.67,-26.96],[25.65,-26.96],[25.64,-26.97],[25.64,-26.98],[25.63,-26.99],[25.64,-27.0],[25.64,-27.01],[25.65,-27.02],[25.66,-27.03],[25.67,-27.06],[25.68,-27.07],[25.68,-27.08],[25.69,-27.09],[25.69,-27.1],[25.68,-27.1],[25.66,-27.11],[25.65,-27.12],[25.64,-27.13],[25.63,-27.13],[25.62,-27.14],[25.62,-27.15],[25.61,-27.15],[25.61,-27.16],[25.61,-27.17],[25.61,-27.18],[25.63,-27.18],[25.63,-27.19],[25.64,-27.18],[25.65,-27.18],[25.64,-27.17],[25.66,-27.17],[25.68,-27.16],[25.68,-27.17],[25.69,-27.18],[25.69,-27.19],[25.69,-27.2],[25.7,-27.21],[25.7,-27.22],[25.73,-27.22],[25.74,-27.22],[25.75,-27.21],[25.77,-27.21],[25.77,-27.22],[25.77,-27.23],[25.78,-27.24],[25.78,-27.25],[25.78,-27.26],[25.79,-27.27],[25.8,-27.28],[25.8,-27.29],[25.81,-27.29],[25.81,-27.3],[25.81,-27.31],[25.81,-27.32],[25.82,-27.34],[25.82,-27.36],[25.81,-27.36],[25.8,-27.36],[25.8,-27.37],[25.76,-27.37],[25.76,-27.36],[25.75,-27.36],[25.75,-27.37],[25.74,-27.37],[25.73,-27.37],[25.7,-27.37],[25.7,-27.38],[25.72,-27.38],[25.74,-27.39],[25.75,-27.39],[25.77,-27.39],[25.79,-27.39],[25.8,-27.39],[25.8,-27.42],[25.8,-27.43],[25.8,-27.45],[25.77,-27.46],[25.76,-27.46],[25.75,-27.46],[25.75,-27.47],[25.74,-27.47],[25.74,-27.48],[25.74,-27.49],[25.75,-27.5],[25.75,-27.51],[25.75,-27.53],[25.76,-27.53],[25.77,-27.53],[25.78,-27.53],[25.79,-27.52],[25.8,-27.52],[25.81,-27.52],[25.82,-27.52],[25.83,-27.51],[25.83,-27.52],[25.83,-27.53],[25.83,-27.54],[25.83,-27.55],[25.83,-27.56],[25.83,-27.57],[25.82,-27.57],[25.81,-27.57],[25.81,-27.58],[25.8,-27.58],[25.79,-27.58],[25.78,-27.58],[25.78,-27.59],[25.77,-27.59],[25.77,-27.6],[25.76,-27.6],[25.75,-27.6],[25.74,-27.6],[25.74,-27.61],[25.73,-27.61],[25.72,-27.61],[25.72,-27.62],[25.71,-27.62],[25.71,-27.63],[25.7,-27.63],[25.7,-27.62],[25.69,-27.63],[25.68,-27.63],[25.68,-27.64],[25.68,-27.65],[25.68,-27.66],[25.68,-27.67],[25.68,-27.68],[25.67,-27.68],[25.67,-27.69],[25.66,-27.69],[25.65,-27.69],[25.64,-27.69],[25.64,-27.68],[25.63,-27.68],[25.63,-27.67],[25.62,-27.67],[25.61,-27.67],[25.61,-27.66],[25.6,-27.66],[25.6,-27.65],[25.59,-27.65],[25.59,-27.66],[25.58,-27.66],[25.58,-27.67],[25.57,-27.67],[25.57,-27.68],[25.56,-27.68],[25.56,-27.69],[25.55,-27.69],[25.54,-27.69],[25.53,-27.69],[25.52,-27.69],[25.51,-27.69],[25.5,-27.69],[25.49,-27.69],[25.48,-27.69],[25.48,-27.7],[25.47,-27.7],[25.47,-27.71],[25.46,-27.71],[25.45,-27.71],[25.45,-27.72],[25.44,-27.72],[25.43,-27.72],[25.42,-27.72],[25.41,-27.72],[25.4,-27.73],[25.39,-27.73],[25.39,-27.74],[25.38,-27.74],[25.37,-27.75],[25.36,-27.75],[25.36,-27.76],[25.35,-27.76],[25.35,-27.77],[25.35,-27.78],[25.34,-27.78],[25.34,-27.79],[25.33,-27.79],[25.32,-27.79],[25.32,-27.8],[25.31,-27.8],[25.31,-27.79],[25.3,-27.79],[25.29,-27.79],[25.28,-27.79],[25.28,-27.8],[25.27,-27.8],[25.27,-27.81],[25.26,-27.81],[25.26,-27.82],[25.26,-27.83],[25.25,-27.83],[25.24,-27.83],[25.24,-27.84],[25.24,-27.85],[25.25,-27.85],[25.26,-27.85],[25.26,-27.86],[25.25,-27.86],[25.25,-27.87],[25.24,-27.87],[25.23,-27.88],[25.22,-27.88],[25.21,-27.88],[25.2,-27.89],[25.19,-27.89],[25.19,-27.9],[25.19,-27.91],[25.18,-27.91],[25.18,-27.92],[25.17,-27.92],[25.16,-27.92],[25.16,-27.93],[25.15,-27.93],[25.14,-27.93],[25.14,-27.92],[25.13,-27.92],[25.13,-27.93],[25.13,-27.94],[25.13,-27.95],[25.12,-27.95],[25.12,-27.96],[25.11,-27.96],[25.11,-27.97],[25.1,-27.97],[25.1,-27.98],[25.09,-27.98],[25.09,-27.99],[25.1,-27.99],[25.1,-28.0],[25.11,-28.01],[25.11,-28.02],[25.1,-28.02],[25.1,-28.03],[25.09,-28.03],[25.09,-28.04],[25.08,-28.04],[25.08,-28.05],[25.08,-28.06],[25.07,-28.06],[25.07,-28.07],[25.06,-28.07],[25.05,-28.07],[25.04,-28.07],[25.03,-28.07],[25.02,-28.08],[25.01,-28.08],[25.0,-28.08],[24.99,-28.08],[24.98,-28.08],[24.97,-28.08],[24.97,-28.09],[24.96,-28.1],[24.96,-28.11],[24.95,-28.11],[24.92,-28.07],[24.92,-28.06],[24.9,-28.03],[24.89,-28.02],[24.86,-27.98],[24.84,-27.94],[24.83,-27.94],[24.83,-27.93],[24.84,-27.93],[24.84,-27.92],[24.85,-27.92],[24.85,-27.93],[24.86,-27.93],[24.86,-27.92],[24.86,-27.91],[24.85,-27.91],[24.86,-27.9],[24.86,-27.89],[24.87,-27.89],[24.87,-27.88],[24.89,-27.87],[24.89,-27.86],[24.9,-27.85],[24.91,-27.85],[24.92,-27.84],[24.93,-27.82],[24.94,-27.81],[24.96,-27.79],[24.97,-27.79],[25.0,-27.75],[25.01,-27.74],[25.02,-27.73],[25.03,-27.72],[25.03,-27.71],[25.05,-27.7],[25.04,-27.69],[25.03,-27.69],[25.02,-27.69],[25.01,-27.68],[25.0,-27.68],[24.99,-27.68],[24.98,-27.68],[24.97,-27.68],[24.96,-27.68],[24.95,-27.69],[24.94,-27.69],[24.92,-27.69],[24.91,-27.69],[24.89,-27.69],[24.88,-27.7],[24.87,-27.7],[24.86,-27.7],[24.85,-27.7],[24.84,-27.7],[24.83,-27.7],[24.82,-27.7],[24.81,-27.7],[24.8,-27.7],[24.8,-27.69],[24.79,-27.69],[24.79,-27.68],[24.79,-27.67],[24.8,-27.67],[24.8,-27.66],[24.8,-27.65],[24.79,-27.65],[24.79,-27.64],[24.78,-27.64],[24.78,-27.63],[24.78,-27.62],[24.78,-27.61],[24.78,-27.6],[24.78,-27.61],[24.77,-27.61],[24.76,-27.61],[24.76,-27.62],[24.76,-27.63],[24.75,-27.64],[24.74,-27.64],[24.73,-27.64],[24.72,-27.64],[24.71,-27.64],[24.7,-27.64],[24.69,-27.65],[24.69,-27.66],[24.68,-27.66],[24.68,-27.67],[24.69,-27.68],[24.68,-27.68],[24.67,-27.68],[24.67,-27.69],[24.68,-27.69],[24.68,-27.7],[24.68,-27.71],[24.69,-27.71],[24.69,-27.72],[24.7,-27.72],[24.69,-27.72],[24.69,-27.74],[24.68,-27.74],[24.67,-27.76],[24.68,-27.77],[24.67,-27.78],[24.67,-27.79],[24.66,-27.78],[24.66,-27.79],[24.67,-27.8],[24.7,-27.83],[24.69,-27.83],[24.69,-27.84],[24.7,-27.84],[24.7,-27.85],[24.69,-27.85],[24.68,-27.85],[24.67,-27.85],[24.66,-27.85],[24.66,-27.86],[24.65,-27.86],[24.65,-27.87],[24.65,-27.88],[24.65,-27.89],[24.64,-27.89],[24.63,-27.89],[24.63,-27.9],[24.62,-27.9],[24.62,-27.91],[24.62,-27.9],[24.61,-27.9],[24.61,-27.91],[24.62,-27.91],[24.62,-27.92],[24.62,-27.93],[24.63,-27.93],[24.63,-27.94],[24.62,-27.94],[24.62,-27.95],[24.62,-27.96],[24.63,-27.96],[24.63,-27.97],[24.62,-27.97],[24.62,-27.98],[24.62,-27.99],[24.63,-27.99],[24.63,-28.0],[24.62,-28.0],[24.63,-28.0],[24.62,-28.0],[24.62,-28.01],[24.61,-28.01],[24.61,-28.02],[24.61,-28.03],[24.6,-28.03],[24.59,-28.03],[24.58,-28.03],[24.57,-28.03],[24.56,-28.04],[24.56,-28.05],[24.56,-28.06],[24.56,-28.07],[24.56,-28.08],[24.55,-28.08],[24.54,-28.08],[24.54,-28.09],[24.53,-28.09],[24.52,-28.08],[24.51,-28.08],[24.51,-28.07],[24.5,-28.07],[24.5,-28.06],[24.49,-28.06],[24.49,-28.05],[24.48,-28.05],[24.47,-28.04],[24.46,-28.04],[24.44,-28.03],[24.45,-28.02],[24.46,-28.02],[24.46,-28.01],[24.47,-28.0],[24.47,-27.98],[24.45,-27.96],[24.42,-27.93],[24.41,-27.92],[24.39,-27.94],[24.36,-27.91],[24.37,-27.9],[24.39,-27.87],[24.4,-27.86],[24.41,-27.84],[24.43,-27.84],[24.44,-27.82],[24.44,-27.81],[24.45,-27.78],[24.44,-27.78],[24.41,-27.76],[24.41,-27.75],[24.45,-27.7],[24.43,-27.69],[24.41,-27.69],[24.41,-27.68],[24.4,-27.68],[24.39,-27.68],[24.38,-27.69],[24.37,-27.69],[24.36,-27.69],[24.34,-27.69],[24.32,-27.7],[24.31,-27.7],[24.3,-27.7],[24.26,-27.71],[24.21,-27.72],[24.19,-27.72],[24.18,-27.73],[24.17,-27.73],[24.16,-27.73],[24.14,-27.73],[24.12,-27.74],[24.11,-27.74],[24.11,-27.73],[24.1,-27.72],[24.1,-27.71],[24.09,-27.7],[24.1,-27.7],[24.1,-27.69],[24.1,-27.68],[24.1,-27.67],[24.1,-27.66],[24.1,-27.65],[24.11,-27.65],[24.11,-27.64],[24.11,-27.63],[24.12,-27.62],[24.05,-27.6],[24.05,-27.59],[24.05,-27.56],[24.05,-27.53],[24.05,-27.52],[24.05,-27.51],[24.06,-27.51],[24.05,-27.49],[24.05,-27.46],[24.06,-27.44],[24.06,-27.43],[24.07,-27.41],[24.07,-27.4],[24.07,-27.39],[24.08,-27.36],[24.09,-27.35],[24.07,-27.36],[24.06,-27.35],[24.04,-27.34],[24.01,-27.32],[23.99,-27.31],[23.98,-27.3],[23.97,-27.3],[23.97,-27.29],[23.96,-27.29],[23.95,-27.28],[23.94,-27.28],[23.93,-27.27],[23.92,-27.27],[23.91,-27.26],[23.9,-27.25],[23.9,-27.24],[23.91,-27.23],[23.92,-27.21],[23.92,-27.2],[23.93,-27.18],[23.93,-27.17],[23.94,-27.17],[23.95,-27.15],[23.95,-27.14],[23.96,-27.12],[23.97,-27.1],[23.97,-27.09],[23.98,-27.08],[23.99,-27.07],[24.0,-27.07],[24.01,-27.07],[24.02,-27.06],[24.04,-27.05],[24.04,-27.04],[24.03,-27.04],[24.03,-27.03],[24.03,-27.02],[24.03,-27.01],[24.03,-27.0],[24.02,-26.99],[24.02,-26.98],[24.02,-26.97],[24.01,-26.97],[24.01,-26.96],[24.0,-26.94],[24.0,-26.93],[23.99,-26.93],[23.99,-26.92],[23.98,-26.92],[23.98,-26.91],[23.98,-26.9],[23.97,-26.9],[23.97,-26.89],[23.97,-26.9],[23.96,-26.9],[23.96,-26.89],[23.95,-26.89],[23.95,-26.88],[23.94,-26.88],[23.93,-26.87],[23.92,-26.86],[23.91,-26.86],[23.9,-26.86],[23.89,-26.86],[23.88,-26.86],[23.87,-26.86],[23.86,-26.87],[23.86,-26.88],[23.85,-26.89],[23.84,-26.89],[23.84,-26.88],[23.83,-26.88],[23.82,-26.88],[23.82,-26.87],[23.81,-26.87],[23.8,-26.86],[23.79,-26.86],[23.78,-26.85],[23.77,-26.85],[23.77,-26.84],[23.76,-26.84],[23.75,-26.84],[23.74,-26.84],[23.74,-26.83],[23.73,-26.83],[23.72,-26.83],[23.71,-26.83],[23.71,-26.82],[23.7,-26.82],[23.69,-26.82],[23.68,-26.82],[23.67,-26.81],[23.66,-26.81],[23.65,-26.81],[23.64,-26.8],[23.63,-26.8],[23.62,-26.79],[23.61,-26.79],[23.6,-26.79],[23.6,-26.78],[23.59,-26.78],[23.58,-26.78],[23.57,-26.78],[23.57,-26.77],[23.56,-26.77],[23.55,-26.77],[23.54,-26.76],[23.53,-26.76],[23.52,-26.76],[23.52,-26.75],[23.51,-26.75],[23.5,-26.75],[23.5,-26.74],[23.49,-26.74],[23.5,-26.73],[23.55,-26.66],[23.58,-26.63],[23.58,-26.62],[23.56,-26.6],[23.55,-26.59],[23.54,-26.59],[23.53,-26.58],[23.51,-26.56],[23.5,-26.56],[23.49,-26.55],[23.47,-26.53],[23.46,-26.53],[23.42,-26.52],[23.36,-26.51],[23.27,-26.49],[23.27,-26.44],[23.28,-26.34],[23.24,-26.29],[23.22,-26.27],[23.26,-26.2],[23.31,-26.14],[23.25,-26.11],[23.22,-26.12],[23.23,-26.05],[23.3,-26.07],[23.31,-26.07],[23.35,-26.09],[23.38,-26.02],[23.39,-26.01],[23.33,-26.0],[23.32,-25.99],[23.27,-25.99],[23.25,-25.99],[23.24,-25.99],[23.17,-25.99],[23.16,-25.99],[23.09,-25.98],[23.09,-25.99],[23.09,-26.0],[23.09,-26.04],[23.08,-26.06],[23.06,-26.1],[22.99,-26.09],[22.98,-26.15],[22.91,-26.15],[22.9,-26.21],[22.88,-26.26],[22.88,-26.28],[22.87,-26.28],[22.87,-26.3],[22.86,-26.32],[22.85,-26.36],[22.85,-26.38],[22.84,-26.39],[22.82,-26.43],[22.8,-26.45],[22.74,-26.42],[22.71,-26.41],[22.71,-26.37],[22.71,-26.36],[22.71,-26.35],[22.71,-26.33],[22.71,-26.3],[22.71,-26.25],[22.71,-26.23],[22.7,-26.21],[22.7,-26.18],[22.7,-26.17],[22.7,-26.15],[22.7,-26.14],[22.7,-26.12],[22.63,-26.12],[22.64,-26.12],[22.64,-26.11],[22.63,-26.11],[22.63,-26.1]]]]},"properties":{"name":"Dr Ruth Segomotsi Mompati District"}},{"type":"Feature","geometry":{"type":"MultiPolygon","coordinates":[[[[20.5,-33.64],[20.53,-33.6],[20.56,-33.56],[20.57,-33.54],[20.58,-33.53],[20.55,-33.53],[20.55,-33.52],[20.56,-33.52],[20.57,-33.52],[20.62,-33.51],[20.66,-33.5],[20.72,-33.5],[20.76,-33.49],[20.79,-33.48],[20.82,-33.47],[20.83,-33.47],[20.84,-33.46],[20.86,-33.45],[20.89,-33.44],[20.92,-33.43],[20.96,-33.43],[20.96,-33.42],[20.97,-33.42],[21.01,-33.44],[21.02,-33.44],[21.03,-33.44],[21.05,-33.43],[21.08,-33.43],[21.11,-33.43],[21.13,-33.43],[21.14,-33.42],[21.17,-33.41],[21.21,-33.42],[21.25,-33.42],[21.26,-33.41],[21.28,-33.41],[21.3,-33.41],[21.34,-33.4],[21.37,-33.4],[21.4,-33.4],[21.43,-33.39],[21.47,-33.4],[21.49,-33.41],[21.5,-33.41],[21.52,-33.41],[21.54,-33.41],[21.55,-33.41],[21.58,-33.4],[21.59,-33.4],[21.61,-33.4],[21.68,-33.4],[21.71,-33.4],[21.75,-33.4],[21.79,-33.39],[21.83,-33.39],[21.86,-33.38],[21.9,-33.36],[21.96,-33.37],[22.01,-33.36],[22.04,-33.35],[22.05,-33.35],[22.11,-33.34],[22.12,-33.34],[22.15,-33.34],[22.18,-33.32],[22.21,-33.31],[22.29,-33.33],[22.31,-33.34],[22.35,-33.35],[22.39,-33.36],[22.46,-33.4],[22.52,-33.41],[22.56,-33.41],[22.58,-33.4],[22.66,-33.42],[22.67,-33.42],[22.68,-33.42],[22.69,-33.42],[22.7,-33.42],[22.71,-33.41],[22.72,-33.42],[22.73,-33.42],[22.74,-33.42],[22.75,-33.42],[22.76,-33.42],[22.77,-33.42],[22.79,-33.42],[22.82,-33.42],[22.83,-33.42],[22.87,-33.42],[22.91,-33.43],[22.93,-33.43],[22.97,-33.42],[22.98,-33.42],[23.02,-33.41],[23.07,-33.4],[23.11,-33.4],[23.13,-33.39],[23.15,-33.39],[23.18,-33.39],[23.2,-33.39],[23.25,-33.39],[23.26,-33.39],[23.28,-33.39],[23.3,-33.39],[23.31,-33.4],[23.32,-33.41],[23.33,-33.41],[23.33,-33.42],[23.34,-33.43],[23.34,-33.44],[23.35,-33.44],[23.36,-33.46],[23.35,-33.44],[23.36,-33.44],[23.37,-33.45],[23.39,-33.45],[23.41,-33.44],[23.42,-33.44],[23.46,-33.45],[23.47,-33.45],[23.5,-33.44],[23.5,-33.45],[23.51,-33.46],[23.55,-33.47],[23.56,-33.48],[23.58,-33.48],[23.58,-33.49],[23.6,-33.5],[23.61,-33.5],[23.6,-33.53],[23.6,-33.57],[23.62,-33.57],[23.62,-33.59],[23.67,-33.63],[23.67,-33.65],[23.67,-33.67],[23.65,-33.67],[23.63,-33.67],[23.59,-33.67],[23.56,-33.65],[23.56,-33.67],[23.54,-33.68],[23.54,-33.7],[23.53,-33.7],[23.52,-33.71],[23.51,-33.71],[23.5,-33.71],[23.48,-33.72],[23.47,-33.72],[23.46,-33.72],[23.45,-33.72],[23.44,-33.72],[23.44,-33.73],[23.44,-33.74],[23.43,-33.74],[23.43,-33.75],[23.43,-33.76],[23.42,-33.78],[23.41,-33.78],[23.4,-33.79],[23.42,-33.79],[23.43,-33.8],[23.45,-33.8],[23.47,-33.81],[23.49,-33.81],[23.49,-33.79],[23.5,-33.79],[23.51,-33.79],[23.52,-33.79],[23.52,-33.78],[23.53,-33.79],[23.54,-33.79],[23.55,-33.79],[23.56,-33.79],[23.56,-33.8],[23.55,-33.8],[23.56,-33.83],[23.61,-33.83],[23.62,-33.84],[23.68,-33.86],[23.7,-33.86],[23.7,-33.87],[23.69,-33.87],[23.69,-33.88],[23.68,-33.88],[23.67,-33.88],[23.67,-33.89],[23.67,-33.88],[23.67,-33.89],[23.66,-33.89],[23.65,-33.89],[23.65,-33.9],[23.66,-33.9],[23.66,-33.91],[23.65,-33.91],[23.64,-33.91],[23.64,-33.92],[23.64,-33.93],[23.64,-33.94],[23.64,-33.95],[23.63,-33.95],[23.64,-33.95],[23.63,-33.95],[23.64,-33.95],[23.64,-33.96],[23.64,-33.95],[23.64,-33.96],[23.65,-33.96],[23.64,-33.96],[23.64,-33.97],[23.65,-33.97],[23.65,-33.98],[23.64,-33.98],[23.63,-33.98],[23.62,-33.98],[23.61,-33.98],[23.6,-33.98],[23.59,-33.98],[23.58,-33.98],[23.57,-33.98],[23.56,-33.98],[23.55,-33.98],[23.55,-33.99],[23.54,-33.99],[23.53,-33.99],[23.54,-33.99],[23.53,-33.99],[23.53,-34.0],[23.52,-34],[23.51,-34.0],[23.5,-34.0],[23.49,-34.0],[23.49,-34.01],[23.49,-34.0],[23.48,-34.0],[23.47,-34.0],[23.46,-34.0],[23.46,-34.01],[23.46,-34.0],[23.46,-34.01],[23.46,-34.0],[23.46,-34.01],[23.46,-34.0],[23.45,-34.0],[23.45,-34.01],[23.45,-34.0],[23.45,-34.01],[23.44,-34.01],[23.43,-34.01],[23.42,-34.01],[23.42,-34.02],[23.41,-34.02],[23.4,-34.02],[23.4,-34.03],[23.39,-34.03],[23.39,-34.04],[23.38,-34.04],[23.38,-34.05],[23.38,-34.06],[23.38,-34.07],[23.37,-34.07],[23.37,-34.08],[23.37,-34.09],[23.37,-34.1],[23.38,-34.1],[23.39,-34.1],[23.4,-34.1],[23.41,-34.1],[23.41,-34.11],[23.4,-34.11],[23.39,-34.11],[23.39,-34.1],[23.38,-34.1],[23.37,-34.1],[23.37,-34.11],[23.36,-34.11],[23.36,-34.1],[23.36,-34.11],[23.36,-34.1],[23.36,-34.11],[23.36,-34.1],[23.35,-34.1],[23.34,-34.1],[23.33,-34.1],[23.32,-34.1],[23.31,-34.1],[23.3,-34.1],[23.29,-34.1],[23.28,-34.1],[23.27,-34.1],[23.26,-34.1],[23.27,-34.1],[23.26,-34.1],[23.27,-34.1],[23.26,-34.1],[23.27,-34.1],[23.26,-34.1],[23.26,-34.09],[23.25,-34.09],[23.24,-34.09],[23.23,-34.09],[23.22,-34.09],[23.21,-34.09],[23.2,-34.09],[23.2,-34.08],[23.2,-34.09],[23.19,-34.09],[23.19,-34.08],[23.19,-34.09],[23.19,-34.08],[23.19,-34.09],[23.19,-34.08],[23.18,-34.08],[23.18,-34.09],[23.18,-34.08],[23.18,-34.09],[23.18,-34.08],[23.18,-34.09],[23.18,-34.08],[23.18,-34.09],[23.17,-34.09],[23.17,-34.08],[23.16,-34.08],[23.16,-34.09],[23.16,-34.08],[23.15,-34.08],[23.16,-34.08],[23.15,-34.08],[23.15,-34.09],[23.15,-34.08],[23.15,-34.09],[23.14,-34.09],[23.14,-34.08],[23.14,-34.09],[23.14,-34.08],[23.13,-34.08],[23.12,-34.08],[23.11,-34.08],[23.1,-34.08],[23.09,-34.08],[23.09,-34.09],[23.08,-34.09],[23.08,-34.08],[23.07,-34.08],[23.06,-34.08],[23.07,-34.08],[23.06,-34.08],[23.06,-34.09],[23.05,-34.09],[23.05,-34.08],[23.04,-34.08],[23.03,-34.08],[23.02,-34.08],[23.02,-34.07],[23.02,-34.08],[23.02,-34.07],[23.02,-34.08],[23.02,-34.07],[23.01,-34.07],[23.0,-34.07],[22.99,-34.07],[22.99,-34.08],[22.98,-34.08],[22.98,-34.09],[22.97,-34.09],[22.97,-34.08],[22.96,-34.08],[22.96,-34.09],[22.96,-34.08],[22.95,-34.08],[22.94,-34.08],[22.94,-34.07],[22.93,-34.07],[22.92,-34.07],[22.91,-34.06],[22.9,-34.06],[22.89,-34.06],[22.88,-34.06],[22.88,-34.05],[22.87,-34.05],[22.86,-34.05],[22.85,-34.05],[22.84,-34.05],[22.83,-34.05],[22.83,-34.04],[22.82,-34.04],[22.81,-34.04],[22.8,-34.04],[22.8,-34.03],[22.79,-34.03],[22.78,-34.03],[22.77,-34.03],[22.76,-34.03],[22.77,-34.03],[22.77,-34.04],[22.76,-34.04],[22.76,-34.03],[22.76,-34.04],[22.76,-34.03],[22.75,-34.03],[22.74,-34.03],[22.73,-34.03],[22.73,-34.02],[22.72,-34.02],[22.71,-34.02],[22.7,-34.02],[22.69,-34.02],[22.69,-34.01],[22.68,-34.01],[22.67,-34.01],[22.66,-34.01],[22.65,-34.01],[22.65,-34.0],[22.64,-34.0],[22.63,-34.0],[22.62,-34.0],[22.61,-34.0],[22.6,-34.0],[22.59,-34.0],[22.58,-34.0],[22.57,-34.0],[22.56,-34.0],[22.55,-34.0],[22.55,-34.01],[22.55,-34.0],[22.55,-34.01],[22.54,-34.01],[22.54,-34.02],[22.53,-34.02],[22.52,-34.02],[22.53,-34.02],[22.52,-34.02],[22.52,-34.03],[22.51,-34.03],[22.51,-34.04],[22.5,-34.04],[22.49,-34.04],[22.49,-34.05],[22.48,-34.05],[22.49,-34.05],[22.48,-34.05],[22.47,-34.05],[22.46,-34.05],[22.45,-34.05],[22.45,-34.06],[22.45,-34.05],[22.45,-34.06],[22.45,-34.05],[22.45,-34.06],[22.44,-34.06],[22.43,-34.06],[22.42,-34.06],[22.41,-34.06],[22.4,-34.06],[22.39,-34.06],[22.39,-34.05],[22.39,-34.06],[22.38,-34.06],[22.39,-34.06],[22.38,-34.06],[22.39,-34.06],[22.38,-34.06],[22.37,-34.06],[22.36,-34.06],[22.36,-34.05],[22.35,-34.05],[22.34,-34.05],[22.34,-34.06],[22.34,-34.05],[22.33,-34.05],[22.32,-34.05],[22.31,-34.05],[22.3,-34.05],[22.29,-34.05],[22.28,-34.05],[22.27,-34.05],[22.26,-34.05],[22.25,-34.06],[22.24,-34.06],[22.23,-34.06],[22.22,-34.06],[22.21,-34.06],[22.2,-34.07],[22.19,-34.07],[22.18,-34.07],[22.18,-34.08],[22.17,-34.08],[22.16,-34.08],[22.16,-34.09],[22.15,-34.09],[22.15,-34.1],[22.14,-34.1],[22.14,-34.11],[22.13,-34.11],[22.13,-34.12],[22.12,-34.12],[22.12,-34.13],[22.11,-34.13],[22.11,-34.14],[22.11,-34.15],[22.11,-34.16],[22.11,-34.17],[22.12,-34.17],[22.13,-34.17],[22.14,-34.17],[22.14,-34.18],[22.15,-34.18],[22.15,-34.17],[22.15,-34.18],[22.16,-34.18],[22.16,-34.19],[22.15,-34.19],[22.14,-34.19],[22.14,-34.2],[22.14,-34.19],[22.14,-34.2],[22.14,-34.19],[22.14,-34.2],[22.13,-34.2],[22.12,-34.2],[22.11,-34.2],[22.1,-34.2],[22.09,-34.2],[22.09,-34.21],[22.08,-34.21],[22.07,-34.21],[22.08,-34.21],[22.07,-34.21],[22.07,-34.2],[22.07,-34.21],[22.07,-34.2],[22.07,-34.21],[22.06,-34.21],[22.06,-34.2],[22.06,-34.21],[22.05,-34.21],[22.04,-34.21],[22.03,-34.21],[22.02,-34.21],[22.01,-34.21],[22.0,-34.21],[21.99,-34.21],[21.99,-34.22],[21.98,-34.22],[21.97,-34.22],[21.96,-34.22],[21.96,-34.23],[21.95,-34.23],[21.95,-34.24],[21.94,-34.24],[21.93,-34.24],[21.93,-34.25],[21.92,-34.25],[21.92,-34.26],[21.92,-34.27],[21.91,-34.27],[21.91,-34.28],[21.91,-34.29],[21.92,-34.29],[21.93,-34.29],[21.94,-34.29],[21.94,-34.3],[21.95,-34.3],[21.94,-34.3],[21.94,-34.31],[21.94,-34.3],[21.94,-34.31],[21.94,-34.3],[21.93,-34.3],[21.93,-34.31],[21.92,-34.31],[21.91,-34.31],[21.91,-34.32],[21.9,-34.32],[21.9,-34.33],[21.91,-34.33],[21.91,-34.34],[21.9,-34.34],[21.89,-34.34],[21.89,-34.35],[21.88,-34.35],[21.88,-34.36],[21.87,-34.36],[21.86,-34.36],[21.86,-34.37],[21.85,-34.37],[21.84,-34.37],[21.84,-34.38],[21.84,-34.37],[21.84,-34.38],[21.83,-34.38],[21.83,-34.37],[21.83,-34.38],[21.82,-34.38],[21.81,-34.38],[21.8,-34.38],[21.79,-34.38],[21.78,-34.38],[21.77,-34.38],[21.77,-34.39],[21.76,-34.39],[21.76,-34.38],[21.76,-34.39],[21.75,-34.39],[21.74,-34.39],[21.73,-34.39],[21.73,-34.4],[21.73,-34.39],[21.73,-34.4],[21.73,-34.39],[21.72,-34.39],[21.72,-34.4],[21.72,-34.39],[21.71,-34.39],[21.71,-34.4],[21.71,-34.39],[21.7,-34.39],[21.7,-34.4],[21.7,-34.39],[21.7,-34.4],[21.7,-34.39],[21.7,-34.4],[21.7,-34.39],[21.69,-34.39],[21.68,-34.39],[21.67,-34.39],[21.66,-34.39],[21.67,-34.39],[21.66,-34.39],[21.65,-34.39],[21.65,-34.38],[21.64,-34.38],[21.63,-34.38],[21.62,-34.38],[21.62,-34.37],[21.61,-34.37],[21.6,-34.37],[21.59,-34.37],[21.58,-34.37],[21.58,-34.36],[21.57,-34.36],[21.56,-34.36],[21.55,-34.36],[21.54,-34.36],[21.53,-34.36],[21.52,-34.36],[21.51,-34.36],[21.5,-34.36],[21.49,-34.37],[21.48,-34.37],[21.47,-34.37],[21.46,-34.37],[21.45,-34.37],[21.44,-34.37],[21.43,-34.37],[21.43,-34.38],[21.42,-34.38],[21.42,-34.39],[21.43,-34.39],[21.42,-34.39],[21.41,-34.39],[21.41,-34.4],[21.4,-34.4],[21.4,-34.41],[21.4,-34.4],[21.4,-34.41],[21.39,-34.41],[21.38,-34.41],[21.38,-34.42],[21.37,-34.42],[21.38,-34.42],[21.37,-34.42],[21.36,-34.42],[21.35,-34.42],[21.35,-34.43],[21.34,-34.43],[21.33,-34.43],[21.33,-34.44],[21.33,-34.43],[21.32,-34.43],[21.31,-34.43],[21.31,-34.44],[21.3,-34.44],[21.29,-34.44],[21.29,-34.43],[21.28,-34.43],[21.27,-34.43],[21.26,-34.43],[21.26,-34.42],[21.25,-34.42],[21.24,-34.42],[21.23,-34.42],[21.22,-34.42],[21.23,-34.42],[21.22,-34.42],[21.22,-34.41],[21.21,-34.41],[21.2,-34.41],[21.2,-34.4],[21.19,-34.4],[21.18,-34.4],[21.17,-34.4],[21.17,-34.39],[21.16,-34.39],[21.15,-34.39],[21.14,-34.39],[21.14,-34.38],[21.13,-34.38],[21.12,-34.38],[21.11,-34.38],[21.1,-34.38],[21.09,-34.38],[21.09,-34.37],[21.08,-34.37],[21.07,-34.37],[21.06,-34.37],[21.05,-34.37],[21.04,-34.37],[21.03,-34.37],[21.02,-34.37],[21.01,-34.37],[21.0,-34.37],[21.0,-34.36],[20.99,-34.36],[20.99,-34.37],[20.98,-34.37],[20.98,-34.36],[20.98,-34.37],[20.97,-34.37],[20.96,-34.37],[20.95,-34.37],[20.94,-34.37],[20.93,-34.37],[20.92,-34.37],[20.91,-34.37],[20.9,-34.37],[20.9,-34.38],[20.89,-34.38],[20.88,-34.38],[20.88,-34.39],[20.87,-34.39],[20.86,-34.39],[20.86,-34.4],[20.85,-34.4],[20.84,-34.4],[20.83,-34.4],[20.82,-34.4],[20.81,-34.4],[20.81,-34.41],[20.8,-34.41],[20.79,-34.41],[20.79,-34.4],[20.78,-34.4],[20.77,-34.4],[20.77,-34.39],[20.76,-34.39],[20.75,-34.39],[20.74,-34.39],[20.73,-34.39],[20.73,-34.38],[20.72,-34.38],[20.72,-34.37],[20.71,-34.37],[20.71,-34.36],[20.7,-34.36],[20.69,-34.36],[20.69,-34.35],[20.68,-34.35],[20.67,-34.35],[20.66,-34.35],[20.65,-34.35],[20.65,-34.36],[20.64,-34.36],[20.64,-34.35],[20.63,-34.35],[20.63,-34.34],[20.62,-34.34],[20.62,-34.35],[20.61,-34.35],[20.6,-34.35],[20.6,-34.34],[20.6,-34.33],[20.6,-34.32],[20.61,-34.32],[20.62,-34.32],[20.62,-34.31],[20.62,-34.3],[20.61,-34.3],[20.6,-34.3],[20.6,-34.31],[20.6,-34.3],[20.59,-34.3],[20.58,-34.3],[20.58,-34.29],[20.58,-34.3],[20.57,-34.3],[20.57,-34.29],[20.57,-34.28],[20.58,-34.28],[20.59,-34.28],[20.6,-34.27],[20.61,-34.27],[20.62,-34.26],[20.64,-34.24],[20.64,-34.23],[20.65,-34.22],[20.67,-34.22],[20.68,-34.21],[20.69,-34.2],[20.7,-34.21],[20.71,-34.21],[20.72,-34.2],[20.7,-34.18],[20.69,-34.19],[20.68,-34.19],[20.66,-34.19],[20.66,-34.17],[20.65,-34.17],[20.65,-34.18],[20.65,-34.16],[20.65,-34.15],[20.66,-34.14],[20.64,-34.14],[20.65,-34.13],[20.65,-34.12],[20.65,-34.11],[20.64,-34.1],[20.64,-34.09],[20.65,-34.09],[20.66,-34.09],[20.67,-34.09],[20.68,-34.09],[20.69,-34.09],[20.69,-34.1],[20.7,-34.09],[20.72,-34.09],[20.73,-34.09],[20.75,-34.1],[20.74,-34.08],[20.74,-34.07],[20.75,-34.07],[20.74,-34.06],[20.73,-34.06],[20.73,-34.05],[20.73,-34.04],[20.72,-34.04],[20.71,-34.04],[20.7,-34.04],[20.7,-34.03],[20.7,-34.02],[20.69,-34.01],[20.7,-34.01],[20.71,-34.01],[20.71,-34.02],[20.72,-34.02],[20.73,-34.02],[20.73,-34.01],[20.73,-34.0],[20.73,-33.99],[20.72,-33.99],[20.71,-33.99],[20.71,-33.98],[20.7,-33.98],[20.69,-33.98],[20.7,-33.98],[20.7,-33.97],[20.7,-33.96],[20.71,-33.96],[20.71,-33.95],[20.72,-33.95],[20.73,-33.95],[20.74,-33.95],[20.77,-33.95],[20.78,-33.95],[20.8,-33.95],[20.81,-33.95],[20.81,-33.94],[20.82,-33.94],[20.82,-33.95],[20.82,-33.96],[20.83,-33.96],[20.83,-33.97],[20.84,-33.97],[20.84,-33.96],[20.85,-33.96],[20.86,-33.96],[20.87,-33.95],[20.87,-33.96],[20.88,-33.96],[20.9,-33.96],[20.92,-33.95],[20.94,-33.96],[20.93,-33.95],[20.94,-33.92],[20.95,-33.9],[20.94,-33.89],[20.93,-33.89],[20.92,-33.89],[20.93,-33.88],[20.94,-33.88],[20.94,-33.87],[20.94,-33.85],[20.96,-33.81],[20.97,-33.8],[20.98,-33.78],[20.99,-33.78],[21.0,-33.76],[21.01,-33.76],[20.98,-33.74],[20.97,-33.74],[20.96,-33.74],[20.93,-33.72],[20.94,-33.7],[20.93,-33.7],[20.91,-33.7],[20.89,-33.69],[20.88,-33.69],[20.89,-33.72],[20.83,-33.72],[20.8,-33.72],[20.81,-33.7],[20.81,-33.69],[20.78,-33.69],[20.75,-33.67],[20.74,-33.66],[20.72,-33.64],[20.7,-33.63],[20.67,-33.62],[20.66,-33.63],[20.65,-33.64],[20.61,-33.65],[20.6,-33.66],[20.59,-33.67],[20.58,-33.65],[20.58,-33.62],[20.57,-33.62],[20.55,-33.63],[20.53,-33.63],[20.51,-33.64],[20.5,-33.64]]]]},"properties":{"name":"Eden District"}},{"type":"Feature","geometry":{"type":"MultiPolygon","coordinates":[[[[29.98,-25.09],[30.0,-25.09],[30.03,-25.08],[30.03,-25.06],[30.06,-25.08],[30.08,-25.1],[30.09,-25.11],[30.09,-25.13],[30.12,-25.12],[30.14,-25.12],[30.14,-25.11],[30.14,-25.1],[30.14,-25.09],[30.15,-25.09],[30.15,-25.05],[30.15,-25.03],[30.16,-25.03],[30.18,-25.03],[30.2,-25.04],[30.2,-25.03],[30.19,-25.02],[30.18,-25.01],[30.18,-25.0],[30.18,-24.99],[30.17,-24.99],[30.17,-24.97],[30.17,-24.96],[30.17,-24.95],[30.18,-24.94],[30.18,-24.93],[30.18,-24.92],[30.19,-24.89],[30.19,-24.88],[30.19,-24.87],[30.19,-24.86],[30.2,-24.86],[30.22,-24.86],[30.23,-24.86],[30.25,-24.86],[30.28,-24.87],[30.29,-24.87],[30.3,-24.87],[30.31,-24.88],[30.31,-24.89],[30.31,-24.88],[30.31,-24.87],[30.32,-24.87],[30.32,-24.88],[30.35,-24.88],[30.35,-24.87],[30.35,-24.86],[30.35,-24.85],[30.37,-24.86],[30.4,-24.87],[30.4,-24.86],[30.39,-24.86],[30.39,-24.85],[30.43,-24.85],[30.44,-24.86],[30.44,-24.87],[30.44,-24.89],[30.45,-24.9],[30.45,-24.91],[30.46,-24.92],[30.47,-24.93],[30.48,-24.94],[30.49,-24.94],[30.49,-24.95],[30.49,-24.94],[30.5,-24.94],[30.5,-24.93],[30.5,-24.92],[30.5,-24.91],[30.51,-24.91],[30.52,-24.91],[30.53,-24.9],[30.54,-24.9],[30.55,-24.9],[30.56,-24.9],[30.57,-24.9],[30.58,-24.91],[30.58,-24.92],[30.58,-24.9],[30.58,-24.89],[30.59,-24.88],[30.6,-24.88],[30.61,-24.87],[30.61,-24.86],[30.62,-24.84],[30.63,-24.85],[30.64,-24.85],[30.66,-24.81],[30.66,-24.78],[30.66,-24.77],[30.65,-24.77],[30.63,-24.76],[30.63,-24.75],[30.64,-24.73],[30.68,-24.74],[30.69,-24.73],[30.72,-24.71],[30.71,-24.69],[30.71,-24.67],[30.7,-24.65],[30.69,-24.65],[30.68,-24.63],[30.68,-24.62],[30.7,-24.59],[30.72,-24.6],[30.73,-24.61],[30.73,-24.6],[30.73,-24.57],[30.73,-24.55],[30.73,-24.51],[30.73,-24.5],[30.76,-24.46],[30.77,-24.47],[30.78,-24.48],[30.79,-24.49],[30.8,-24.5],[30.82,-24.51],[30.83,-24.51],[30.87,-24.54],[30.88,-24.54],[30.88,-24.53],[30.89,-24.53],[30.9,-24.53],[30.91,-24.53],[30.91,-24.52],[30.92,-24.52],[30.93,-24.52],[30.94,-24.52],[30.95,-24.52],[30.95,-24.53],[30.96,-24.53],[30.96,-24.54],[30.96,-24.55],[30.96,-24.56],[30.96,-24.57],[30.96,-24.58],[30.98,-24.58],[30.99,-24.58],[31.0,-24.58],[31.01,-24.58],[31.03,-24.57],[31.04,-24.57],[31.05,-24.57],[31.06,-24.57],[31.07,-24.57],[31.09,-24.57],[31.1,-24.57],[31.11,-24.57],[31.12,-24.57],[31.13,-24.56],[31.14,-24.56],[31.15,-24.56],[31.16,-24.56],[31.17,-24.56],[31.18,-24.56],[31.19,-24.56],[31.21,-24.56],[31.22,-24.56],[31.23,-24.56],[31.25,-24.5],[31.23,-24.46],[31.22,-24.45],[31.2,-24.43],[31.16,-24.44],[31.16,-24.43],[31.16,-24.42],[31.16,-24.41],[31.16,-24.4],[31.16,-24.39],[31.16,-24.38],[31.2,-24.37],[31.24,-24.37],[31.23,-24.35],[31.22,-24.33],[31.21,-24.32],[31.2,-24.31],[31.17,-24.31],[31.16,-24.32],[31.15,-24.32],[31.14,-24.32],[31.1,-24.32],[31.07,-24.32],[31.06,-24.32],[31.06,-24.31],[31.06,-24.27],[31.06,-24.26],[31.06,-24.25],[31.06,-24.24],[31.05,-24.24],[31.05,-24.23],[31.05,-24.21],[31.05,-24.19],[31.08,-24.17],[31.1,-24.15],[31.11,-24.15],[31.1,-24.12],[31.12,-24.12],[31.12,-24.1],[31.12,-24.09],[31.11,-24.09],[31.1,-24.09],[31.09,-24.09],[31.08,-24.09],[31.07,-24.09],[31.06,-24.09],[31.07,-24.09],[31.07,-24.08],[31.08,-24.08],[31.09,-24.08],[31.1,-24.08],[31.1,-24.07],[31.11,-24.07],[31.12,-24.07],[31.13,-24.07],[31.14,-24.07],[31.15,-24.07],[31.15,-24.06],[31.16,-24.06],[31.17,-24.06],[31.17,-24.05],[31.17,-24.04],[31.18,-24.04],[31.18,-24.03],[31.19,-24.03],[31.2,-24.03],[31.2,-24.04],[31.21,-24.04],[31.22,-24.04],[31.22,-24.05],[31.23,-24.05],[31.23,-24.06],[31.24,-24.06],[31.24,-24.07],[31.25,-24.07],[31.25,-24.08],[31.25,-24.09],[31.25,-24.1],[31.26,-24.1],[31.27,-24.1],[31.28,-24.09],[31.29,-24.08],[31.29,-24.07],[31.3,-24.07],[31.3,-24.08],[31.31,-24.08],[31.32,-24.08],[31.33,-24.08],[31.34,-24.08],[31.34,-24.07],[31.35,-24.07],[31.36,-24.07],[31.37,-24.07],[31.37,-24.06],[31.38,-24.05],[31.39,-24.05],[31.39,-24.06],[31.39,-24.07],[31.4,-24.07],[31.41,-24.06],[31.42,-24.06],[31.43,-24.05],[31.44,-24.05],[31.44,-24.04],[31.44,-24.03],[31.44,-24.02],[31.45,-24.02],[31.46,-24.03],[31.47,-24.03],[31.48,-24.03],[31.49,-24.04],[31.5,-24.04],[31.51,-24.04],[31.51,-24.05],[31.52,-24.05],[31.53,-24.06],[31.54,-24.06],[31.54,-24.05],[31.54,-24.04],[31.55,-24.04],[31.56,-24.03],[31.57,-24.03],[31.57,-24.04],[31.58,-24.04],[31.58,-24.05],[31.59,-24.05],[31.59,-24.06],[31.6,-24.06],[31.6,-24.05],[31.61,-24.05],[31.61,-24.04],[31.61,-24.03],[31.62,-24.02],[31.63,-24.02],[31.64,-24.02],[31.65,-24.01],[31.66,-24.01],[31.66,-24.02],[31.67,-24.02],[31.67,-24.03],[31.67,-24.04],[31.68,-24.05],[31.68,-24.06],[31.69,-24.06],[31.7,-24.06],[31.71,-24.06],[31.72,-24.06],[31.73,-24.05],[31.74,-24.05],[31.74,-24.04],[31.74,-24.03],[31.73,-24.02],[31.73,-24.01],[31.74,-24.01],[31.74,-24.0],[31.75,-24.0],[31.76,-23.99],[31.77,-23.98],[31.78,-23.98],[31.79,-23.99],[31.8,-23.99],[31.8,-24.0],[31.81,-24.0],[31.82,-24.0],[31.82,-23.99],[31.83,-23.99],[31.84,-23.99],[31.85,-23.99],[31.88,-23.98],[31.89,-24.0],[31.9,-24.07],[31.91,-24.18],[31.95,-24.25],[31.96,-24.27],[31.98,-24.3],[31.99,-24.3],[32.0,-24.37],[32.01,-24.46],[32.01,-24.58],[32.0,-24.69],[32.02,-24.93],[32.03,-25.07],[32.03,-25.13],[32.03,-25.18],[32.03,-25.24],[32.03,-25.27],[32.02,-25.31],[32.02,-25.35],[32.02,-25.38],[32.01,-25.39],[32.01,-25.4],[32.0,-25.41],[31.99,-25.42],[31.99,-25.43],[31.99,-25.44],[31.99,-25.45],[31.98,-25.45],[31.98,-25.46],[31.98,-25.47],[31.98,-25.48],[31.98,-25.49],[31.98,-25.5],[31.98,-25.51],[31.98,-25.52],[32.0,-25.53],[32.0,-25.59],[32.01,-25.63],[32.01,-25.65],[32.0,-25.68],[31.98,-25.69],[31.98,-25.7],[31.97,-25.72],[31.96,-25.74],[31.96,-25.75],[31.96,-25.76],[31.95,-25.78],[31.95,-25.79],[31.94,-25.8],[31.94,-25.82],[31.93,-25.84],[31.95,-25.88],[31.98,-25.95],[31.94,-25.97],[31.91,-25.98],[31.9,-25.98],[31.88,-26.0],[31.87,-26.0],[31.79,-25.95],[31.77,-25.94],[31.76,-25.93],[31.72,-25.91],[31.69,-25.89],[31.68,-25.88],[31.67,-25.88],[31.6,-25.84],[31.59,-25.83],[31.58,-25.82],[31.54,-25.79],[31.53,-25.79],[31.49,-25.77],[31.49,-25.76],[31.47,-25.75],[31.46,-25.75],[31.42,-25.72],[31.38,-25.73],[31.33,-25.74],[31.32,-25.74],[31.27,-25.8],[31.26,-25.81],[31.25,-25.82],[31.24,-25.83],[31.21,-25.85],[31.18,-25.87],[31.15,-25.9],[31.13,-25.92],[31.07,-25.92],[31.06,-25.92],[31.04,-25.91],[31.04,-25.88],[31.04,-25.87],[31.01,-25.89],[30.99,-25.92],[30.98,-25.92],[30.98,-25.93],[30.97,-25.93],[30.96,-25.93],[30.92,-25.93],[30.88,-25.93],[30.86,-25.93],[30.85,-25.93],[30.82,-25.92],[30.81,-25.92],[30.82,-25.91],[30.82,-25.9],[30.82,-25.88],[30.81,-25.87],[30.8,-25.86],[30.77,-25.86],[30.77,-25.85],[30.76,-25.83],[30.75,-25.82],[30.75,-25.8],[30.74,-25.79],[30.73,-25.77],[30.73,-25.76],[30.73,-25.75],[30.73,-25.74],[30.7,-25.73],[30.65,-25.71],[30.65,-25.7],[30.66,-25.69],[30.67,-25.67],[30.64,-25.67],[30.64,-25.66],[30.61,-25.66],[30.61,-25.65],[30.62,-25.64],[30.63,-25.64],[30.63,-25.63],[30.63,-25.62],[30.62,-25.61],[30.61,-25.6],[30.61,-25.59],[30.6,-25.58],[30.6,-25.56],[30.59,-25.55],[30.58,-25.56],[30.57,-25.56],[30.56,-25.56],[30.55,-25.55],[30.54,-25.55],[30.54,-25.54],[30.53,-25.54],[30.53,-25.53],[30.54,-25.52],[30.55,-25.51],[30.55,-25.5],[30.56,-25.5],[30.57,-25.48],[30.56,-25.48],[30.55,-25.47],[30.54,-25.47],[30.53,-25.47],[30.51,-25.48],[30.5,-25.46],[30.5,-25.45],[30.48,-25.46],[30.48,-25.45],[30.47,-25.44],[30.46,-25.41],[30.45,-25.41],[30.45,-25.39],[30.44,-25.38],[30.44,-25.37],[30.45,-25.36],[30.45,-25.34],[30.45,-25.35],[30.42,-25.35],[30.42,-25.36],[30.41,-25.37],[30.4,-25.38],[30.4,-25.39],[30.42,-25.42],[30.41,-25.43],[30.4,-25.44],[30.39,-25.44],[30.39,-25.45],[30.38,-25.45],[30.38,-25.46],[30.37,-25.46],[30.37,-25.47],[30.36,-25.48],[30.36,-25.49],[30.35,-25.49],[30.34,-25.49],[30.33,-25.48],[30.33,-25.47],[30.32,-25.46],[30.31,-25.45],[30.3,-25.44],[30.3,-25.45],[30.29,-25.45],[30.28,-25.45],[30.28,-25.46],[30.27,-25.46],[30.27,-25.47],[30.26,-25.47],[30.25,-25.46],[30.25,-25.45],[30.24,-25.44],[30.23,-25.43],[30.24,-25.41],[30.24,-25.4],[30.25,-25.38],[30.25,-25.37],[30.25,-25.36],[30.24,-25.35],[30.23,-25.35],[30.22,-25.37],[30.21,-25.36],[30.2,-25.34],[30.19,-25.33],[30.19,-25.32],[30.2,-25.31],[30.2,-25.29],[30.19,-25.3],[30.19,-25.29],[30.19,-25.28],[30.19,-25.27],[30.18,-25.27],[30.17,-25.26],[30.16,-25.26],[30.16,-25.25],[30.14,-25.25],[30.14,-25.24],[30.13,-25.21],[30.12,-25.23],[30.12,-25.24],[30.12,-25.25],[30.11,-25.27],[30.1,-25.27],[30.1,-25.28],[30.09,-25.28],[30.08,-25.29],[30.08,-25.3],[30.07,-25.31],[30.06,-25.32],[30.05,-25.33],[30.03,-25.37],[30.02,-25.37],[29.99,-25.35],[29.99,-25.34],[30.0,-25.34],[30.01,-25.34],[30.01,-25.33],[30.0,-25.32],[30.0,-25.31],[30.0,-25.3],[30.0,-25.29],[30.0,-25.28],[30.0,-25.27],[30.01,-25.26],[30.01,-25.25],[30.01,-25.24],[30.01,-25.23],[30.01,-25.21],[30.01,-25.2],[30.01,-25.19],[30.01,-25.18],[30.01,-25.17],[30.01,-25.16],[30.01,-25.15],[30.01,-25.14],[30.0,-25.14],[30.0,-25.13],[30.0,-25.12],[29.98,-25.09]]]]},"properties":{"name":"Ehlanzeni District"}},{"type":"Feature","geometry":{"type":"MultiPolygon","coordinates":[[[[28.07,-26.27],[28.07,-26.26],[28.08,-26.26],[28.09,-26.26],[28.1,-26.26],[28.11,-26.25],[28.12,-26.25],[28.12,-26.24],[28.12,-26.23],[28.13,-26.23],[28.13,-26.22],[28.12,-26.22],[28.12,-26.21],[28.12,-26.2],[28.12,-26.19],[28.12,-26.18],[28.11,-26.18],[28.11,-26.17],[28.12,-26.17],[28.11,-26.16],[28.12,-26.16],[28.12,-26.15],[28.13,-26.15],[28.13,-26.14],[28.13,-26.13],[28.14,-26.13],[28.14,-26.12],[28.14,-26.13],[28.15,-26.13],[28.15,-26.12],[28.16,-26.12],[28.16,-26.11],[28.17,-26.11],[28.17,-26.12],[28.18,-26.12],[28.18,-26.11],[28.18,-26.1],[28.18,-26.09],[28.18,-26.08],[28.18,-26.07],[28.18,-26.06],[28.17,-26.06],[28.17,-26.05],[28.17,-26.06],[28.16,-26.05],[28.16,-26.04],[28.17,-26.04],[28.18,-26.04],[28.18,-26.03],[28.17,-26.03],[28.18,-26.03],[28.18,-26.04],[28.19,-26.04],[28.19,-26.03],[28.18,-26.03],[28.18,-26.02],[28.19,-26.02],[28.19,-26.01],[28.2,-26.01],[28.2,-26.0],[28.21,-26.0],[28.21,-25.99],[28.21,-25.98],[28.2,-25.98],[28.2,-25.97],[28.2,-25.98],[28.19,-25.98],[28.18,-25.98],[28.17,-25.98],[28.17,-25.97],[28.17,-25.96],[28.17,-25.95],[28.18,-25.94],[28.18,-25.93],[28.18,-25.92],[28.18,-25.9],[28.19,-25.91],[28.2,-25.91],[28.21,-25.91],[28.22,-25.92],[28.23,-25.92],[28.24,-25.92],[28.26,-25.92],[28.27,-25.93],[28.27,-25.92],[28.32,-25.91],[28.34,-25.95],[28.35,-25.95],[28.36,-25.95],[28.37,-25.95],[28.37,-25.94],[28.38,-25.94],[28.39,-25.94],[28.39,-25.93],[28.4,-25.93],[28.41,-25.93],[28.41,-25.92],[28.41,-25.93],[28.42,-25.94],[28.42,-25.95],[28.43,-25.96],[28.44,-25.96],[28.45,-25.96],[28.46,-25.96],[28.47,-25.96],[28.47,-25.97],[28.46,-25.97],[28.46,-25.98],[28.45,-25.98],[28.45,-25.99],[28.44,-25.99],[28.45,-25.99],[28.45,-26.0],[28.45,-26.01],[28.45,-26.02],[28.46,-26.01],[28.46,-26.02],[28.46,-26.03],[28.46,-26.02],[28.46,-26.03],[28.45,-26.03],[28.45,-26.04],[28.44,-26.04],[28.44,-26.05],[28.46,-26.07],[28.47,-26.07],[28.47,-26.08],[28.48,-26.07],[28.49,-26.07],[28.5,-26.07],[28.5,-26.06],[28.5,-26.07],[28.51,-26.07],[28.52,-26.08],[28.51,-26.08],[28.5,-26.09],[28.51,-26.1],[28.5,-26.1],[28.49,-26.11],[28.49,-26.13],[28.5,-26.13],[28.51,-26.14],[28.52,-26.14],[28.52,-26.15],[28.52,-26.16],[28.53,-26.17],[28.53,-26.18],[28.52,-26.19],[28.52,-26.2],[28.52,-26.21],[28.52,-26.22],[28.51,-26.22],[28.51,-26.23],[28.52,-26.24],[28.52,-26.25],[28.52,-26.26],[28.52,-26.27],[28.52,-26.28],[28.52,-26.29],[28.52,-26.3],[28.52,-26.31],[28.52,-26.32],[28.52,-26.33],[28.52,-26.34],[28.51,-26.35],[28.52,-26.35],[28.52,-26.36],[28.51,-26.38],[28.51,-26.39],[28.51,-26.4],[28.51,-26.41],[28.51,-26.42],[28.51,-26.43],[28.52,-26.43],[28.52,-26.44],[28.53,-26.44],[28.52,-26.44],[28.52,-26.45],[28.52,-26.47],[28.51,-26.47],[28.51,-26.46],[28.5,-26.46],[28.5,-26.45],[28.5,-26.44],[28.49,-26.44],[28.48,-26.44],[28.47,-26.44],[28.46,-26.44],[28.45,-26.44],[28.44,-26.44],[28.44,-26.43],[28.43,-26.43],[28.42,-26.43],[28.42,-26.42],[28.41,-26.42],[28.41,-26.43],[28.4,-26.43],[28.4,-26.44],[28.38,-26.45],[28.38,-26.44],[28.37,-26.44],[28.38,-26.43],[28.39,-26.42],[28.4,-26.42],[28.41,-26.41],[28.4,-26.4],[28.39,-26.4],[28.38,-26.4],[28.38,-26.39],[28.39,-26.39],[28.38,-26.39],[28.37,-26.39],[28.37,-26.4],[28.36,-26.4],[28.36,-26.41],[28.35,-26.41],[28.35,-26.4],[28.34,-26.4],[28.34,-26.39],[28.33,-26.39],[28.33,-26.38],[28.32,-26.38],[28.31,-26.37],[28.3,-26.37],[28.3,-26.38],[28.29,-26.38],[28.29,-26.37],[28.28,-26.36],[28.27,-26.36],[28.26,-26.36],[28.26,-26.37],[28.25,-26.37],[28.25,-26.38],[28.24,-26.38],[28.25,-26.38],[28.25,-26.39],[28.26,-26.4],[28.26,-26.41],[28.27,-26.41],[28.26,-26.44],[28.25,-26.43],[28.24,-26.43],[28.23,-26.43],[28.22,-26.43],[28.22,-26.44],[28.22,-26.43],[28.22,-26.44],[28.21,-26.43],[28.2,-26.44],[28.19,-26.45],[28.18,-26.44],[28.2,-26.43],[28.19,-26.43],[28.18,-26.43],[28.18,-26.42],[28.17,-26.43],[28.16,-26.44],[28.15,-26.43],[28.15,-26.42],[28.14,-26.42],[28.13,-26.42],[28.14,-26.43],[28.13,-26.43],[28.12,-26.42],[28.11,-26.42],[28.1,-26.42],[28.09,-26.42],[28.08,-26.42],[28.08,-26.41],[28.08,-26.4],[28.08,-26.39],[28.09,-26.39],[28.09,-26.38],[28.09,-26.37],[28.1,-26.36],[28.09,-26.36],[28.09,-26.35],[28.09,-26.34],[28.08,-26.34],[28.07,-26.34],[28.08,-26.33],[28.08,-26.32],[28.09,-26.31],[28.09,-26.3],[28.08,-26.3],[28.08,-26.29],[28.07,-26.29],[28.07,-26.28],[28.07,-26.27]]]]},"properties":{"name":"Ekurhuleni Metropolitan"}},{"type":"Feature","geometry":{"type":"MultiPolygon","coordinates":[[[[30.56,-29.73],[30.56,-29.72],[30.57,-29.72],[30.57,-29.71],[30.57,-29.7],[30.58,-29.69],[30.58,-29.68],[30.58,-29.67],[30.59,-29.65],[30.62,-29.67],[30.64,-29.64],[30.64,-29.65],[30.64,-29.66],[30.63,-29.66],[30.64,-29.66],[30.65,-29.66],[30.65,-29.65],[30.64,-29.65],[30.65,-29.65],[30.65,-29.64],[30.66,-29.64],[30.66,-29.65],[30.67,-29.65],[30.67,-29.64],[30.66,-29.64],[30.65,-29.64],[30.65,-29.63],[30.64,-29.63],[30.65,-29.63],[30.66,-29.63],[30.67,-29.63],[30.67,-29.62],[30.68,-29.62],[30.67,-29.62],[30.67,-29.61],[30.68,-29.61],[30.67,-29.61],[30.67,-29.6],[30.68,-29.6],[30.69,-29.6],[30.7,-29.6],[30.71,-29.6],[30.71,-29.61],[30.72,-29.61],[30.73,-29.61],[30.73,-29.6],[30.72,-29.6],[30.73,-29.6],[30.73,-29.59],[30.72,-29.59],[30.73,-29.59],[30.73,-29.58],[30.72,-29.58],[30.73,-29.58],[30.72,-29.58],[30.72,-29.57],[30.73,-29.57],[30.74,-29.57],[30.75,-29.57],[30.76,-29.57],[30.77,-29.57],[30.78,-29.57],[30.78,-29.58],[30.78,-29.57],[30.78,-29.58],[30.78,-29.57],[30.79,-29.57],[30.79,-29.58],[30.8,-29.58],[30.8,-29.59],[30.81,-29.6],[30.81,-29.61],[30.81,-29.62],[30.82,-29.63],[30.83,-29.63],[30.83,-29.62],[30.84,-29.62],[30.84,-29.63],[30.84,-29.62],[30.84,-29.63],[30.85,-29.63],[30.85,-29.62],[30.86,-29.62],[30.87,-29.62],[30.88,-29.61],[30.88,-29.6],[30.88,-29.59],[30.89,-29.6],[30.89,-29.59],[30.9,-29.59],[30.91,-29.59],[30.9,-29.59],[30.9,-29.6],[30.91,-29.6],[30.92,-29.6],[30.92,-29.59],[30.93,-29.59],[30.93,-29.6],[30.93,-29.59],[30.94,-29.59],[30.95,-29.59],[30.95,-29.58],[30.96,-29.58],[30.96,-29.59],[30.97,-29.59],[30.98,-29.59],[30.98,-29.58],[30.99,-29.58],[30.99,-29.59],[31.0,-29.59],[31.01,-29.59],[31.01,-29.58],[31.01,-29.57],[31.01,-29.56],[31.02,-29.56],[31.03,-29.55],[31.04,-29.55],[31.05,-29.55],[31.06,-29.55],[31.07,-29.55],[31.09,-29.54],[31.1,-29.54],[31.11,-29.54],[31.11,-29.53],[31.11,-29.52],[31.11,-29.51],[31.12,-29.51],[31.12,-29.5],[31.12,-29.51],[31.14,-29.5],[31.15,-29.51],[31.16,-29.51],[31.16,-29.52],[31.17,-29.52],[31.18,-29.52],[31.18,-29.53],[31.17,-29.54],[31.17,-29.55],[31.17,-29.56],[31.17,-29.57],[31.18,-29.57],[31.19,-29.57],[31.18,-29.57],[31.18,-29.58],[31.18,-29.59],[31.17,-29.59],[31.17,-29.6],[31.16,-29.6],[31.16,-29.61],[31.16,-29.62],[31.15,-29.62],[31.15,-29.63],[31.14,-29.63],[31.14,-29.64],[31.13,-29.64],[31.13,-29.65],[31.13,-29.66],[31.12,-29.66],[31.12,-29.67],[31.12,-29.68],[31.11,-29.68],[31.11,-29.69],[31.11,-29.7],[31.1,-29.7],[31.1,-29.71],[31.09,-29.71],[31.09,-29.72],[31.09,-29.73],[31.08,-29.73],[31.08,-29.74],[31.08,-29.75],[31.07,-29.75],[31.07,-29.76],[31.06,-29.76],[31.06,-29.77],[31.06,-29.78],[31.05,-29.78],[31.05,-29.79],[31.05,-29.8],[31.04,-29.8],[31.04,-29.81],[31.04,-29.82],[31.04,-29.83],[31.04,-29.84],[31.04,-29.85],[31.04,-29.86],[31.05,-29.86],[31.05,-29.87],[31.06,-29.87],[31.06,-29.88],[31.05,-29.88],[31.05,-29.89],[31.05,-29.9],[31.04,-29.9],[31.04,-29.91],[31.03,-29.91],[31.03,-29.92],[31.02,-29.92],[31.02,-29.93],[31.01,-29.93],[31.01,-29.94],[31.0,-29.94],[31.0,-29.95],[30.99,-29.95],[30.99,-29.96],[30.98,-29.96],[30.98,-29.97],[30.97,-29.98],[30.96,-29.98],[30.96,-29.99],[30.95,-29.99],[30.95,-30.0],[30.94,-30.0],[30.94,-30.01],[30.93,-30.01],[30.93,-30.02],[30.92,-30.02],[30.92,-30.03],[30.91,-30.03],[30.91,-30.04],[30.9,-30.04],[30.9,-30.05],[30.89,-30.05],[30.89,-30.06],[30.88,-30.06],[30.88,-30.07],[30.87,-30.07],[30.87,-30.08],[30.87,-30.09],[30.86,-30.09],[30.86,-30.1],[30.86,-30.11],[30.85,-30.11],[30.85,-30.12],[30.85,-30.13],[30.84,-30.14],[30.83,-30.15],[30.83,-30.16],[30.82,-30.16],[30.82,-30.17],[30.82,-30.18],[30.81,-30.18],[30.81,-30.19],[30.81,-30.2],[30.8,-30.2],[30.8,-30.21],[30.8,-30.22],[30.79,-30.22],[30.79,-30.23],[30.79,-30.24],[30.78,-30.24],[30.78,-30.25],[30.78,-30.26],[30.77,-30.26],[30.77,-30.27],[30.76,-30.27],[30.76,-30.26],[30.76,-30.27],[30.75,-30.26],[30.75,-30.25],[30.75,-30.24],[30.74,-30.24],[30.74,-30.23],[30.73,-30.23],[30.73,-30.22],[30.72,-30.22],[30.71,-30.21],[30.7,-30.21],[30.7,-30.2],[30.69,-30.2],[30.7,-30.2],[30.7,-30.19],[30.7,-30.18],[30.69,-30.17],[30.7,-30.17],[30.71,-30.17],[30.71,-30.16],[30.72,-30.16],[30.72,-30.17],[30.73,-30.17],[30.73,-30.18],[30.74,-30.18],[30.74,-30.17],[30.75,-30.17],[30.75,-30.16],[30.74,-30.16],[30.74,-30.15],[30.73,-30.15],[30.72,-30.15],[30.72,-30.14],[30.76,-30.15],[30.77,-30.15],[30.79,-30.12],[30.8,-30.12],[30.81,-30.11],[30.81,-30.1],[30.82,-30.1],[30.82,-30.09],[30.83,-30.09],[30.83,-30.08],[30.82,-30.08],[30.82,-30.07],[30.81,-30.06],[30.81,-30.05],[30.8,-30.05],[30.8,-30.04],[30.79,-30.03],[30.78,-30.02],[30.78,-30.01],[30.78,-30.02],[30.77,-30.02],[30.77,-30.01],[30.76,-30.01],[30.76,-30.02],[30.75,-30.02],[30.75,-30.01],[30.74,-30.01],[30.73,-30.01],[30.73,-30.02],[30.73,-30.03],[30.72,-30.04],[30.73,-30.04],[30.73,-30.05],[30.72,-30.05],[30.72,-30.04],[30.71,-30.04],[30.71,-30.03],[30.71,-30.04],[30.7,-30.03],[30.69,-30.03],[30.68,-30.03],[30.68,-30.02],[30.67,-30.02],[30.67,-30.03],[30.66,-30.02],[30.66,-30.01],[30.67,-30.01],[30.68,-30.01],[30.68,-30.0],[30.69,-30.0],[30.7,-29.99],[30.7,-29.98],[30.69,-29.98],[30.68,-29.98],[30.67,-29.99],[30.66,-29.99],[30.66,-29.98],[30.65,-29.98],[30.65,-29.97],[30.66,-29.97],[30.66,-29.96],[30.67,-29.94],[30.68,-29.92],[30.67,-29.92],[30.66,-29.92],[30.66,-29.91],[30.66,-29.9],[30.65,-29.89],[30.65,-29.9],[30.64,-29.9],[30.62,-29.89],[30.62,-29.88],[30.62,-29.87],[30.62,-29.86],[30.62,-29.85],[30.61,-29.85],[30.61,-29.84],[30.61,-29.83],[30.6,-29.83],[30.6,-29.84],[30.59,-29.84],[30.57,-29.85],[30.58,-29.83],[30.58,-29.82],[30.58,-29.81],[30.58,-29.79],[30.59,-29.78],[30.59,-29.77],[30.58,-29.76],[30.58,-29.75],[30.57,-29.75],[30.57,-29.74],[30.57,-29.73],[30.56,-29.73]]]]},"properties":{"name":"eThekwini Metropolitan"}},{"type":"Feature","geometry":{"type":"MultiPolygon","coordinates":[[[[26.52,-27.1],[26.53,-27.09],[26.54,-27.09],[26.55,-27.09],[26.55,-27.1],[26.56,-27.1],[26.57,-27.1],[26.58,-27.1],[26.58,-27.11],[26.59,-27.11],[26.59,-27.1],[26.59,-27.09],[26.59,-27.08],[26.59,-27.07],[26.59,-27.06],[26.58,-27.06],[26.58,-27.05],[26.59,-27.05],[26.59,-27.04],[26.6,-27.04],[26.6,-27.03],[26.61,-27.03],[26.61,-27.02],[26.62,-27.02],[26.62,-27.01],[26.62,-27.0],[26.63,-27.0],[26.64,-27.0],[26.65,-27.0],[26.66,-26.99],[26.67,-26.99],[26.67,-27.0],[26.68,-27.0],[26.68,-27.01],[26.68,-27.02],[26.69,-27.02],[26.69,-27.01],[26.7,-27.01],[26.7,-27.0],[26.7,-26.99],[26.71,-26.99],[26.71,-26.98],[26.71,-26.97],[26.72,-26.97],[26.73,-26.97],[26.74,-26.97],[26.74,-26.96],[26.75,-26.96],[26.75,-26.97],[26.75,-26.96],[26.76,-26.96],[26.76,-26.95],[26.77,-26.95],[26.78,-26.95],[26.78,-26.94],[26.79,-26.94],[26.8,-26.94],[26.8,-26.93],[26.81,-26.93],[26.81,-26.94],[26.81,-26.95],[26.82,-26.95],[26.83,-26.95],[26.84,-26.95],[26.84,-26.94],[26.85,-26.94],[26.85,-26.93],[26.86,-26.93],[26.86,-26.92],[26.87,-26.92],[26.88,-26.92],[26.88,-26.93],[26.87,-26.93],[26.88,-26.93],[26.88,-26.94],[26.89,-26.94],[26.89,-26.93],[26.9,-26.93],[26.9,-26.94],[26.91,-26.94],[26.91,-26.95],[26.91,-26.96],[26.91,-26.97],[26.92,-26.97],[26.92,-26.96],[26.93,-26.96],[26.92,-26.96],[26.92,-26.95],[26.92,-26.94],[26.92,-26.93],[26.92,-26.92],[26.92,-26.91],[26.92,-26.9],[26.92,-26.89],[26.93,-26.89],[26.93,-26.88],[26.94,-26.88],[26.94,-26.87],[26.95,-26.87],[26.95,-26.88],[26.95,-26.89],[26.95,-26.9],[26.96,-26.9],[26.96,-26.91],[26.97,-26.91],[26.98,-26.91],[26.99,-26.92],[27.0,-26.92],[27.0,-26.93],[27.01,-26.93],[27.02,-26.93],[27.03,-26.94],[27.04,-26.94],[27.05,-26.94],[27.06,-26.94],[27.07,-26.94],[27.07,-26.93],[27.08,-26.93],[27.08,-26.94],[27.09,-26.94],[27.09,-26.93],[27.1,-26.93],[27.11,-26.93],[27.12,-26.93],[27.13,-26.93],[27.13,-26.94],[27.14,-26.94],[27.15,-26.94],[27.15,-26.93],[27.16,-26.93],[27.16,-26.92],[27.17,-26.92],[27.18,-26.92],[27.18,-26.93],[27.18,-26.94],[27.18,-26.95],[27.18,-26.96],[27.17,-26.96],[27.17,-26.97],[27.18,-26.97],[27.19,-26.97],[27.19,-26.98],[27.2,-26.98],[27.21,-26.98],[27.21,-26.97],[27.21,-26.96],[27.21,-26.95],[27.22,-26.95],[27.22,-26.94],[27.23,-26.94],[27.23,-26.93],[27.24,-26.93],[27.24,-26.92],[27.25,-26.92],[27.25,-26.91],[27.26,-26.91],[27.26,-26.9],[27.27,-26.9],[27.27,-26.89],[27.28,-26.89],[27.28,-26.88],[27.29,-26.88],[27.29,-26.87],[27.3,-26.87],[27.3,-26.86],[27.3,-26.85],[27.31,-26.85],[27.32,-26.85],[27.33,-26.85],[27.33,-26.86],[27.34,-26.86],[27.34,-26.87],[27.35,-26.87],[27.35,-26.88],[27.36,-26.88],[27.36,-26.89],[27.37,-26.89],[27.37,-26.9],[27.38,-26.9],[27.39,-26.9],[27.39,-26.91],[27.4,-26.92],[27.4,-26.91],[27.4,-26.92],[27.41,-26.93],[27.42,-26.92],[27.43,-26.92],[27.43,-26.91],[27.44,-26.9],[27.45,-26.9],[27.45,-26.89],[27.46,-26.89],[27.47,-26.89],[27.48,-26.88],[27.48,-26.87],[27.48,-26.86],[27.48,-26.85],[27.49,-26.85],[27.5,-26.85],[27.5,-26.84],[27.51,-26.84],[27.51,-26.83],[27.51,-26.82],[27.52,-26.82],[27.52,-26.81],[27.52,-26.8],[27.51,-26.8],[27.51,-26.79],[27.51,-26.78],[27.52,-26.78],[27.53,-26.78],[27.54,-26.79],[27.54,-26.78],[27.55,-26.78],[27.55,-26.77],[27.56,-26.77],[27.56,-26.78],[27.57,-26.78],[27.58,-26.78],[27.58,-26.77],[27.58,-26.76],[27.57,-26.76],[27.57,-26.75],[27.58,-26.75],[27.58,-26.74],[27.59,-26.74],[27.6,-26.74],[27.61,-26.74],[27.61,-26.73],[27.62,-26.73],[27.63,-26.73],[27.63,-26.74],[27.63,-26.75],[27.64,-26.75],[27.63,-26.75],[27.63,-26.76],[27.63,-26.77],[27.64,-26.77],[27.65,-26.77],[27.66,-26.77],[27.67,-26.77],[27.68,-26.77],[27.68,-26.76],[27.69,-26.76],[27.7,-26.76],[27.71,-26.76],[27.72,-26.76],[27.73,-26.76],[27.74,-26.76],[27.74,-26.77],[27.74,-26.78],[27.75,-26.78],[27.75,-26.79],[27.76,-26.79],[27.76,-26.8],[27.77,-26.8],[27.77,-26.79],[27.77,-26.78],[27.77,-26.77],[27.77,-26.76],[27.78,-26.76],[27.78,-26.75],[27.79,-26.75],[27.8,-26.75],[27.81,-26.75],[27.82,-26.75],[27.83,-26.75],[27.84,-26.75],[27.85,-26.75],[27.86,-26.75],[27.87,-26.75],[27.88,-26.75],[27.88,-26.74],[27.88,-26.73],[27.89,-26.73],[27.89,-26.72],[27.9,-26.72],[27.89,-26.72],[27.89,-26.71],[27.9,-26.71],[27.91,-26.71],[27.92,-26.71],[27.92,-26.7],[27.93,-26.7],[27.93,-26.69],[27.94,-26.69],[27.94,-26.68],[27.94,-26.67],[27.95,-26.67],[27.96,-26.67],[27.97,-26.67],[27.98,-26.67],[27.98,-26.68],[27.99,-26.68],[27.99,-26.69],[28.0,-26.69],[28.0,-26.7],[28.0,-26.71],[28.0,-26.72],[27.99,-26.72],[27.99,-26.73],[27.99,-26.74],[28.0,-26.74],[28.0,-26.75],[28.0,-26.76],[28.01,-26.76],[28.01,-26.77],[28.02,-26.77],[28.02,-26.78],[28.03,-26.78],[28.02,-26.79],[28.01,-26.79],[28.02,-26.79],[28.02,-26.8],[28.03,-26.8],[28.03,-26.79],[28.04,-26.79],[28.04,-26.8],[28.05,-26.8],[28.05,-26.81],[28.05,-26.82],[28.06,-26.82],[28.07,-26.82],[28.07,-26.83],[28.08,-26.83],[28.08,-26.84],[28.09,-26.84],[28.1,-26.84],[28.11,-26.84],[28.12,-26.84],[28.12,-26.85],[28.12,-26.86],[28.12,-26.87],[28.12,-26.88],[28.12,-26.89],[28.13,-26.89],[28.14,-26.89],[28.15,-26.89],[28.15,-26.88],[28.16,-26.88],[28.16,-26.89],[28.17,-26.89],[28.17,-26.88],[28.17,-26.87],[28.17,-26.86],[28.16,-26.86],[28.16,-26.85],[28.15,-26.85],[28.16,-26.85],[28.17,-26.85],[28.18,-26.85],[28.18,-26.86],[28.18,-26.87],[28.19,-26.87],[28.19,-26.88],[28.18,-26.89],[28.19,-26.89],[28.19,-26.9],[28.2,-26.9],[28.2,-26.91],[28.21,-26.91],[28.22,-26.91],[28.22,-26.92],[28.23,-26.92],[28.24,-26.92],[28.24,-26.91],[28.23,-26.91],[28.23,-26.9],[28.23,-26.89],[28.23,-26.88],[28.24,-26.88],[28.25,-26.89],[28.25,-26.9],[28.26,-26.9],[28.26,-26.91],[28.26,-26.92],[28.26,-26.91],[28.27,-26.91],[28.28,-26.91],[28.28,-26.92],[28.29,-26.92],[28.29,-26.93],[28.3,-26.94],[28.31,-26.94],[28.31,-26.93],[28.31,-26.92],[28.32,-26.92],[28.33,-26.92],[28.33,-26.93],[28.32,-26.93],[28.32,-26.94],[28.32,-26.95],[28.33,-26.95],[28.33,-26.94],[28.34,-26.94],[28.35,-26.94],[28.35,-26.93],[28.36,-26.93],[28.37,-26.93],[28.38,-26.93],[28.39,-26.93],[28.4,-26.93],[28.4,-26.94],[28.4,-26.95],[28.41,-26.96],[28.41,-26.97],[28.42,-26.97],[28.42,-26.98],[28.43,-26.99],[28.42,-26.99],[28.42,-27.0],[28.41,-27.0],[28.41,-27.01],[28.42,-27.01],[28.43,-27.01],[28.43,-27.0],[28.44,-27.0],[28.44,-26.99],[28.45,-26.99],[28.45,-26.98],[28.45,-26.97],[28.44,-26.97],[28.44,-26.96],[28.45,-26.96],[28.45,-26.97],[28.46,-26.97],[28.46,-26.98],[28.47,-26.98],[28.47,-26.97],[28.47,-26.96],[28.48,-26.96],[28.47,-26.96],[28.47,-26.95],[28.48,-26.95],[28.48,-26.96],[28.48,-26.97],[28.49,-26.97],[28.49,-26.98],[28.5,-26.98],[28.51,-26.98],[28.51,-26.99],[28.51,-27.0],[28.5,-27.0],[28.5,-27.01],[28.51,-27.01],[28.52,-27.01],[28.52,-27.02],[28.53,-27.02],[28.53,-27.03],[28.54,-27.03],[28.54,-27.04],[28.55,-27.04],[28.55,-27.05],[28.54,-27.05],[28.54,-27.06],[28.53,-27.06],[28.53,-27.07],[28.54,-27.07],[28.54,-27.06],[28.55,-27.06],[28.56,-27.06],[28.56,-27.05],[28.56,-27.04],[28.57,-27.04],[28.57,-27.03],[28.57,-27.04],[28.58,-27.04],[28.59,-27.04],[28.59,-27.03],[28.59,-27.02],[28.6,-27.02],[28.61,-27.02],[28.61,-27.01],[28.62,-27.01],[28.63,-27.01],[28.63,-27.02],[28.64,-27.02],[28.65,-27.02],[28.65,-27.01],[28.65,-27.0],[28.66,-27.0],[28.65,-27.0],[28.65,-26.99],[28.64,-26.99],[28.63,-26.99],[28.62,-26.99],[28.62,-27.0],[28.61,-27.0],[28.61,-26.99],[28.61,-26.98],[28.62,-26.98],[28.62,-26.97],[28.63,-26.97],[28.63,-26.96],[28.64,-26.96],[28.64,-26.95],[28.65,-26.95],[28.65,-26.96],[28.66,-26.96],[28.67,-26.96],[28.67,-26.97],[28.68,-26.97],[28.68,-26.98],[28.69,-26.98],[28.7,-26.98],[28.7,-26.97],[28.71,-26.97],[28.71,-26.98],[28.72,-26.98],[28.73,-26.98],[28.73,-26.99],[28.73,-27.0],[28.74,-27.0],[28.75,-27.0],[28.76,-27.0],[28.77,-27.0],[28.77,-27.01],[28.78,-27.01],[28.77,-27.01],[28.77,-27.02],[28.78,-27.02],[28.79,-27.02],[28.79,-27.03],[28.8,-27.03],[28.8,-27.02],[28.8,-27.01],[28.81,-27.01],[28.81,-27.02],[28.81,-27.03],[28.81,-27.04],[28.82,-27.04],[28.83,-27.04],[28.84,-27.04],[28.85,-27.04],[28.85,-27.03],[28.86,-27.03],[28.86,-27.02],[28.86,-27.03],[28.87,-27.03],[28.87,-27.04],[28.88,-27.04],[28.88,-27.05],[28.88,-27.06],[28.89,-27.06],[28.89,-27.05],[28.9,-27.05],[28.9,-27.04],[28.9,-27.03],[28.89,-27.03],[28.89,-27.02],[28.89,-27.01],[28.9,-27.01],[28.9,-27.02],[28.91,-27.02],[28.92,-27.02],[28.92,-27.01],[28.93,-27.01],[28.93,-27.02],[28.94,-27.02],[28.94,-27.01],[28.95,-27.01],[28.96,-27.01],[28.96,-27.0],[28.97,-27.0],[28.97,-26.99],[28.98,-26.99],[28.98,-27.0],[28.99,-27.0],[29.0,-27.0],[29.0,-27.01],[29.01,-27.01],[29.02,-27.01],[29.01,-27.03],[29.0,-27.05],[29.0,-27.07],[29.0,-27.08],[29.0,-27.11],[29.01,-27.11],[29.0,-27.15],[29.01,-27.17],[29.0,-27.17],[29.0,-27.18],[28.98,-27.21],[28.98,-27.22],[28.99,-27.22],[28.99,-27.23],[28.98,-27.24],[29.01,-27.25],[29.0,-27.25],[29.0,-27.26],[28.98,-27.26],[28.98,-27.25],[28.97,-27.26],[28.96,-27.26],[28.97,-27.28],[28.96,-27.28],[28.95,-27.28],[28.94,-27.29],[28.93,-27.3],[28.92,-27.35],[28.92,-27.38],[28.93,-27.4],[28.93,-27.41],[28.92,-27.42],[28.91,-27.41],[28.9,-27.41],[28.89,-27.41],[28.89,-27.42],[28.88,-27.44],[28.87,-27.43],[28.86,-27.45],[28.83,-27.45],[28.84,-27.48],[28.82,-27.47],[28.8,-27.46],[28.79,-27.46],[28.78,-27.47],[28.77,-27.48],[28.77,-27.5],[28.77,-27.52],[28.77,-27.53],[28.75,-27.53],[28.75,-27.54],[28.74,-27.54],[28.74,-27.55],[28.74,-27.56],[28.75,-27.56],[28.75,-27.57],[28.74,-27.57],[28.74,-27.58],[28.74,-27.59],[28.74,-27.6],[28.7,-27.59],[28.69,-27.59],[28.67,-27.59],[28.68,-27.58],[28.67,-27.58],[28.66,-27.59],[28.65,-27.6],[28.64,-27.6],[28.63,-27.61],[28.62,-27.61],[28.61,-27.6],[28.6,-27.6],[28.61,-27.6],[28.61,-27.59],[28.62,-27.59],[28.61,-27.58],[28.6,-27.56],[28.59,-27.57],[28.58,-27.56],[28.57,-27.56],[28.57,-27.55],[28.57,-27.54],[28.56,-27.54],[28.55,-27.55],[28.55,-27.56],[28.55,-27.57],[28.55,-27.58],[28.54,-27.58],[28.53,-27.59],[28.52,-27.58],[28.52,-27.59],[28.51,-27.6],[28.5,-27.59],[28.49,-27.58],[28.49,-27.57],[28.48,-27.57],[28.47,-27.57],[28.47,-27.56],[28.47,-27.55],[28.47,-27.54],[28.47,-27.53],[28.46,-27.53],[28.46,-27.52],[28.45,-27.52],[28.45,-27.51],[28.43,-27.51],[28.41,-27.51],[28.4,-27.52],[28.39,-27.52],[28.38,-27.52],[28.37,-27.52],[28.36,-27.53],[28.35,-27.53],[28.35,-27.54],[28.34,-27.54],[28.33,-27.54],[28.32,-27.55],[28.31,-27.55],[28.3,-27.55],[28.29,-27.54],[28.29,-27.55],[28.28,-27.56],[28.28,-27.57],[28.27,-27.57],[28.26,-27.57],[28.26,-27.56],[28.26,-27.54],[28.26,-27.53],[28.25,-27.53],[28.25,-27.52],[28.25,-27.51],[28.25,-27.5],[28.23,-27.49],[28.23,-27.5],[28.22,-27.5],[28.22,-27.49],[28.21,-27.5],[28.19,-27.5],[28.19,-27.49],[28.19,-27.48],[28.18,-27.49],[28.17,-27.49],[28.17,-27.5],[28.16,-27.5],[28.15,-27.51],[28.14,-27.52],[28.13,-27.52],[28.12,-27.52],[28.12,-27.53],[28.11,-27.53],[28.1,-27.53],[28.09,-27.55],[28.08,-27.56],[28.07,-27.57],[28.06,-27.58],[28.06,-27.56],[28.05,-27.56],[28.04,-27.56],[28.02,-27.56],[28.01,-27.56],[28.01,-27.58],[28.0,-27.59],[27.99,-27.6],[27.99,-27.61],[27.98,-27.61],[27.99,-27.62],[27.99,-27.63],[27.98,-27.63],[27.97,-27.63],[27.97,-27.64],[27.95,-27.64],[27.94,-27.64],[27.93,-27.64],[27.92,-27.64],[27.9,-27.64],[27.88,-27.64],[27.88,-27.65],[27.88,-27.66],[27.86,-27.66],[27.85,-27.67],[27.84,-27.67],[27.84,-27.68],[27.84,-27.69],[27.84,-27.7],[27.84,-27.71],[27.84,-27.72],[27.84,-27.73],[27.85,-27.74],[27.85,-27.75],[27.85,-27.76],[27.86,-27.77],[27.86,-27.78],[27.86,-27.79],[27.86,-27.8],[27.86,-27.82],[27.86,-27.83],[27.86,-27.85],[27.87,-27.87],[27.87,-27.89],[27.87,-27.9],[27.87,-27.91],[27.87,-27.92],[27.87,-27.93],[27.84,-27.93],[27.82,-27.93],[27.82,-27.94],[27.81,-27.95],[27.8,-27.95],[27.8,-27.94],[27.8,-27.93],[27.79,-27.93],[27.79,-27.92],[27.79,-27.91],[27.78,-27.91],[27.77,-27.91],[27.76,-27.91],[27.77,-27.91],[27.76,-27.91],[27.76,-27.9],[27.76,-27.91],[27.75,-27.91],[27.75,-27.92],[27.74,-27.93],[27.73,-27.94],[27.73,-27.95],[27.73,-27.96],[27.72,-27.96],[27.71,-27.97],[27.71,-27.98],[27.7,-27.98],[27.72,-27.98],[27.7,-28.0],[27.7,-28.01],[27.7,-28.02],[27.7,-28.03],[27.7,-28.04],[27.69,-28.04],[27.69,-28.05],[27.68,-28.05],[27.67,-28.05],[27.66,-28.06],[27.65,-28.06],[27.66,-28.07],[27.67,-28.08],[27.68,-28.09],[27.69,-28.1],[27.69,-28.11],[27.69,-28.12],[27.66,-28.13],[27.65,-28.13],[27.66,-28.15],[27.66,-28.16],[27.66,-28.17],[27.66,-28.19],[27.66,-28.18],[27.65,-28.19],[27.64,-28.19],[27.64,-28.18],[27.63,-28.18],[27.63,-28.17],[27.62,-28.17],[27.61,-28.17],[27.6,-28.18],[27.6,-28.19],[27.61,-28.21],[27.61,-28.22],[27.61,-28.24],[27.62,-28.25],[27.61,-28.27],[27.6,-28.26],[27.59,-28.27],[27.58,-28.28],[27.57,-28.28],[27.56,-28.28],[27.55,-28.28],[27.55,-28.27],[27.54,-28.27],[27.53,-28.27],[27.52,-28.27],[27.51,-28.27],[27.5,-28.27],[27.5,-28.26],[27.5,-28.25],[27.49,-28.25],[27.48,-28.25],[27.48,-28.26],[27.48,-28.27],[27.47,-28.27],[27.47,-28.26],[27.46,-28.26],[27.46,-28.25],[27.45,-28.25],[27.45,-28.24],[27.43,-28.24],[27.42,-28.24],[27.41,-28.24],[27.4,-28.24],[27.39,-28.24],[27.39,-28.22],[27.39,-28.21],[27.39,-28.2],[27.38,-28.2],[27.38,-28.19],[27.38,-28.18],[27.37,-28.18],[27.37,-28.17],[27.38,-28.16],[27.39,-28.16],[27.39,-28.15],[27.39,-28.14],[27.41,-28.11],[27.41,-28.1],[27.43,-28.11],[27.47,-28.11],[27.47,-28.1],[27.46,-28.1],[27.46,-28.09],[27.46,-28.08],[27.45,-28.08],[27.45,-28.07],[27.44,-28.07],[27.44,-28.06],[27.43,-28.05],[27.43,-28.04],[27.42,-28.04],[27.43,-28.02],[27.42,-28.02],[27.41,-28.02],[27.41,-28.03],[27.4,-28.02],[27.4,-28.01],[27.4,-28.02],[27.39,-28.02],[27.38,-28.02],[27.37,-28.02],[27.38,-28.01],[27.37,-28.0],[27.36,-28.0],[27.36,-27.98],[27.36,-27.97],[27.37,-27.96],[27.37,-27.95],[27.36,-27.94],[27.36,-27.93],[27.34,-27.95],[27.32,-27.95],[27.3,-27.96],[27.3,-27.95],[27.29,-27.94],[27.29,-27.93],[27.29,-27.92],[27.28,-27.92],[27.27,-27.92],[27.26,-27.92],[27.26,-27.91],[27.25,-27.91],[27.24,-27.91],[27.23,-27.91],[27.22,-27.91],[27.22,-27.92],[27.21,-27.91],[27.2,-27.9],[27.19,-27.9],[27.19,-27.91],[27.18,-27.92],[27.18,-27.91],[27.17,-27.91],[27.17,-27.93],[27.16,-27.93],[27.16,-27.92],[27.15,-27.92],[27.14,-27.92],[27.13,-27.92],[27.11,-27.9],[27.09,-27.89],[27.08,-27.89],[27.07,-27.88],[27.06,-27.86],[27.05,-27.86],[27.05,-27.85],[27.05,-27.83],[27.04,-27.81],[27.05,-27.8],[27.08,-27.79],[27.07,-27.79],[27.07,-27.78],[27.07,-27.77],[27.05,-27.76],[27.04,-27.75],[27.04,-27.74],[27.03,-27.74],[27.02,-27.73],[27.03,-27.72],[27.02,-27.71],[27.0,-27.72],[27.0,-27.71],[26.99,-27.71],[26.98,-27.7],[26.97,-27.7],[26.97,-27.69],[26.99,-27.68],[27.01,-27.67],[27.0,-27.66],[26.99,-27.66],[26.99,-27.65],[26.98,-27.65],[26.97,-27.64],[26.98,-27.63],[26.99,-27.62],[27.0,-27.62],[27.0,-27.61],[27.01,-27.61],[27.01,-27.6],[27.02,-27.6],[27.01,-27.6],[27.01,-27.59],[27.0,-27.59],[27.0,-27.58],[26.99,-27.58],[26.98,-27.58],[26.98,-27.57],[26.97,-27.57],[26.97,-27.56],[26.96,-27.56],[26.96,-27.55],[26.95,-27.55],[26.95,-27.56],[26.94,-27.56],[26.93,-27.56],[26.95,-27.53],[26.95,-27.52],[26.94,-27.52],[26.92,-27.52],[26.91,-27.52],[26.89,-27.52],[26.88,-27.53],[26.87,-27.53],[26.89,-27.58],[26.88,-27.58],[26.87,-27.59],[26.86,-27.59],[26.84,-27.58],[26.82,-27.59],[26.81,-27.58],[26.8,-27.58],[26.79,-27.58],[26.78,-27.58],[26.77,-27.57],[26.76,-27.57],[26.76,-27.56],[26.76,-27.55],[26.76,-27.54],[26.76,-27.53],[26.76,-27.52],[26.75,-27.52],[26.75,-27.51],[26.76,-27.51],[26.76,-27.52],[26.77,-27.52],[26.77,-27.51],[26.76,-27.51],[26.77,-27.51],[26.77,-27.52],[26.78,-27.51],[26.79,-27.51],[26.77,-27.46],[26.78,-27.45],[26.79,-27.45],[26.77,-27.44],[26.76,-27.44],[26.76,-27.43],[26.75,-27.43],[26.75,-27.42],[26.75,-27.41],[26.75,-27.4],[26.74,-27.4],[26.73,-27.4],[26.72,-27.4],[26.71,-27.4],[26.7,-27.4],[26.7,-27.37],[26.7,-27.36],[26.7,-27.35],[26.71,-27.35],[26.72,-27.35],[26.73,-27.35],[26.74,-27.34],[26.76,-27.35],[26.75,-27.33],[26.74,-27.32],[26.75,-27.31],[26.74,-27.3],[26.75,-27.3],[26.76,-27.3],[26.76,-27.29],[26.76,-27.28],[26.75,-27.29],[26.74,-27.29],[26.73,-27.27],[26.72,-27.28],[26.71,-27.28],[26.71,-27.27],[26.72,-27.26],[26.73,-27.25],[26.73,-27.24],[26.73,-27.23],[26.74,-27.22],[26.74,-27.21],[26.72,-27.22],[26.7,-27.22],[26.7,-27.21],[26.69,-27.21],[26.68,-27.19],[26.67,-27.19],[26.66,-27.19],[26.65,-27.19],[26.64,-27.18],[26.64,-27.17],[26.63,-27.17],[26.62,-27.18],[26.61,-27.18],[26.6,-27.18],[26.59,-27.18],[26.58,-27.18],[26.56,-27.16],[26.54,-27.12],[26.52,-27.11],[26.52,-27.1]]]]},"properties":{"name":"Fezile Dabi District"}},{"type":"Feature","geometry":{"type":"MultiPolygon","coordinates":[[[[23.58,-27.88],[23.59,-27.87],[23.61,-27.86],[23.64,-27.83],[23.67,-27.83],[23.69,-27.82],[23.7,-27.82],[23.72,-27.82],[23.74,-27.81],[23.76,-27.81],[23.78,-27.81],[23.8,-27.8],[23.82,-27.8],[23.83,-27.79],[23.84,-27.79],[23.85,-27.79],[23.86,-27.79],[23.88,-27.78],[23.9,-27.78],[23.91,-27.78],[23.93,-27.77],[23.94,-27.77],[23.96,-27.77],[23.97,-27.77],[23.98,-27.77],[24.0,-27.76],[24.01,-27.76],[24.02,-27.76],[24.04,-27.75],[24.06,-27.75],[24.07,-27.75],[24.1,-27.74],[24.11,-27.74],[24.12,-27.74],[24.14,-27.73],[24.16,-27.73],[24.17,-27.73],[24.18,-27.73],[24.19,-27.72],[24.21,-27.72],[24.26,-27.71],[24.3,-27.7],[24.31,-27.7],[24.32,-27.7],[24.34,-27.69],[24.36,-27.69],[24.37,-27.69],[24.38,-27.69],[24.39,-27.68],[24.4,-27.68],[24.41,-27.68],[24.41,-27.69],[24.43,-27.69],[24.45,-27.7],[24.41,-27.75],[24.41,-27.76],[24.44,-27.78],[24.45,-27.78],[24.44,-27.81],[24.44,-27.82],[24.43,-27.84],[24.41,-27.84],[24.4,-27.86],[24.39,-27.87],[24.37,-27.9],[24.36,-27.91],[24.39,-27.94],[24.41,-27.92],[24.42,-27.93],[24.45,-27.96],[24.47,-27.98],[24.47,-28.0],[24.46,-28.01],[24.46,-28.02],[24.45,-28.02],[24.44,-28.03],[24.46,-28.04],[24.47,-28.04],[24.48,-28.05],[24.49,-28.05],[24.49,-28.06],[24.5,-28.06],[24.5,-28.07],[24.51,-28.07],[24.51,-28.08],[24.52,-28.08],[24.53,-28.09],[24.54,-28.09],[24.54,-28.08],[24.55,-28.08],[24.56,-28.08],[24.56,-28.07],[24.56,-28.06],[24.56,-28.05],[24.56,-28.04],[24.57,-28.03],[24.58,-28.03],[24.59,-28.03],[24.6,-28.03],[24.61,-28.03],[24.61,-28.02],[24.61,-28.01],[24.62,-28.01],[24.62,-28.0],[24.63,-28.0],[24.62,-28.0],[24.63,-28.0],[24.63,-27.99],[24.62,-27.99],[24.62,-27.98],[24.62,-27.97],[24.63,-27.97],[24.63,-27.96],[24.62,-27.96],[24.62,-27.95],[24.62,-27.94],[24.63,-27.94],[24.63,-27.93],[24.62,-27.93],[24.62,-27.92],[24.62,-27.91],[24.61,-27.91],[24.61,-27.9],[24.62,-27.9],[24.62,-27.91],[24.62,-27.9],[24.63,-27.9],[24.63,-27.89],[24.64,-27.89],[24.65,-27.89],[24.65,-27.88],[24.65,-27.87],[24.65,-27.86],[24.66,-27.86],[24.66,-27.85],[24.67,-27.85],[24.68,-27.85],[24.69,-27.85],[24.7,-27.85],[24.7,-27.84],[24.69,-27.84],[24.69,-27.83],[24.7,-27.83],[24.67,-27.8],[24.66,-27.79],[24.66,-27.78],[24.67,-27.79],[24.67,-27.78],[24.68,-27.77],[24.67,-27.76],[24.68,-27.74],[24.69,-27.74],[24.69,-27.72],[24.7,-27.72],[24.69,-27.72],[24.69,-27.71],[24.68,-27.71],[24.68,-27.7],[24.68,-27.69],[24.67,-27.69],[24.67,-27.68],[24.68,-27.68],[24.69,-27.68],[24.68,-27.67],[24.68,-27.66],[24.69,-27.66],[24.69,-27.65],[24.7,-27.64],[24.71,-27.64],[24.72,-27.64],[24.73,-27.64],[24.74,-27.64],[24.75,-27.64],[24.76,-27.63],[24.76,-27.62],[24.76,-27.61],[24.77,-27.61],[24.78,-27.61],[24.78,-27.6],[24.78,-27.61],[24.78,-27.62],[24.78,-27.63],[24.78,-27.64],[24.79,-27.64],[24.79,-27.65],[24.8,-27.65],[24.8,-27.66],[24.8,-27.67],[24.79,-27.67],[24.79,-27.68],[24.79,-27.69],[24.8,-27.69],[24.8,-27.7],[24.81,-27.7],[24.82,-27.7],[24.83,-27.7],[24.84,-27.7],[24.85,-27.7],[24.86,-27.7],[24.87,-27.7],[24.88,-27.7],[24.89,-27.69],[24.91,-27.69],[24.92,-27.69],[24.94,-27.69],[24.95,-27.69],[24.96,-27.68],[24.97,-27.68],[24.98,-27.68],[24.99,-27.68],[25.0,-27.68],[25.01,-27.68],[25.02,-27.69],[25.03,-27.69],[25.04,-27.69],[25.05,-27.7],[25.03,-27.71],[25.03,-27.72],[25.02,-27.73],[25.01,-27.74],[25.0,-27.75],[24.97,-27.79],[24.96,-27.79],[24.94,-27.81],[24.93,-27.82],[24.92,-27.84],[24.91,-27.85],[24.9,-27.85],[24.89,-27.86],[24.89,-27.87],[24.87,-27.88],[24.87,-27.89],[24.86,-27.89],[24.86,-27.9],[24.85,-27.91],[24.86,-27.91],[24.86,-27.92],[24.86,-27.93],[24.85,-27.93],[24.85,-27.92],[24.84,-27.92],[24.84,-27.93],[24.83,-27.93],[24.83,-27.94],[24.84,-27.94],[24.86,-27.98],[24.89,-28.02],[24.9,-28.03],[24.92,-28.06],[24.92,-28.07],[24.95,-28.11],[24.96,-28.11],[24.96,-28.1],[24.97,-28.09],[24.97,-28.08],[24.98,-28.08],[24.99,-28.08],[25.0,-28.08],[25.01,-28.08],[25.02,-28.08],[25.03,-28.07],[25.03,-28.08],[25.02,-28.09],[25.01,-28.12],[25.0,-28.15],[25.0,-28.16],[24.99,-28.17],[24.98,-28.2],[24.98,-28.22],[24.97,-28.24],[24.97,-28.25],[24.96,-28.25],[24.95,-28.25],[24.94,-28.25],[24.93,-28.25],[24.92,-28.25],[24.92,-28.26],[24.91,-28.26],[24.91,-28.27],[24.9,-28.27],[24.88,-28.27],[24.87,-28.27],[24.87,-28.28],[24.88,-28.28],[24.88,-28.29],[24.89,-28.31],[24.9,-28.31],[24.91,-28.32],[24.92,-28.32],[24.93,-28.32],[24.94,-28.32],[24.93,-28.34],[24.93,-28.35],[24.92,-28.37],[24.92,-28.38],[24.91,-28.41],[24.9,-28.43],[24.9,-28.44],[24.89,-28.45],[24.89,-28.46],[24.88,-28.46],[24.87,-28.47],[24.86,-28.48],[24.86,-28.49],[24.85,-28.5],[24.87,-28.52],[24.86,-28.54],[24.85,-28.55],[24.85,-28.58],[24.84,-28.6],[24.84,-28.61],[24.83,-28.61],[24.83,-28.62],[24.83,-28.63],[24.84,-28.63],[24.85,-28.63],[24.86,-28.64],[24.87,-28.64],[24.88,-28.64],[24.89,-28.64],[24.89,-28.65],[24.9,-28.65],[24.9,-28.66],[24.89,-28.66],[24.89,-28.67],[24.89,-28.68],[24.88,-28.68],[24.88,-28.69],[24.87,-28.7],[24.87,-28.71],[24.86,-28.72],[24.86,-28.73],[24.85,-28.73],[24.85,-28.74],[24.85,-28.75],[24.84,-28.75],[24.84,-28.76],[24.83,-28.77],[24.83,-28.78],[24.82,-28.79],[24.82,-28.8],[24.81,-28.81],[24.81,-28.82],[24.8,-28.82],[24.8,-28.83],[24.79,-28.85],[24.77,-28.88],[24.77,-28.89],[24.75,-28.92],[24.73,-28.95],[24.73,-28.96],[24.72,-28.97],[24.72,-28.98],[24.71,-28.99],[24.7,-29.0],[24.69,-29.02],[24.69,-29.03],[24.68,-29.03],[24.67,-29.03],[24.67,-29.04],[24.66,-29.04],[24.65,-29.04],[24.65,-29.03],[24.66,-29.03],[24.65,-29.03],[24.64,-29.03],[24.64,-29.04],[24.63,-29.04],[24.62,-29.04],[24.61,-29.04],[24.6,-29.04],[24.59,-29.04],[24.59,-29.05],[24.58,-29.05],[24.58,-29.04],[24.58,-29.05],[24.58,-29.04],[24.57,-29.04],[24.56,-29.04],[24.55,-29.04],[24.55,-29.05],[24.54,-29.05],[24.54,-29.04],[24.53,-29.04],[24.53,-29.05],[24.52,-29.05],[24.51,-29.05],[24.5,-29.05],[24.5,-29.04],[24.51,-29.04],[24.51,-29.03],[24.51,-29.02],[24.5,-29.02],[24.5,-29.01],[24.49,-29.01],[24.49,-29.0],[24.48,-29.0],[24.47,-29.0],[24.46,-29.0],[24.45,-29.0],[24.44,-29.0],[24.43,-29.0],[24.43,-28.99],[24.42,-28.99],[24.42,-28.98],[24.42,-28.97],[24.41,-28.97],[24.41,-28.96],[24.41,-28.95],[24.4,-28.95],[24.4,-28.94],[24.39,-28.94],[24.38,-28.94],[24.38,-28.95],[24.38,-28.94],[24.37,-28.94],[24.37,-28.93],[24.36,-28.93],[24.35,-28.93],[24.34,-28.93],[24.33,-28.93],[24.32,-28.93],[24.31,-28.93],[24.31,-28.92],[24.31,-28.93],[24.3,-28.93],[24.29,-28.93],[24.28,-28.93],[24.28,-28.94],[24.28,-28.95],[24.27,-28.95],[24.27,-28.94],[24.27,-28.95],[24.26,-28.95],[24.26,-28.93],[24.25,-28.92],[24.24,-28.9],[24.24,-28.89],[24.23,-28.89],[24.23,-28.88],[24.24,-28.87],[24.25,-28.86],[24.26,-28.85],[24.27,-28.84],[24.27,-28.83],[24.26,-28.83],[24.25,-28.83],[24.24,-28.82],[24.23,-28.82],[24.22,-28.82],[24.21,-28.82],[24.2,-28.81],[24.19,-28.81],[24.18,-28.81],[24.17,-28.81],[24.16,-28.8],[24.15,-28.79],[24.14,-28.79],[24.13,-28.79],[24.12,-28.79],[24.12,-28.78],[24.11,-28.78],[24.11,-28.77],[24.1,-28.76],[24.09,-28.76],[24.08,-28.74],[24.08,-28.72],[24.07,-28.71],[24.08,-28.71],[24.08,-28.7],[24.07,-28.7],[24.07,-28.69],[24.06,-28.69],[24.06,-28.68],[24.06,-28.67],[24.06,-28.66],[24.07,-28.66],[24.08,-28.66],[24.08,-28.65],[24.08,-28.64],[24.09,-28.64],[24.09,-28.63],[24.09,-28.62],[24.1,-28.62],[24.11,-28.62],[24.11,-28.61],[24.11,-28.6],[24.12,-28.6],[24.11,-28.59],[24.1,-28.58],[24.1,-28.57],[24.09,-28.57],[24.09,-28.56],[24.08,-28.56],[24.08,-28.57],[24.07,-28.57],[24.07,-28.58],[24.06,-28.58],[24.06,-28.59],[24.05,-28.59],[24.05,-28.6],[24.04,-28.6],[24.03,-28.6],[24.02,-28.6],[24.01,-28.6],[24.0,-28.6],[23.99,-28.6],[23.98,-28.6],[23.97,-28.6],[23.96,-28.6],[23.95,-28.6],[23.95,-28.61],[23.96,-28.61],[23.96,-28.62],[23.97,-28.63],[23.98,-28.64],[23.99,-28.65],[24.0,-28.66],[23.99,-28.66],[23.98,-28.67],[23.97,-28.67],[23.96,-28.67],[23.95,-28.66],[23.94,-28.66],[23.93,-28.65],[23.92,-28.65],[23.91,-28.64],[23.88,-28.61],[23.87,-28.61],[23.86,-28.6],[23.85,-28.6],[23.85,-28.59],[23.84,-28.59],[23.83,-28.58],[23.82,-28.57],[23.81,-28.56],[23.8,-28.55],[23.79,-28.55],[23.78,-28.55],[23.78,-28.54],[23.77,-28.54],[23.76,-28.53],[23.75,-28.53],[23.76,-28.52],[23.77,-28.51],[23.78,-28.5],[23.79,-28.49],[23.78,-28.48],[23.77,-28.47],[23.78,-28.46],[23.78,-28.45],[23.79,-28.45],[23.79,-28.44],[23.8,-28.43],[23.8,-28.42],[23.81,-28.42],[23.82,-28.41],[23.82,-28.4],[23.83,-28.39],[23.83,-28.38],[23.83,-28.37],[23.84,-28.37],[23.84,-28.36],[23.84,-28.35],[23.83,-28.34],[23.81,-28.33],[23.82,-28.33],[23.82,-28.32],[23.82,-28.31],[23.83,-28.31],[23.83,-28.3],[23.83,-28.29],[23.84,-28.29],[23.84,-28.28],[23.85,-28.27],[23.85,-28.26],[23.85,-28.25],[23.85,-28.24],[23.85,-28.23],[23.86,-28.22],[23.86,-28.21],[23.86,-28.2],[23.86,-28.19],[23.87,-28.19],[23.87,-28.18],[23.87,-28.17],[23.88,-28.16],[23.88,-28.15],[23.88,-28.14],[23.89,-28.14],[23.89,-28.13],[23.88,-28.12],[23.87,-28.12],[23.86,-28.11],[23.82,-28.1],[23.79,-28.08],[23.83,-28.02],[23.8,-28.0],[23.77,-27.98],[23.74,-27.96],[23.7,-27.94],[23.69,-27.94],[23.68,-27.93],[23.67,-27.93],[23.64,-27.91],[23.63,-27.92],[23.6,-27.91],[23.59,-27.89],[23.6,-27.89],[23.58,-27.88]]]]},"properties":{"name":"Frances Baard District"}},{"type":"Feature","geometry":{"type":"MultiPolygon","coordinates":[[[[28.24,-26.87],[28.26,-26.87],[28.26,-26.88],[28.26,-26.87],[28.27,-26.87],[28.28,-26.86],[28.28,-26.87],[28.28,-26.88],[28.29,-26.88],[28.3,-26.88],[28.31,-26.88],[28.31,-26.87],[28.32,-26.87],[28.32,-26.86],[28.32,-26.85],[28.32,-26.84],[28.33,-26.84],[28.32,-26.83],[28.32,-26.82],[28.32,-26.81],[28.32,-26.79],[28.34,-26.79],[28.34,-26.78],[28.35,-26.78],[28.35,-26.77],[28.36,-26.77],[28.38,-26.77],[28.39,-26.76],[28.4,-26.76],[28.41,-26.76],[28.4,-26.75],[28.4,-26.74],[28.4,-26.73],[28.39,-26.72],[28.38,-26.72],[28.39,-26.67],[28.4,-26.66],[28.41,-26.66],[28.42,-26.65],[28.44,-26.65],[28.44,-26.64],[28.45,-26.64],[28.49,-26.64],[28.48,-26.62],[28.48,-26.61],[28.49,-26.61],[28.5,-26.61],[28.5,-26.6],[28.51,-26.6],[28.51,-26.59],[28.52,-26.59],[28.53,-26.59],[28.53,-26.58],[28.53,-26.57],[28.53,-26.56],[28.53,-26.55],[28.53,-26.54],[28.52,-26.54],[28.52,-26.53],[28.53,-26.52],[28.53,-26.51],[28.53,-26.5],[28.54,-26.5],[28.54,-26.51],[28.55,-26.51],[28.56,-26.51],[28.57,-26.51],[28.57,-26.52],[28.57,-26.53],[28.58,-26.53],[28.58,-26.52],[28.59,-26.52],[28.59,-26.53],[28.58,-26.54],[28.59,-26.54],[28.6,-26.54],[28.61,-26.54],[28.62,-26.54],[28.63,-26.55],[28.64,-26.55],[28.64,-26.54],[28.63,-26.54],[28.63,-26.53],[28.63,-26.52],[28.64,-26.52],[28.64,-26.51],[28.65,-26.51],[28.66,-26.51],[28.68,-26.51],[28.69,-26.51],[28.7,-26.51],[28.71,-26.51],[28.72,-26.52],[28.74,-26.52],[28.75,-26.52],[28.76,-26.52],[28.76,-26.51],[28.76,-26.49],[28.77,-26.49],[28.77,-26.48],[28.77,-26.47],[28.77,-26.46],[28.78,-26.46],[28.78,-26.45],[28.79,-26.45],[28.78,-26.44],[28.79,-26.43],[28.8,-26.42],[28.81,-26.42],[28.83,-26.41],[28.85,-26.4],[28.86,-26.4],[28.86,-26.39],[28.86,-26.38],[28.85,-26.38],[28.85,-26.37],[28.85,-26.36],[28.84,-26.35],[28.84,-26.34],[28.85,-26.33],[28.87,-26.33],[28.87,-26.32],[28.88,-26.3],[28.88,-26.29],[28.89,-26.28],[28.89,-26.27],[28.89,-26.26],[28.91,-26.26],[28.92,-26.26],[28.93,-26.26],[28.94,-26.27],[28.94,-26.26],[28.95,-26.26],[28.95,-26.25],[28.96,-26.25],[28.96,-26.24],[28.97,-26.24],[28.98,-26.24],[28.99,-26.23],[29.0,-26.23],[29.01,-26.23],[29.02,-26.23],[29.03,-26.23],[29.04,-26.24],[29.04,-26.25],[29.04,-26.26],[29.04,-26.27],[29.05,-26.27],[29.05,-26.28],[29.05,-26.29],[29.06,-26.3],[29.07,-26.31],[29.07,-26.32],[29.1,-26.33],[29.1,-26.34],[29.1,-26.35],[29.11,-26.36],[29.11,-26.37],[29.12,-26.37],[29.12,-26.38],[29.14,-26.38],[29.14,-26.37],[29.15,-26.37],[29.15,-26.36],[29.16,-26.36],[29.17,-26.36],[29.17,-26.35],[29.18,-26.35],[29.19,-26.35],[29.2,-26.36],[29.21,-26.36],[29.22,-26.36],[29.21,-26.36],[29.22,-26.36],[29.22,-26.35],[29.23,-26.36],[29.24,-26.36],[29.25,-26.36],[29.26,-26.36],[29.28,-26.34],[29.29,-26.34],[29.3,-26.34],[29.31,-26.35],[29.33,-26.35],[29.34,-26.35],[29.35,-26.35],[29.35,-26.34],[29.35,-26.33],[29.34,-26.33],[29.35,-26.32],[29.36,-26.31],[29.37,-26.29],[29.37,-26.28],[29.37,-26.27],[29.37,-26.26],[29.36,-26.26],[29.35,-26.25],[29.34,-26.25],[29.35,-26.23],[29.35,-26.22],[29.34,-26.21],[29.36,-26.21],[29.37,-26.2],[29.38,-26.2],[29.39,-26.2],[29.4,-26.21],[29.41,-26.21],[29.43,-26.21],[29.45,-26.21],[29.46,-26.21],[29.46,-26.2],[29.47,-26.18],[29.48,-26.17],[29.49,-26.17],[29.5,-26.17],[29.51,-26.18],[29.51,-26.19],[29.52,-26.19],[29.53,-26.2],[29.54,-26.2],[29.55,-26.2],[29.56,-26.21],[29.56,-26.22],[29.55,-26.23],[29.55,-26.24],[29.54,-26.25],[29.56,-26.25],[29.58,-26.25],[29.59,-26.25],[29.59,-26.24],[29.61,-26.24],[29.62,-26.24],[29.63,-26.24],[29.64,-26.24],[29.65,-26.24],[29.66,-26.24],[29.67,-26.24],[29.69,-26.24],[29.7,-26.23],[29.71,-26.23],[29.71,-26.22],[29.72,-26.2],[29.75,-26.22],[29.76,-26.23],[29.76,-26.22],[29.78,-26.21],[29.79,-26.2],[29.8,-26.19],[29.8,-26.17],[29.8,-26.16],[29.8,-26.14],[29.81,-26.14],[29.81,-26.13],[29.81,-26.12],[29.81,-26.11],[29.82,-26.09],[29.83,-26.07],[29.84,-26.05],[29.85,-26.04],[29.86,-26.03],[29.87,-26.01],[29.86,-26.0],[29.86,-25.99],[29.86,-25.98],[29.86,-25.97],[29.87,-25.97],[29.88,-25.97],[29.88,-25.96],[29.87,-25.96],[29.86,-25.94],[29.86,-25.93],[29.85,-25.93],[29.84,-25.93],[29.83,-25.92],[29.84,-25.91],[29.84,-25.89],[29.85,-25.88],[29.86,-25.86],[29.88,-25.87],[29.89,-25.87],[29.9,-25.87],[29.91,-25.88],[29.92,-25.88],[29.92,-25.89],[29.93,-25.89],[29.93,-25.9],[29.94,-25.91],[29.95,-25.91],[29.96,-25.91],[29.97,-25.91],[29.98,-25.92],[29.99,-25.92],[30.0,-25.92],[30.0,-25.91],[29.99,-25.9],[29.99,-25.89],[29.99,-25.88],[30.0,-25.88],[30.02,-25.88],[30.03,-25.88],[30.04,-25.88],[30.05,-25.87],[30.06,-25.87],[30.09,-25.86],[30.09,-25.85],[30.09,-25.84],[30.1,-25.84],[30.12,-25.84],[30.14,-25.83],[30.15,-25.83],[30.15,-25.82],[30.17,-25.82],[30.17,-25.83],[30.2,-25.84],[30.2,-25.83],[30.21,-25.82],[30.21,-25.81],[30.21,-25.8],[30.22,-25.81],[30.23,-25.81],[30.24,-25.81],[30.25,-25.82],[30.27,-25.82],[30.27,-25.83],[30.26,-25.84],[30.25,-25.86],[30.24,-25.87],[30.25,-25.88],[30.25,-25.89],[30.26,-25.9],[30.28,-25.91],[30.3,-25.93],[30.31,-25.91],[30.32,-25.9],[30.33,-25.88],[30.34,-25.88],[30.35,-25.88],[30.37,-25.89],[30.38,-25.89],[30.39,-25.88],[30.41,-25.88],[30.42,-25.88],[30.43,-25.86],[30.46,-25.84],[30.45,-25.84],[30.45,-25.83],[30.46,-25.81],[30.46,-25.8],[30.47,-25.8],[30.48,-25.79],[30.48,-25.82],[30.49,-25.81],[30.5,-25.8],[30.51,-25.79],[30.5,-25.78],[30.49,-25.76],[30.51,-25.74],[30.52,-25.73],[30.54,-25.75],[30.55,-25.76],[30.56,-25.77],[30.57,-25.77],[30.61,-25.79],[30.58,-25.75],[30.59,-25.74],[30.6,-25.74],[30.6,-25.73],[30.61,-25.72],[30.62,-25.72],[30.64,-25.72],[30.64,-25.71],[30.65,-25.71],[30.7,-25.73],[30.73,-25.74],[30.73,-25.75],[30.73,-25.76],[30.73,-25.77],[30.74,-25.79],[30.75,-25.8],[30.75,-25.82],[30.76,-25.83],[30.77,-25.85],[30.77,-25.86],[30.8,-25.86],[30.81,-25.87],[30.82,-25.88],[30.82,-25.9],[30.82,-25.91],[30.81,-25.92],[30.82,-25.92],[30.85,-25.93],[30.86,-25.93],[30.88,-25.93],[30.92,-25.93],[30.96,-25.93],[30.97,-25.93],[30.98,-25.93],[30.98,-25.92],[30.99,-25.92],[31.01,-25.89],[31.04,-25.87],[31.04,-25.88],[31.04,-25.91],[31.06,-25.92],[31.07,-25.92],[31.13,-25.92],[31.13,-25.93],[31.12,-25.93],[31.12,-25.94],[31.12,-25.95],[31.12,-25.96],[31.12,-25.97],[31.11,-25.97],[31.11,-25.98],[31.11,-25.99],[31.11,-26.0],[31.1,-26.0],[31.1,-26.01],[31.1,-26.02],[31.09,-26.02],[31.09,-26.03],[31.08,-26.04],[31.08,-26.05],[31.08,-26.06],[31.07,-26.06],[31.07,-26.07],[31.06,-26.09],[31.05,-26.1],[31.04,-26.12],[31.03,-26.15],[31.02,-26.15],[31.02,-26.16],[31.01,-26.17],[31.01,-26.18],[31.0,-26.19],[31.0,-26.2],[30.99,-26.21],[30.99,-26.22],[30.98,-26.23],[30.97,-26.25],[30.96,-26.26],[30.93,-26.29],[30.92,-26.3],[30.91,-26.3],[30.9,-26.32],[30.89,-26.32],[30.89,-26.33],[30.88,-26.35],[30.87,-26.37],[30.86,-26.38],[30.85,-26.39],[30.84,-26.4],[30.84,-26.41],[30.83,-26.41],[30.82,-26.44],[30.81,-26.47],[30.8,-26.48],[30.8,-26.5],[30.8,-26.53],[30.8,-26.54],[30.79,-26.55],[30.79,-26.57],[30.79,-26.59],[30.79,-26.61],[30.79,-26.63],[30.79,-26.64],[30.79,-26.65],[30.79,-26.66],[30.79,-26.67],[30.79,-26.68],[30.79,-26.69],[30.79,-26.7],[30.79,-26.71],[30.79,-26.72],[30.79,-26.73],[30.79,-26.74],[30.79,-26.75],[30.8,-26.76],[30.8,-26.77],[30.8,-26.78],[30.8,-26.79],[30.8,-26.8],[30.8,-26.81],[30.8,-26.82],[30.8,-26.83],[30.81,-26.83],[30.81,-26.84],[30.82,-26.84],[30.83,-26.84],[30.83,-26.83],[30.84,-26.83],[30.84,-26.82],[30.85,-26.82],[30.86,-26.82],[30.87,-26.82],[30.87,-26.81],[30.88,-26.81],[30.88,-26.8],[30.89,-26.8],[30.89,-26.79],[30.89,-26.8],[30.89,-26.81],[30.9,-26.83],[30.9,-26.85],[30.91,-26.85],[30.91,-26.86],[30.92,-26.86],[30.92,-26.87],[30.93,-26.87],[30.93,-26.88],[30.94,-26.88],[30.94,-26.89],[30.95,-26.89],[30.96,-26.9],[30.97,-26.9],[30.97,-26.91],[30.98,-26.92],[30.98,-26.93],[30.98,-26.94],[30.98,-26.95],[30.98,-26.96],[30.97,-26.96],[30.97,-26.97],[30.97,-26.98],[30.96,-26.98],[30.96,-26.99],[30.96,-27.0],[30.97,-27.01],[30.98,-27.04],[31.02,-27.07],[31.04,-27.08],[31.05,-27.09],[31.06,-27.1],[31.07,-27.1],[31.07,-27.11],[31.08,-27.11],[31.09,-27.13],[31.1,-27.14],[31.11,-27.15],[31.11,-27.16],[31.12,-27.17],[31.15,-27.2],[31.16,-27.2],[31.21,-27.22],[31.22,-27.23],[31.23,-27.23],[31.27,-27.24],[31.27,-27.25],[31.26,-27.25],[31.26,-27.26],[31.25,-27.27],[31.24,-27.28],[31.23,-27.29],[31.22,-27.3],[31.2,-27.32],[31.2,-27.33],[31.19,-27.33],[31.19,-27.34],[31.18,-27.34],[31.18,-27.35],[31.17,-27.36],[31.17,-27.37],[31.16,-27.37],[31.14,-27.36],[31.13,-27.36],[31.13,-27.35],[31.12,-27.35],[31.11,-27.35],[31.11,-27.34],[31.1,-27.34],[31.1,-27.33],[31.09,-27.33],[31.08,-27.34],[31.07,-27.34],[31.06,-27.34],[31.05,-27.34],[31.05,-27.35],[31.04,-27.35],[31.03,-27.35],[31.02,-27.35],[31.02,-27.36],[31.01,-27.36],[31.01,-27.35],[31.0,-27.35],[31.0,-27.36],[30.99,-27.36],[30.98,-27.36],[30.97,-27.36],[30.97,-27.37],[30.96,-27.37],[30.96,-27.36],[30.95,-27.36],[30.95,-27.37],[30.94,-27.37],[30.94,-27.36],[30.94,-27.35],[30.94,-27.34],[30.93,-27.34],[30.93,-27.33],[30.92,-27.33],[30.92,-27.32],[30.92,-27.31],[30.91,-27.31],[30.9,-27.31],[30.89,-27.31],[30.88,-27.31],[30.87,-27.31],[30.86,-27.31],[30.86,-27.32],[30.86,-27.33],[30.87,-27.33],[30.86,-27.33],[30.86,-27.34],[30.85,-27.34],[30.85,-27.35],[30.84,-27.35],[30.83,-27.35],[30.82,-27.35],[30.83,-27.35],[30.83,-27.34],[30.82,-27.34],[30.81,-27.34],[30.81,-27.33],[30.8,-27.33],[30.81,-27.33],[30.8,-27.32],[30.8,-27.33],[30.8,-27.32],[30.79,-27.32],[30.79,-27.31],[30.78,-27.31],[30.78,-27.32],[30.79,-27.32],[30.78,-27.32],[30.77,-27.32],[30.77,-27.33],[30.77,-27.32],[30.76,-27.32],[30.76,-27.31],[30.76,-27.3],[30.75,-27.3],[30.74,-27.3],[30.74,-27.31],[30.74,-27.3],[30.74,-27.29],[30.73,-27.3],[30.73,-27.29],[30.72,-27.29],[30.72,-27.28],[30.72,-27.29],[30.71,-27.29],[30.71,-27.28],[30.7,-27.28],[30.69,-27.28],[30.69,-27.29],[30.67,-27.29],[30.66,-27.29],[30.64,-27.3],[30.62,-27.31],[30.61,-27.31],[30.6,-27.31],[30.6,-27.32],[30.59,-27.32],[30.58,-27.32],[30.57,-27.32],[30.57,-27.33],[30.56,-27.33],[30.55,-27.33],[30.55,-27.32],[30.54,-27.32],[30.53,-27.32],[30.52,-27.32],[30.52,-27.31],[30.51,-27.31],[30.5,-27.31],[30.49,-27.31],[30.49,-27.32],[30.48,-27.32],[30.47,-27.32],[30.47,-27.33],[30.46,-27.33],[30.45,-27.33],[30.44,-27.33],[30.43,-27.33],[30.43,-27.32],[30.43,-27.31],[30.43,-27.3],[30.43,-27.29],[30.43,-27.28],[30.43,-27.27],[30.42,-27.27],[30.41,-27.27],[30.4,-27.27],[30.39,-27.27],[30.38,-27.27],[30.37,-27.27],[30.37,-27.28],[30.37,-27.29],[30.37,-27.3],[30.37,-27.31],[30.36,-27.31],[30.35,-27.31],[30.34,-27.3],[30.33,-27.3],[30.32,-27.3],[30.31,-27.31],[30.3,-27.32],[30.29,-27.32],[30.29,-27.31],[30.28,-27.31],[30.28,-27.32],[30.28,-27.33],[30.28,-27.34],[30.28,-27.35],[30.28,-27.36],[30.28,-27.37],[30.27,-27.37],[30.26,-27.37],[30.25,-27.37],[30.24,-27.38],[30.23,-27.38],[30.23,-27.37],[30.23,-27.36],[30.22,-27.36],[30.21,-27.36],[30.2,-27.36],[30.19,-27.36],[30.19,-27.37],[30.18,-27.37],[30.18,-27.38],[30.17,-27.38],[30.17,-27.39],[30.16,-27.39],[30.15,-27.39],[30.15,-27.4],[30.15,-27.41],[30.14,-27.41],[30.13,-27.4],[30.12,-27.4],[30.12,-27.39],[30.11,-27.39],[30.11,-27.38],[30.1,-27.38],[30.09,-27.37],[30.08,-27.37],[30.07,-27.37],[30.06,-27.37],[30.06,-27.38],[30.05,-27.38],[30.05,-27.39],[30.04,-27.39],[30.03,-27.39],[30.02,-27.39],[30.02,-27.4],[30.01,-27.4],[30.01,-27.39],[30.0,-27.39],[29.99,-27.39],[29.99,-27.38],[29.98,-27.38],[29.98,-27.37],[29.97,-27.37],[29.96,-27.37],[29.96,-27.36],[29.95,-27.36],[29.94,-27.36],[29.93,-27.36],[29.92,-27.36],[29.92,-27.35],[29.92,-27.36],[29.91,-27.37],[29.91,-27.38],[29.9,-27.38],[29.9,-27.39],[29.9,-27.38],[29.9,-27.39],[29.89,-27.39],[29.89,-27.38],[29.88,-27.38],[29.87,-27.38],[29.86,-27.38],[29.85,-27.38],[29.84,-27.38],[29.84,-27.39],[29.83,-27.39],[29.84,-27.39],[29.84,-27.4],[29.83,-27.4],[29.83,-27.41],[29.82,-27.41],[29.82,-27.42],[29.82,-27.43],[29.81,-27.43],[29.81,-27.44],[29.81,-27.45],[29.8,-27.45],[29.8,-27.46],[29.79,-27.46],[29.78,-27.46],[29.78,-27.45],[29.77,-27.45],[29.76,-27.45],[29.76,-27.44],[29.75,-27.44],[29.75,-27.43],[29.74,-27.43],[29.73,-27.43],[29.72,-27.43],[29.72,-27.44],[29.71,-27.44],[29.71,-27.45],[29.7,-27.45],[29.7,-27.46],[29.7,-27.47],[29.7,-27.48],[29.71,-27.48],[29.71,-27.49],[29.7,-27.49],[29.71,-27.49],[29.7,-27.49],[29.69,-27.49],[29.69,-27.5],[29.68,-27.5],[29.67,-27.5],[29.66,-27.5],[29.65,-27.5],[29.64,-27.5],[29.63,-27.5],[29.63,-27.51],[29.62,-27.51],[29.62,-27.5],[29.61,-27.5],[29.6,-27.5],[29.6,-27.49],[29.61,-27.49],[29.6,-27.49],[29.6,-27.48],[29.6,-27.47],[29.59,-27.47],[29.59,-27.46],[29.58,-27.46],[29.58,-27.45],[29.57,-27.45],[29.57,-27.44],[29.56,-27.44],[29.56,-27.43],[29.55,-27.43],[29.55,-27.42],[29.54,-27.42],[29.55,-27.42],[29.55,-27.41],[29.55,-27.4],[29.54,-27.4],[29.54,-27.39],[29.53,-27.39],[29.53,-27.38],[29.52,-27.38],[29.51,-27.38],[29.51,-27.37],[29.5,-27.36],[29.49,-27.36],[29.48,-27.36],[29.48,-27.35],[29.49,-27.35],[29.48,-27.35],[29.49,-27.35],[29.49,-27.34],[29.48,-27.34],[29.49,-27.34],[29.49,-27.33],[29.48,-27.33],[29.47,-27.33],[29.47,-27.32],[29.47,-27.31],[29.47,-27.3],[29.47,-27.29],[29.46,-27.29],[29.46,-27.28],[29.45,-27.28],[29.46,-27.28],[29.45,-27.28],[29.45,-27.27],[29.45,-27.28],[29.45,-27.27],[29.44,-27.27],[29.44,-27.26],[29.43,-27.26],[29.43,-27.25],[29.42,-27.25],[29.42,-27.26],[29.43,-27.26],[29.42,-27.26],[29.42,-27.25],[29.42,-27.26],[29.42,-27.25],[29.41,-27.25],[29.4,-27.25],[29.4,-27.24],[29.39,-27.24],[29.39,-27.25],[29.38,-27.25],[29.37,-27.25],[29.36,-27.25],[29.35,-27.25],[29.34,-27.25],[29.34,-27.26],[29.33,-27.26],[29.33,-27.25],[29.33,-27.24],[29.34,-27.24],[29.33,-27.24],[29.34,-27.24],[29.34,-27.23],[29.33,-27.23],[29.34,-27.23],[29.33,-27.23],[29.33,-27.22],[29.34,-27.22],[29.34,-27.21],[29.33,-27.22],[29.34,-27.22],[29.33,-27.22],[29.33,-27.21],[29.34,-27.21],[29.33,-27.21],[29.33,-27.2],[29.33,-27.21],[29.32,-27.21],[29.31,-27.21],[29.31,-27.22],[29.31,-27.21],[29.31,-27.22],[29.3,-27.22],[29.3,-27.21],[29.3,-27.2],[29.29,-27.2],[29.29,-27.19],[29.28,-27.19],[29.29,-27.19],[29.28,-27.19],[29.29,-27.19],[29.29,-27.2],[29.28,-27.2],[29.28,-27.19],[29.27,-27.19],[29.27,-27.2],[29.27,-27.19],[29.27,-27.2],[29.27,-27.19],[29.27,-27.18],[29.27,-27.19],[29.26,-27.19],[29.26,-27.18],[29.26,-27.19],[29.25,-27.19],[29.24,-27.19],[29.24,-27.18],[29.24,-27.19],[29.24,-27.18],[29.23,-27.18],[29.24,-27.18],[29.24,-27.17],[29.23,-27.17],[29.23,-27.16],[29.23,-27.15],[29.22,-27.15],[29.22,-27.14],[29.22,-27.15],[29.21,-27.15],[29.21,-27.14],[29.2,-27.14],[29.19,-27.14],[29.18,-27.14],[29.18,-27.15],[29.18,-27.14],[29.18,-27.15],[29.17,-27.14],[29.16,-27.14],[29.16,-27.15],[29.16,-27.14],[29.16,-27.15],[29.15,-27.15],[29.14,-27.15],[29.14,-27.16],[29.13,-27.16],[29.13,-27.17],[29.12,-27.17],[29.11,-27.17],[29.11,-27.16],[29.11,-27.15],[29.11,-27.14],[29.1,-27.14],[29.1,-27.13],[29.11,-27.13],[29.1,-27.13],[29.1,-27.12],[29.09,-27.12],[29.09,-27.11],[29.08,-27.11],[29.08,-27.1],[29.08,-27.09],[29.07,-27.09],[29.07,-27.08],[29.06,-27.08],[29.06,-27.09],[29.06,-27.08],[29.06,-27.07],[29.07,-27.07],[29.07,-27.06],[29.07,-27.07],[29.07,-27.06],[29.07,-27.07],[29.07,-27.06],[29.07,-27.05],[29.06,-27.05],[29.06,-27.04],[29.07,-27.04],[29.06,-27.04],[29.05,-27.04],[29.05,-27.03],[29.06,-27.03],[29.06,-27.02],[29.06,-27.01],[29.05,-27.01],[29.05,-27.0],[29.04,-27.0],[29.04,-27.01],[29.04,-27.02],[29.04,-27.03],[29.03,-27.03],[29.03,-27.02],[29.02,-27.02],[29.02,-27.01],[29.01,-27.01],[29.0,-27.01],[29.0,-27.0],[28.99,-27.0],[28.98,-27.0],[28.98,-26.99],[28.97,-26.99],[28.97,-27.0],[28.96,-27.0],[28.96,-27.01],[28.95,-27.01],[28.94,-27.01],[28.94,-27.02],[28.93,-27.02],[28.93,-27.01],[28.92,-27.01],[28.92,-27.02],[28.91,-27.02],[28.9,-27.02],[28.9,-27.01],[28.89,-27.01],[28.89,-27.02],[28.89,-27.03],[28.9,-27.03],[28.9,-27.04],[28.9,-27.05],[28.89,-27.05],[28.89,-27.06],[28.88,-27.06],[28.88,-27.05],[28.88,-27.04],[28.87,-27.04],[28.87,-27.03],[28.86,-27.03],[28.86,-27.02],[28.86,-27.03],[28.85,-27.03],[28.85,-27.04],[28.84,-27.04],[28.83,-27.04],[28.82,-27.04],[28.81,-27.04],[28.81,-27.03],[28.81,-27.02],[28.81,-27.01],[28.8,-27.01],[28.8,-27.02],[28.8,-27.03],[28.79,-27.03],[28.79,-27.02],[28.78,-27.02],[28.77,-27.02],[28.77,-27.01],[28.78,-27.01],[28.77,-27.01],[28.77,-27.0],[28.76,-27.0],[28.75,-27.0],[28.74,-27.0],[28.73,-27.0],[28.73,-26.99],[28.73,-26.98],[28.72,-26.98],[28.71,-26.98],[28.71,-26.97],[28.7,-26.97],[28.7,-26.98],[28.69,-26.98],[28.68,-26.98],[28.68,-26.97],[28.67,-26.97],[28.67,-26.96],[28.66,-26.96],[28.65,-26.96],[28.65,-26.95],[28.64,-26.95],[28.64,-26.96],[28.63,-26.96],[28.63,-26.97],[28.62,-26.97],[28.62,-26.98],[28.61,-26.98],[28.61,-26.99],[28.61,-27.0],[28.62,-27.0],[28.62,-26.99],[28.63,-26.99],[28.64,-26.99],[28.65,-26.99],[28.65,-27.0],[28.66,-27.0],[28.65,-27.0],[28.65,-27.01],[28.65,-27.02],[28.64,-27.02],[28.63,-27.02],[28.63,-27.01],[28.62,-27.01],[28.61,-27.01],[28.61,-27.02],[28.6,-27.02],[28.59,-27.02],[28.59,-27.03],[28.59,-27.04],[28.58,-27.04],[28.57,-27.04],[28.57,-27.03],[28.57,-27.04],[28.56,-27.04],[28.56,-27.05],[28.56,-27.06],[28.55,-27.06],[28.54,-27.06],[28.54,-27.07],[28.53,-27.07],[28.53,-27.06],[28.54,-27.06],[28.54,-27.05],[28.55,-27.05],[28.55,-27.04],[28.54,-27.04],[28.54,-27.03],[28.53,-27.03],[28.53,-27.02],[28.52,-27.02],[28.52,-27.01],[28.51,-27.01],[28.5,-27.01],[28.5,-27.0],[28.51,-27.0],[28.51,-26.99],[28.51,-26.98],[28.5,-26.98],[28.49,-26.98],[28.49,-26.97],[28.48,-26.97],[28.48,-26.96],[28.48,-26.95],[28.47,-26.95],[28.47,-26.96],[28.48,-26.96],[28.47,-26.96],[28.47,-26.97],[28.47,-26.98],[28.46,-26.98],[28.46,-26.97],[28.45,-26.97],[28.45,-26.96],[28.44,-26.96],[28.44,-26.97],[28.45,-26.97],[28.45,-26.98],[28.45,-26.99],[28.44,-26.99],[28.44,-27.0],[28.43,-27.0],[28.43,-27.01],[28.42,-27.01],[28.41,-27.01],[28.41,-27.0],[28.42,-27.0],[28.42,-26.99],[28.43,-26.99],[28.42,-26.98],[28.42,-26.97],[28.41,-26.97],[28.41,-26.96],[28.4,-26.95],[28.4,-26.94],[28.4,-26.93],[28.39,-26.93],[28.38,-26.93],[28.37,-26.93],[28.36,-26.93],[28.35,-26.93],[28.35,-26.94],[28.34,-26.94],[28.33,-26.94],[28.33,-26.95],[28.32,-26.95],[28.32,-26.94],[28.32,-26.93],[28.33,-26.93],[28.33,-26.92],[28.32,-26.92],[28.31,-26.92],[28.31,-26.93],[28.31,-26.94],[28.3,-26.94],[28.29,-26.93],[28.29,-26.92],[28.28,-26.92],[28.28,-26.91],[28.27,-26.91],[28.26,-26.91],[28.26,-26.92],[28.26,-26.91],[28.26,-26.9],[28.25,-26.9],[28.25,-26.89],[28.24,-26.88],[28.25,-26.88],[28.24,-26.87]]]]},"properties":{"name":"Gert Sibande District"}},{"type":"Feature","geometry":{"type":"MultiPolygon","coordinates":[[[[30.7,-29.56],[30.71,-29.56],[30.71,-29.55],[30.7,-29.55],[30.7,-29.54],[30.71,-29.54],[30.71,-29.53],[30.72,-29.53],[30.72,-29.52],[30.72,-29.51],[30.72,-29.5],[30.73,-29.5],[30.73,-29.49],[30.74,-29.49],[30.74,-29.48],[30.74,-29.47],[30.75,-29.47],[30.75,-29.46],[30.75,-29.45],[30.76,-29.45],[30.77,-29.45],[30.77,-29.46],[30.77,-29.47],[30.77,-29.48],[30.77,-29.49],[30.78,-29.48],[30.79,-29.48],[30.79,-29.47],[30.79,-29.46],[30.79,-29.45],[30.8,-29.44],[30.81,-29.44],[30.81,-29.43],[30.82,-29.43],[30.82,-29.42],[30.83,-29.42],[30.84,-29.41],[30.85,-29.41],[30.85,-29.4],[30.86,-29.41],[30.87,-29.41],[30.88,-29.41],[30.89,-29.41],[30.89,-29.42],[30.89,-29.41],[30.9,-29.41],[30.9,-29.4],[30.91,-29.4],[30.91,-29.39],[30.92,-29.39],[30.92,-29.38],[30.91,-29.38],[30.9,-29.38],[30.89,-29.38],[30.89,-29.37],[30.88,-29.37],[30.88,-29.36],[30.88,-29.35],[30.88,-29.34],[30.87,-29.34],[30.87,-29.33],[30.86,-29.33],[30.86,-29.32],[30.85,-29.32],[30.85,-29.31],[30.86,-29.31],[30.86,-29.3],[30.87,-29.3],[30.86,-29.3],[30.86,-29.29],[30.87,-29.29],[30.87,-29.28],[30.88,-29.28],[30.89,-29.28],[30.89,-29.29],[30.9,-29.29],[30.9,-29.28],[30.9,-29.27],[30.91,-29.27],[30.92,-29.28],[30.93,-29.27],[30.94,-29.27],[30.95,-29.27],[30.96,-29.27],[30.97,-29.27],[30.98,-29.27],[30.98,-29.26],[30.98,-29.25],[30.98,-29.24],[30.99,-29.24],[30.99,-29.23],[30.98,-29.23],[30.99,-29.23],[30.98,-29.22],[30.99,-29.22],[30.98,-29.22],[30.97,-29.22],[30.97,-29.21],[30.96,-29.21],[30.95,-29.21],[30.95,-29.2],[30.95,-29.19],[30.94,-29.19],[30.94,-29.18],[30.95,-29.18],[30.94,-29.18],[30.93,-29.18],[30.92,-29.18],[30.92,-29.17],[30.92,-29.18],[30.91,-29.18],[30.9,-29.18],[30.89,-29.18],[30.89,-29.17],[30.89,-29.18],[30.9,-29.18],[30.9,-29.17],[30.89,-29.17],[30.89,-29.16],[30.88,-29.16],[30.87,-29.16],[30.87,-29.15],[30.86,-29.15],[30.86,-29.14],[30.85,-29.14],[30.86,-29.14],[30.86,-29.13],[30.87,-29.13],[30.88,-29.13],[30.88,-29.12],[30.88,-29.13],[30.88,-29.12],[30.89,-29.12],[30.89,-29.13],[30.89,-29.12],[30.9,-29.12],[30.89,-29.12],[30.9,-29.12],[30.91,-29.12],[30.91,-29.11],[30.91,-29.1],[30.92,-29.09],[30.93,-29.09],[30.93,-29.08],[30.94,-29.08],[30.94,-29.09],[30.95,-29.09],[30.96,-29.09],[30.97,-29.08],[30.98,-29.08],[30.99,-29.08],[31.0,-29.08],[31.01,-29.08],[31.02,-29.08],[31.02,-29.07],[31.01,-29.06],[31.01,-29.05],[31.0,-29.05],[31.0,-29.04],[31.0,-29.03],[31.0,-29.02],[30.99,-29.02],[30.99,-29.01],[30.99,-29.0],[30.99,-28.99],[30.98,-28.99],[30.98,-28.98],[30.98,-28.97],[30.97,-28.97],[30.96,-28.97],[30.95,-28.97],[30.96,-28.97],[30.96,-28.96],[30.97,-28.96],[30.96,-28.96],[30.96,-28.95],[30.95,-28.96],[30.95,-28.95],[30.94,-28.95],[30.93,-28.95],[30.92,-28.95],[30.92,-28.94],[30.93,-28.94],[30.93,-28.93],[30.94,-28.93],[30.93,-28.93],[30.93,-28.92],[30.92,-28.92],[30.92,-28.91],[30.92,-28.9],[30.93,-28.9],[30.94,-28.9],[30.94,-28.89],[30.95,-28.89],[30.95,-28.88],[30.96,-28.88],[30.97,-28.88],[30.97,-28.87],[30.98,-28.87],[30.98,-28.88],[30.99,-28.88],[30.99,-28.87],[30.99,-28.86],[31.0,-28.86],[31.0,-28.85],[31.01,-28.85],[31.01,-28.86],[31.02,-28.86],[31.03,-28.86],[31.03,-28.87],[31.04,-28.87],[31.04,-28.88],[31.04,-28.89],[31.03,-28.89],[31.03,-28.9],[31.03,-28.91],[31.04,-28.91],[31.04,-28.92],[31.03,-28.92],[31.03,-28.93],[31.03,-28.94],[31.04,-28.94],[31.04,-28.95],[31.05,-28.95],[31.06,-28.95],[31.07,-28.95],[31.07,-28.96],[31.08,-28.96],[31.08,-28.97],[31.07,-28.98],[31.07,-28.99],[31.08,-28.99],[31.09,-28.99],[31.1,-28.99],[31.1,-28.98],[31.09,-28.98],[31.09,-28.97],[31.08,-28.97],[31.08,-28.96],[31.09,-28.96],[31.1,-28.96],[31.11,-28.96],[31.12,-28.96],[31.13,-28.96],[31.13,-28.97],[31.13,-28.98],[31.12,-28.98],[31.12,-28.99],[31.12,-29.0],[31.12,-29.01],[31.13,-29.01],[31.13,-29.02],[31.13,-29.03],[31.14,-29.03],[31.14,-29.04],[31.15,-29.04],[31.15,-29.05],[31.16,-29.05],[31.17,-29.05],[31.18,-29.05],[31.18,-29.06],[31.18,-29.07],[31.18,-29.08],[31.19,-29.08],[31.2,-29.08],[31.2,-29.09],[31.21,-29.09],[31.21,-29.1],[31.21,-29.11],[31.22,-29.11],[31.23,-29.11],[31.24,-29.11],[31.24,-29.12],[31.25,-29.12],[31.25,-29.13],[31.25,-29.14],[31.25,-29.15],[31.26,-29.15],[31.26,-29.14],[31.27,-29.14],[31.27,-29.13],[31.27,-29.12],[31.28,-29.12],[31.28,-29.11],[31.29,-29.11],[31.29,-29.12],[31.29,-29.13],[31.3,-29.13],[31.3,-29.14],[31.3,-29.15],[31.29,-29.15],[31.29,-29.16],[31.28,-29.16],[31.29,-29.16],[31.29,-29.17],[31.3,-29.17],[31.31,-29.17],[31.31,-29.16],[31.3,-29.16],[31.31,-29.16],[31.31,-29.15],[31.32,-29.15],[31.32,-29.14],[31.33,-29.14],[31.32,-29.14],[31.32,-29.13],[31.33,-29.13],[31.33,-29.12],[31.34,-29.12],[31.34,-29.11],[31.33,-29.11],[31.32,-29.11],[31.33,-29.11],[31.33,-29.1],[31.34,-29.1],[31.35,-29.1],[31.34,-29.1],[31.34,-29.09],[31.35,-29.09],[31.34,-29.09],[31.35,-29.09],[31.36,-29.09],[31.37,-29.09],[31.37,-29.08],[31.38,-29.08],[31.38,-29.07],[31.39,-29.07],[31.39,-29.06],[31.38,-29.06],[31.37,-29.06],[31.36,-29.06],[31.37,-29.06],[31.37,-29.05],[31.37,-29.06],[31.37,-29.05],[31.38,-29.05],[31.37,-29.05],[31.37,-29.04],[31.38,-29.04],[31.37,-29.04],[31.38,-29.04],[31.38,-29.03],[31.38,-29.02],[31.38,-29.01],[31.38,-29.0],[31.39,-29.0],[31.4,-29.0],[31.41,-29.0],[31.41,-28.99],[31.42,-28.99],[31.42,-29.0],[31.43,-29.0],[31.42,-29.0],[31.43,-29.0],[31.43,-28.99],[31.43,-29.0],[31.43,-28.99],[31.44,-28.99],[31.44,-29.0],[31.44,-28.99],[31.45,-28.99],[31.46,-28.99],[31.46,-28.98],[31.46,-28.99],[31.46,-29.0],[31.45,-29.0],[31.45,-29.01],[31.45,-29.02],[31.46,-29.02],[31.46,-29.01],[31.47,-29.01],[31.47,-29.0],[31.47,-29.01],[31.47,-29.02],[31.47,-29.03],[31.48,-29.03],[31.48,-29.02],[31.49,-29.02],[31.49,-29.03],[31.5,-29.03],[31.5,-29.04],[31.51,-29.04],[31.51,-29.03],[31.51,-29.04],[31.51,-29.05],[31.52,-29.05],[31.52,-29.04],[31.51,-29.04],[31.52,-29.04],[31.53,-29.04],[31.52,-29.04],[31.52,-29.05],[31.53,-29.05],[31.53,-29.06],[31.54,-29.06],[31.54,-29.05],[31.55,-29.05],[31.55,-29.06],[31.56,-29.06],[31.57,-29.06],[31.58,-29.06],[31.58,-29.05],[31.59,-29.05],[31.6,-29.05],[31.61,-29.05],[31.62,-29.05],[31.63,-29.05],[31.64,-29.05],[31.65,-29.05],[31.66,-29.05],[31.67,-29.05],[31.68,-29.05],[31.68,-29.06],[31.67,-29.06],[31.67,-29.07],[31.66,-29.07],[31.66,-29.08],[31.65,-29.08],[31.64,-29.08],[31.64,-29.09],[31.63,-29.09],[31.63,-29.1],[31.63,-29.11],[31.62,-29.11],[31.62,-29.12],[31.61,-29.12],[31.61,-29.13],[31.6,-29.13],[31.6,-29.14],[31.59,-29.14],[31.59,-29.15],[31.58,-29.15],[31.58,-29.16],[31.57,-29.16],[31.57,-29.17],[31.56,-29.17],[31.56,-29.18],[31.55,-29.18],[31.55,-29.19],[31.54,-29.19],[31.54,-29.2],[31.53,-29.2],[31.53,-29.21],[31.52,-29.21],[31.52,-29.22],[31.51,-29.22],[31.5,-29.22],[31.5,-29.23],[31.49,-29.23],[31.49,-29.24],[31.48,-29.24],[31.48,-29.25],[31.47,-29.25],[31.47,-29.26],[31.46,-29.26],[31.46,-29.27],[31.45,-29.27],[31.45,-29.28],[31.44,-29.28],[31.44,-29.29],[31.43,-29.29],[31.43,-29.3],[31.43,-29.31],[31.42,-29.31],[31.41,-29.31],[31.41,-29.32],[31.4,-29.32],[31.4,-29.33],[31.39,-29.33],[31.39,-29.34],[31.38,-29.34],[31.38,-29.35],[31.37,-29.35],[31.37,-29.36],[31.36,-29.36],[31.36,-29.37],[31.35,-29.37],[31.36,-29.37],[31.35,-29.37],[31.35,-29.38],[31.34,-29.38],[31.34,-29.39],[31.34,-29.4],[31.33,-29.4],[31.32,-29.4],[31.32,-29.41],[31.31,-29.41],[31.31,-29.42],[31.31,-29.43],[31.3,-29.43],[31.3,-29.44],[31.29,-29.44],[31.29,-29.45],[31.29,-29.46],[31.28,-29.46],[31.28,-29.47],[31.27,-29.47],[31.27,-29.48],[31.26,-29.48],[31.27,-29.48],[31.26,-29.48],[31.26,-29.49],[31.25,-29.49],[31.25,-29.5],[31.24,-29.5],[31.24,-29.51],[31.23,-29.51],[31.23,-29.52],[31.23,-29.53],[31.22,-29.53],[31.22,-29.54],[31.22,-29.55],[31.21,-29.55],[31.2,-29.55],[31.2,-29.56],[31.19,-29.56],[31.19,-29.57],[31.18,-29.57],[31.17,-29.57],[31.17,-29.56],[31.17,-29.55],[31.17,-29.54],[31.18,-29.53],[31.18,-29.52],[31.17,-29.52],[31.16,-29.52],[31.16,-29.51],[31.15,-29.51],[31.14,-29.5],[31.12,-29.51],[31.12,-29.5],[31.12,-29.51],[31.11,-29.51],[31.11,-29.52],[31.11,-29.53],[31.11,-29.54],[31.1,-29.54],[31.09,-29.54],[31.07,-29.55],[31.06,-29.55],[31.05,-29.55],[31.04,-29.55],[31.03,-29.55],[31.02,-29.56],[31.01,-29.56],[31.01,-29.57],[31.01,-29.58],[31.01,-29.59],[31.0,-29.59],[30.99,-29.59],[30.99,-29.58],[30.98,-29.58],[30.98,-29.59],[30.97,-29.59],[30.96,-29.59],[30.96,-29.58],[30.95,-29.58],[30.95,-29.59],[30.94,-29.59],[30.93,-29.59],[30.93,-29.6],[30.93,-29.59],[30.92,-29.59],[30.92,-29.6],[30.91,-29.6],[30.9,-29.6],[30.9,-29.59],[30.91,-29.59],[30.9,-29.59],[30.89,-29.59],[30.89,-29.6],[30.88,-29.59],[30.88,-29.6],[30.88,-29.61],[30.87,-29.62],[30.86,-29.62],[30.85,-29.62],[30.85,-29.63],[30.84,-29.63],[30.84,-29.62],[30.84,-29.63],[30.84,-29.62],[30.83,-29.62],[30.83,-29.63],[30.82,-29.63],[30.81,-29.62],[30.81,-29.61],[30.81,-29.6],[30.8,-29.59],[30.8,-29.58],[30.79,-29.58],[30.79,-29.57],[30.78,-29.57],[30.78,-29.58],[30.78,-29.57],[30.78,-29.58],[30.78,-29.57],[30.77,-29.57],[30.76,-29.57],[30.75,-29.57],[30.74,-29.57],[30.73,-29.57],[30.72,-29.57],[30.71,-29.57],[30.7,-29.57],[30.7,-29.56]]]]},"properties":{"name":"iLembe District"}},{"type":"Feature","geometry":{"type":"MultiPolygon","coordinates":[[[[25.38,-31.2],[25.38,-31.19],[25.38,-31.17],[25.38,-31.15],[25.39,-31.14],[25.4,-31.13],[25.42,-31.13],[25.43,-31.12],[25.44,-31.11],[25.45,-31.1],[25.45,-31.08],[25.44,-31.06],[25.45,-31.05],[25.46,-31.05],[25.48,-31.05],[25.48,-31.04],[25.49,-31.04],[25.5,-31.01],[25.48,-31.01],[25.48,-30.99],[25.48,-30.98],[25.48,-30.97],[25.49,-30.97],[25.51,-30.96],[25.51,-30.95],[25.51,-30.94],[25.5,-30.93],[25.51,-30.93],[25.51,-30.92],[25.52,-30.91],[25.52,-30.9],[25.51,-30.9],[25.51,-30.89],[25.5,-30.89],[25.48,-30.87],[25.47,-30.87],[25.49,-30.85],[25.52,-30.83],[25.53,-30.81],[25.55,-30.79],[25.52,-30.8],[25.51,-30.79],[25.5,-30.78],[25.49,-30.78],[25.48,-30.78],[25.48,-30.77],[25.48,-30.76],[25.47,-30.74],[25.48,-30.74],[25.48,-30.73],[25.47,-30.72],[25.46,-30.72],[25.47,-30.71],[25.46,-30.7],[25.46,-30.69],[25.46,-30.68],[25.47,-30.67],[25.47,-30.66],[25.46,-30.66],[25.46,-30.65],[25.46,-30.64],[25.46,-30.63],[25.47,-30.63],[25.47,-30.62],[25.47,-30.63],[25.47,-30.64],[25.48,-30.63],[25.49,-30.63],[25.5,-30.63],[25.5,-30.62],[25.51,-30.62],[25.52,-30.62],[25.52,-30.61],[25.53,-30.61],[25.54,-30.61],[25.55,-30.61],[25.55,-30.62],[25.56,-30.62],[25.57,-30.62],[25.57,-30.61],[25.58,-30.61],[25.58,-30.6],[25.59,-30.6],[25.59,-30.59],[25.6,-30.59],[25.6,-30.6],[25.61,-30.6],[25.61,-30.61],[25.61,-30.62],[25.62,-30.62],[25.62,-30.63],[25.63,-30.63],[25.62,-30.63],[25.62,-30.64],[25.61,-30.64],[25.61,-30.65],[25.61,-30.66],[25.62,-30.66],[25.63,-30.66],[25.64,-30.66],[25.65,-30.66],[25.65,-30.65],[25.66,-30.65],[25.66,-30.64],[25.67,-30.64],[25.68,-30.64],[25.68,-30.65],[25.69,-30.65],[25.68,-30.65],[25.68,-30.66],[25.68,-30.67],[25.69,-30.67],[25.69,-30.68],[25.7,-30.68],[25.71,-30.68],[25.72,-30.68],[25.73,-30.68],[25.74,-30.68],[25.75,-30.68],[25.75,-30.69],[25.76,-30.69],[25.77,-30.69],[25.77,-30.68],[25.78,-30.68],[25.78,-30.67],[25.78,-30.66],[25.78,-30.65],[25.78,-30.64],[25.79,-30.64],[25.8,-30.64],[25.8,-30.63],[25.81,-30.63],[25.82,-30.63],[25.83,-30.63],[25.84,-30.63],[25.85,-30.63],[25.85,-30.62],[25.86,-30.62],[25.86,-30.61],[25.87,-30.61],[25.88,-30.61],[25.89,-30.61],[25.89,-30.6],[25.89,-30.59],[25.88,-30.59],[25.88,-30.58],[25.88,-30.57],[25.87,-30.57],[25.87,-30.56],[25.88,-30.55],[25.88,-30.54],[25.89,-30.54],[25.9,-30.54],[25.91,-30.55],[25.91,-30.56],[25.92,-30.56],[25.92,-30.57],[25.93,-30.57],[25.93,-30.58],[25.92,-30.58],[25.93,-30.58],[25.93,-30.59],[25.93,-30.58],[25.94,-30.58],[25.94,-30.57],[25.94,-30.56],[25.95,-30.56],[25.95,-30.55],[25.96,-30.55],[25.96,-30.54],[25.97,-30.54],[25.98,-30.54],[25.99,-30.54],[26.0,-30.54],[26.01,-30.54],[26.01,-30.53],[26.02,-30.53],[26.03,-30.53],[26.04,-30.53],[26.05,-30.53],[26.05,-30.52],[26.06,-30.52],[26.07,-30.52],[26.08,-30.52],[26.09,-30.52],[26.1,-30.52],[26.11,-30.52],[26.11,-30.53],[26.12,-30.53],[26.12,-30.54],[26.13,-30.54],[26.14,-30.54],[26.15,-30.54],[26.15,-30.53],[26.15,-30.52],[26.15,-30.51],[26.14,-30.51],[26.13,-30.51],[26.13,-30.5],[26.13,-30.49],[26.14,-30.49],[26.15,-30.49],[26.15,-30.48],[26.16,-30.48],[26.17,-30.48],[26.17,-30.49],[26.18,-30.49],[26.18,-30.5],[26.19,-30.5],[26.19,-30.51],[26.2,-30.51],[26.2,-30.52],[26.19,-30.52],[26.19,-30.53],[26.2,-30.53],[26.21,-30.53],[26.22,-30.53],[26.23,-30.53],[26.23,-30.54],[26.24,-30.54],[26.25,-30.54],[26.26,-30.54],[26.26,-30.55],[26.27,-30.55],[26.26,-30.55],[26.26,-30.56],[26.26,-30.57],[26.27,-30.57],[26.28,-30.57],[26.28,-30.58],[26.28,-30.59],[26.29,-30.59],[26.3,-30.59],[26.31,-30.59],[26.31,-30.58],[26.32,-30.58],[26.32,-30.59],[26.33,-30.59],[26.34,-30.59],[26.35,-30.59],[26.35,-30.6],[26.36,-30.6],[26.36,-30.59],[26.37,-30.59],[26.37,-30.58],[26.38,-30.58],[26.39,-30.58],[26.4,-30.58],[26.4,-30.57],[26.41,-30.57],[26.42,-30.57],[26.43,-30.57],[26.44,-30.57],[26.45,-30.57],[26.46,-30.57],[26.46,-30.58],[26.47,-30.58],[26.47,-30.59],[26.48,-30.59],[26.49,-30.59],[26.49,-30.6],[26.49,-30.61],[26.48,-30.61],[26.48,-30.62],[26.48,-30.63],[26.49,-30.63],[26.5,-30.63],[26.51,-30.63],[26.51,-30.64],[26.52,-30.64],[26.53,-30.64],[26.53,-30.65],[26.54,-30.65],[26.54,-30.66],[26.55,-30.66],[26.56,-30.66],[26.56,-30.67],[26.57,-30.67],[26.58,-30.67],[26.58,-30.66],[26.59,-30.66],[26.6,-30.66],[26.61,-30.66],[26.62,-30.66],[26.63,-30.66],[26.63,-30.67],[26.64,-30.67],[26.63,-30.67],[26.63,-30.68],[26.62,-30.68],[26.62,-30.69],[26.63,-30.69],[26.64,-30.69],[26.65,-30.69],[26.66,-30.69],[26.66,-30.68],[26.67,-30.68],[26.67,-30.67],[26.68,-30.67],[26.68,-30.68],[26.68,-30.69],[26.69,-30.69],[26.7,-30.69],[26.71,-30.69],[26.71,-30.68],[26.72,-30.68],[26.72,-30.67],[26.73,-30.67],[26.73,-30.66],[26.74,-30.66],[26.74,-30.67],[26.75,-30.67],[26.75,-30.66],[26.76,-30.66],[26.77,-30.66],[26.77,-30.65],[26.78,-30.65],[26.79,-30.65],[26.79,-30.64],[26.8,-30.64],[26.81,-30.64],[26.82,-30.64],[26.82,-30.65],[26.83,-30.65],[26.83,-30.66],[26.83,-30.67],[26.84,-30.67],[26.84,-30.68],[26.85,-30.68],[26.86,-30.68],[26.87,-30.68],[26.88,-30.68],[26.88,-30.67],[26.88,-30.66],[26.89,-30.66],[26.89,-30.67],[26.9,-30.67],[26.91,-30.67],[26.92,-30.67],[26.92,-30.66],[26.92,-30.67],[26.93,-30.67],[26.94,-30.66],[26.95,-30.66],[26.95,-30.65],[26.94,-30.65],[26.94,-30.64],[26.94,-30.63],[26.93,-30.63],[26.93,-30.62],[26.94,-30.62],[26.94,-30.61],[26.95,-30.61],[26.96,-30.61],[26.96,-30.6],[26.97,-30.6],[26.98,-30.6],[26.99,-30.6],[27.0,-30.6],[27.0,-30.59],[27.0,-30.6],[27.01,-30.6],[27.01,-30.61],[27.02,-30.61],[27.02,-30.6],[27.03,-30.6],[27.04,-30.6],[27.04,-30.59],[27.04,-30.58],[27.03,-30.58],[27.02,-30.58],[27.02,-30.57],[27.02,-30.56],[27.01,-30.56],[27.0,-30.56],[27.0,-30.55],[27.0,-30.54],[27.01,-30.54],[27.02,-30.54],[27.02,-30.53],[27.03,-30.53],[27.03,-30.54],[27.04,-30.54],[27.05,-30.54],[27.05,-30.53],[27.06,-30.53],[27.07,-30.53],[27.08,-30.53],[27.09,-30.53],[27.09,-30.54],[27.09,-30.55],[27.1,-30.55],[27.1,-30.56],[27.11,-30.56],[27.11,-30.55],[27.12,-30.55],[27.12,-30.54],[27.13,-30.54],[27.14,-30.54],[27.14,-30.53],[27.14,-30.52],[27.13,-30.52],[27.13,-30.51],[27.14,-30.51],[27.15,-30.51],[27.16,-30.51],[27.17,-30.51],[27.17,-30.52],[27.18,-30.52],[27.19,-30.52],[27.2,-30.52],[27.2,-30.51],[27.21,-30.51],[27.21,-30.5],[27.21,-30.49],[27.22,-30.49],[27.22,-30.5],[27.22,-30.51],[27.23,-30.51],[27.23,-30.5],[27.23,-30.49],[27.23,-30.48],[27.24,-30.48],[27.25,-30.48],[27.25,-30.49],[27.25,-30.5],[27.26,-30.5],[27.26,-30.51],[27.27,-30.51],[27.27,-30.5],[27.28,-30.5],[27.29,-30.5],[27.29,-30.51],[27.3,-30.51],[27.3,-30.5],[27.3,-30.49],[27.31,-30.49],[27.32,-30.49],[27.33,-30.49],[27.33,-30.48],[27.32,-30.48],[27.32,-30.47],[27.31,-30.47],[27.3,-30.47],[27.3,-30.46],[27.29,-30.46],[27.29,-30.45],[27.3,-30.45],[27.3,-30.44],[27.31,-30.44],[27.32,-30.44],[27.32,-30.45],[27.33,-30.45],[27.34,-30.45],[27.35,-30.45],[27.35,-30.44],[27.36,-30.44],[27.37,-30.44],[27.37,-30.43],[27.36,-30.43],[27.35,-30.43],[27.34,-30.43],[27.33,-30.43],[27.33,-30.42],[27.32,-30.42],[27.33,-30.42],[27.33,-30.41],[27.34,-30.41],[27.34,-30.4],[27.35,-30.4],[27.36,-30.4],[27.37,-30.4],[27.37,-30.41],[27.38,-30.41],[27.38,-30.4],[27.39,-30.4],[27.4,-30.4],[27.4,-30.39],[27.4,-30.38],[27.4,-30.37],[27.4,-30.36],[27.39,-30.36],[27.38,-30.36],[27.38,-30.37],[27.37,-30.38],[27.37,-30.37],[27.37,-30.36],[27.36,-30.36],[27.36,-30.35],[27.37,-30.35],[27.37,-30.34],[27.36,-30.34],[27.35,-30.34],[27.35,-30.33],[27.36,-30.33],[27.36,-30.32],[27.37,-30.32],[27.37,-30.33],[27.38,-30.33],[27.38,-30.34],[27.39,-30.34],[27.4,-30.34],[27.4,-30.33],[27.41,-30.33],[27.42,-30.33],[27.42,-30.32],[27.43,-30.32],[27.44,-30.32],[27.45,-30.32],[27.45,-30.31],[27.46,-30.31],[27.47,-30.31],[27.47,-30.32],[27.48,-30.32],[27.48,-30.33],[27.47,-30.33],[27.47,-30.34],[27.48,-30.34],[27.48,-30.35],[27.47,-30.35],[27.47,-30.36],[27.48,-30.36],[27.49,-30.36],[27.49,-30.37],[27.5,-30.37],[27.5,-30.38],[27.5,-30.39],[27.51,-30.39],[27.52,-30.39],[27.52,-30.38],[27.53,-30.38],[27.53,-30.39],[27.54,-30.39],[27.54,-30.4],[27.55,-30.4],[27.56,-30.4],[27.56,-30.41],[27.56,-30.42],[27.57,-30.42],[27.57,-30.43],[27.56,-30.43],[27.56,-30.44],[27.57,-30.44],[27.57,-30.45],[27.58,-30.45],[27.59,-30.45],[27.6,-30.45],[27.6,-30.46],[27.61,-30.46],[27.61,-30.47],[27.61,-30.48],[27.61,-30.49],[27.62,-30.49],[27.61,-30.49],[27.61,-30.5],[27.62,-30.5],[27.62,-30.49],[27.62,-30.5],[27.62,-30.51],[27.63,-30.51],[27.64,-30.51],[27.64,-30.52],[27.65,-30.52],[27.66,-30.52],[27.66,-30.53],[27.67,-30.53],[27.67,-30.54],[27.67,-30.53],[27.68,-30.53],[27.68,-30.54],[27.69,-30.54],[27.69,-30.55],[27.7,-30.55],[27.69,-30.55],[27.69,-30.56],[27.7,-30.56],[27.71,-30.57],[27.72,-30.57],[27.72,-30.58],[27.73,-30.58],[27.73,-30.59],[27.74,-30.59],[27.74,-30.6],[27.74,-30.61],[27.75,-30.61],[27.76,-30.61],[27.77,-30.61],[27.78,-30.61],[27.78,-30.62],[27.79,-30.62],[27.8,-30.62],[27.81,-30.62],[27.82,-30.62],[27.82,-30.61],[27.82,-30.62],[27.82,-30.61],[27.82,-30.62],[27.83,-30.62],[27.83,-30.61],[27.84,-30.61],[27.85,-30.61],[27.85,-30.62],[27.86,-30.62],[27.86,-30.61],[27.87,-30.61],[27.88,-30.61],[27.89,-30.61],[27.9,-30.61],[27.9,-30.6],[27.91,-30.6],[27.92,-30.6],[27.92,-30.61],[27.92,-30.62],[27.93,-30.62],[27.93,-30.63],[27.94,-30.63],[27.94,-30.64],[27.95,-30.65],[27.98,-30.65],[27.98,-30.66],[27.99,-30.65],[28.0,-30.66],[28.01,-30.66],[28.02,-30.66],[28.03,-30.66],[28.05,-30.66],[28.06,-30.66],[28.07,-30.66],[28.08,-30.65],[28.09,-30.66],[28.1,-30.67],[28.11,-30.67],[28.11,-30.68],[28.11,-30.67],[28.12,-30.67],[28.12,-30.66],[28.12,-30.65],[28.12,-30.64],[28.12,-30.63],[28.12,-30.62],[28.11,-30.62],[28.11,-30.61],[28.11,-30.6],[28.12,-30.6],[28.12,-30.59],[28.13,-30.59],[28.14,-30.59],[28.15,-30.59],[28.15,-30.58],[28.16,-30.57],[28.16,-30.56],[28.16,-30.55],[28.16,-30.54],[28.16,-30.53],[28.17,-30.53],[28.18,-30.53],[28.18,-30.52],[28.17,-30.52],[28.17,-30.51],[28.17,-30.5],[28.18,-30.5],[28.18,-30.49],[28.17,-30.49],[28.17,-30.48],[28.16,-30.48],[28.17,-30.48],[28.16,-30.48],[28.16,-30.47],[28.15,-30.47],[28.16,-30.47],[28.16,-30.46],[28.17,-30.46],[28.17,-30.45],[28.18,-30.45],[28.18,-30.44],[28.19,-30.44],[28.19,-30.43],[28.19,-30.44],[28.19,-30.43],[28.2,-30.43],[28.2,-30.44],[28.21,-30.44],[28.21,-30.43],[28.22,-30.43],[28.23,-30.43],[28.23,-30.42],[28.24,-30.42],[28.24,-30.41],[28.25,-30.41],[28.25,-30.42],[28.26,-30.42],[28.26,-30.41],[28.25,-30.41],[28.25,-30.4],[28.26,-30.4],[28.26,-30.39],[28.27,-30.39],[28.27,-30.38],[28.27,-30.37],[28.28,-30.37],[28.29,-30.37],[28.3,-30.37],[28.3,-30.38],[28.31,-30.38],[28.32,-30.38],[28.33,-30.38],[28.33,-30.39],[28.34,-30.39],[28.34,-30.4],[28.35,-30.4],[28.36,-30.4],[28.37,-30.4],[28.38,-30.4],[28.38,-30.41],[28.39,-30.41],[28.39,-30.4],[28.4,-30.4],[28.39,-30.4],[28.39,-30.41],[28.4,-30.41],[28.4,-30.4],[28.4,-30.41],[28.41,-30.41],[28.41,-30.42],[28.42,-30.42],[28.43,-30.42],[28.44,-30.42],[28.44,-30.43],[28.45,-30.43],[28.45,-30.42],[28.46,-30.42],[28.47,-30.42],[28.48,-30.42],[28.49,-30.43],[28.5,-30.43],[28.5,-30.44],[28.51,-30.44],[28.51,-30.45],[28.51,-30.46],[28.51,-30.47],[28.52,-30.47],[28.53,-30.47],[28.54,-30.47],[28.54,-30.46],[28.54,-30.45],[28.55,-30.45],[28.56,-30.45],[28.56,-30.44],[28.57,-30.44],[28.58,-30.44],[28.58,-30.45],[28.59,-30.45],[28.59,-30.46],[28.6,-30.46],[28.61,-30.46],[28.61,-30.47],[28.61,-30.46],[28.62,-30.46],[28.62,-30.47],[28.63,-30.47],[28.63,-30.48],[28.62,-30.48],[28.62,-30.49],[28.61,-30.49],[28.62,-30.48],[28.61,-30.48],[28.6,-30.48],[28.59,-30.48],[28.59,-30.49],[28.6,-30.49],[28.59,-30.49],[28.58,-30.49],[28.57,-30.49],[28.57,-30.5],[28.57,-30.51],[28.56,-30.51],[28.57,-30.51],[28.57,-30.52],[28.58,-30.52],[28.57,-30.52],[28.56,-30.52],[28.55,-30.53],[28.55,-30.54],[28.54,-30.54],[28.55,-30.54],[28.55,-30.55],[28.54,-30.55],[28.53,-30.55],[28.52,-30.55],[28.52,-30.56],[28.51,-30.57],[28.52,-30.57],[28.53,-30.57],[28.53,-30.58],[28.54,-30.58],[28.54,-30.59],[28.54,-30.6],[28.55,-30.6],[28.55,-30.61],[28.55,-30.62],[28.56,-30.62],[28.56,-30.63],[28.56,-30.64],[28.56,-30.65],[28.56,-30.66],[28.57,-30.66],[28.56,-30.66],[28.55,-30.66],[28.55,-30.67],[28.54,-30.67],[28.54,-30.66],[28.54,-30.67],[28.55,-30.67],[28.55,-30.68],[28.55,-30.69],[28.55,-30.7],[28.56,-30.7],[28.56,-30.71],[28.57,-30.71],[28.58,-30.71],[28.59,-30.71],[28.59,-30.72],[28.6,-30.72],[28.6,-30.73],[28.6,-30.74],[28.61,-30.74],[28.61,-30.75],[28.61,-30.76],[28.61,-30.75],[28.61,-30.76],[28.62,-30.76],[28.62,-30.75],[28.63,-30.75],[28.63,-30.76],[28.64,-30.76],[28.64,-30.77],[28.64,-30.78],[28.65,-30.78],[28.65,-30.79],[28.66,-30.79],[28.65,-30.79],[28.65,-30.8],[28.66,-30.8],[28.65,-30.81],[28.65,-30.8],[28.65,-30.81],[28.66,-30.81],[28.67,-30.81],[28.67,-30.82],[28.68,-30.82],[28.69,-30.82],[28.68,-30.82],[28.68,-30.83],[28.68,-30.84],[28.69,-30.84],[28.69,-30.85],[28.69,-30.86],[28.69,-30.87],[28.68,-30.87],[28.67,-30.87],[28.66,-30.87],[28.66,-30.88],[28.65,-30.88],[28.65,-30.89],[28.65,-30.9],[28.65,-30.91],[28.65,-30.92],[28.66,-30.92],[28.66,-30.93],[28.66,-30.92],[28.66,-30.93],[28.66,-30.92],[28.65,-30.92],[28.64,-30.92],[28.63,-30.92],[28.62,-30.92],[28.62,-30.93],[28.61,-30.93],[28.6,-30.93],[28.59,-30.93],[28.58,-30.93],[28.58,-30.94],[28.58,-30.95],[28.58,-30.96],[28.58,-30.97],[28.59,-30.97],[28.58,-30.97],[28.58,-30.98],[28.58,-30.99],[28.58,-31.0],[28.57,-31.0],[28.57,-30.99],[28.57,-31.0],[28.56,-31.0],[28.56,-30.99],[28.55,-30.99],[28.55,-31.0],[28.55,-31.01],[28.56,-31.01],[28.56,-31.02],[28.55,-31.02],[28.55,-31.03],[28.54,-31.03],[28.54,-31.04],[28.53,-31.04],[28.53,-31.05],[28.54,-31.05],[28.54,-31.06],[28.53,-31.06],[28.53,-31.05],[28.52,-31.05],[28.51,-31.05],[28.5,-31.05],[28.5,-31.04],[28.5,-31.03],[28.49,-31.03],[28.49,-31.04],[28.49,-31.05],[28.5,-31.06],[28.51,-31.06],[28.52,-31.07],[28.52,-31.08],[28.51,-31.08],[28.52,-31.09],[28.52,-31.1],[28.52,-31.11],[28.51,-31.11],[28.52,-31.11],[28.53,-31.11],[28.52,-31.11],[28.53,-31.11],[28.54,-31.11],[28.54,-31.1],[28.54,-31.09],[28.55,-31.09],[28.56,-31.09],[28.56,-31.08],[28.56,-31.09],[28.56,-31.1],[28.57,-31.1],[28.57,-31.11],[28.58,-31.11],[28.58,-31.1],[28.57,-31.1],[28.58,-31.1],[28.59,-31.1],[28.59,-31.11],[28.59,-31.1],[28.6,-31.1],[28.6,-31.09],[28.61,-31.09],[28.61,-31.1],[28.62,-31.1],[28.63,-31.1],[28.64,-31.1],[28.65,-31.1],[28.65,-31.11],[28.66,-31.11],[28.66,-31.12],[28.67,-31.12],[28.68,-31.11],[28.68,-31.12],[28.69,-31.12],[28.7,-31.12],[28.7,-31.13],[28.69,-31.13],[28.68,-31.13],[28.68,-31.14],[28.67,-31.14],[28.67,-31.15],[28.67,-31.16],[28.67,-31.17],[28.68,-31.17],[28.68,-31.16],[28.69,-31.16],[28.69,-31.17],[28.68,-31.17],[28.68,-31.18],[28.69,-31.18],[28.69,-31.19],[28.69,-31.2],[28.68,-31.2],[28.68,-31.19],[28.67,-31.19],[28.67,-31.18],[28.67,-31.19],[28.66,-31.19],[28.65,-31.19],[28.65,-31.2],[28.66,-31.2],[28.65,-31.2],[28.65,-31.21],[28.64,-31.21],[28.63,-31.21],[28.63,-31.22],[28.62,-31.22],[28.62,-31.23],[28.63,-31.23],[28.62,-31.23],[28.62,-31.24],[28.62,-31.23],[28.61,-31.23],[28.61,-31.24],[28.6,-31.24],[28.59,-31.24],[28.59,-31.23],[28.58,-31.23],[28.58,-31.24],[28.57,-31.24],[28.57,-31.23],[28.56,-31.23],[28.55,-31.23],[28.56,-31.23],[28.56,-31.24],[28.55,-31.24],[28.54,-31.24],[28.54,-31.25],[28.54,-31.24],[28.53,-31.24],[28.53,-31.25],[28.53,-31.24],[28.52,-31.24],[28.51,-31.24],[28.51,-31.25],[28.5,-31.25],[28.49,-31.26],[28.49,-31.27],[28.48,-31.27],[28.47,-31.27],[28.47,-31.28],[28.47,-31.29],[28.46,-31.29],[28.47,-31.29],[28.47,-31.3],[28.46,-31.3],[28.45,-31.3],[28.45,-31.31],[28.46,-31.31],[28.46,-31.32],[28.47,-31.32],[28.48,-31.32],[28.48,-31.33],[28.49,-31.33],[28.5,-31.33],[28.5,-31.34],[28.5,-31.35],[28.49,-31.36],[28.49,-31.37],[28.48,-31.37],[28.48,-31.38],[28.47,-31.38],[28.46,-31.38],[28.46,-31.39],[28.45,-31.39],[28.44,-31.39],[28.45,-31.39],[28.45,-31.4],[28.44,-31.4],[28.43,-31.4],[28.43,-31.41],[28.43,-31.42],[28.42,-31.42],[28.41,-31.42],[28.41,-31.43],[28.4,-31.43],[28.4,-31.44],[28.4,-31.45],[28.4,-31.46],[28.4,-31.47],[28.39,-31.48],[28.38,-31.48],[28.37,-31.47],[28.37,-31.46],[28.35,-31.46],[28.34,-31.45],[28.33,-31.45],[28.33,-31.44],[28.32,-31.43],[28.31,-31.42],[28.3,-31.42],[28.29,-31.42],[28.29,-31.41],[28.29,-31.4],[28.28,-31.39],[28.27,-31.38],[28.26,-31.37],[28.26,-31.36],[28.25,-31.36],[28.25,-31.35],[28.25,-31.34],[28.25,-31.33],[28.24,-31.33],[28.23,-31.33],[28.22,-31.32],[28.22,-31.31],[28.21,-31.31],[28.2,-31.32],[28.19,-31.31],[28.18,-31.31],[28.17,-31.3],[28.17,-31.31],[28.15,-31.31],[28.14,-31.31],[28.15,-31.3],[28.14,-31.3],[28.12,-31.3],[28.11,-31.29],[28.1,-31.31],[28.09,-31.32],[28.08,-31.32],[28.07,-31.32],[28.06,-31.31],[28.06,-31.3],[28.05,-31.29],[28.04,-31.28],[28.03,-31.27],[28.02,-31.26],[28.0,-31.26],[27.99,-31.24],[27.97,-31.24],[27.95,-31.24],[27.93,-31.23],[27.93,-31.24],[27.92,-31.24],[27.91,-31.24],[27.91,-31.25],[27.9,-31.23],[27.89,-31.22],[27.88,-31.21],[27.87,-31.2],[27.85,-31.21],[27.84,-31.21],[27.83,-31.21],[27.82,-31.21],[27.81,-31.21],[27.8,-31.21],[27.79,-31.2],[27.76,-31.2],[27.76,-31.21],[27.75,-31.22],[27.74,-31.23],[27.74,-31.24],[27.73,-31.23],[27.72,-31.23],[27.71,-31.23],[27.71,-31.22],[27.7,-31.22],[27.69,-31.22],[27.68,-31.23],[27.67,-31.23],[27.66,-31.23],[27.64,-31.22],[27.63,-31.22],[27.62,-31.22],[27.61,-31.22],[27.61,-31.21],[27.59,-31.21],[27.57,-31.21],[27.56,-31.22],[27.55,-31.23],[27.54,-31.23],[27.53,-31.23],[27.52,-31.23],[27.51,-31.24],[27.5,-31.24],[27.49,-31.25],[27.45,-31.26],[27.44,-31.27],[27.43,-31.28],[27.44,-31.28],[27.44,-31.29],[27.46,-31.3],[27.45,-31.31],[27.45,-31.32],[27.45,-31.33],[27.45,-31.35],[27.45,-31.36],[27.44,-31.37],[27.44,-31.38],[27.44,-31.39],[27.42,-31.4],[27.42,-31.41],[27.41,-31.42],[27.39,-31.42],[27.38,-31.42],[27.37,-31.42],[27.36,-31.42],[27.34,-31.38],[27.33,-31.38],[27.32,-31.38],[27.32,-31.37],[27.3,-31.35],[27.3,-31.36],[27.29,-31.35],[27.29,-31.36],[27.3,-31.37],[27.28,-31.38],[27.28,-31.34],[27.26,-31.34],[27.23,-31.35],[27.22,-31.36],[27.21,-31.36],[27.2,-31.36],[27.18,-31.37],[27.17,-31.38],[27.15,-31.4],[27.15,-31.41],[27.14,-31.41],[27.13,-31.43],[27.13,-31.42],[27.12,-31.42],[27.11,-31.41],[27.1,-31.39],[27.09,-31.4],[27.07,-31.38],[27.07,-31.37],[27.06,-31.37],[27.07,-31.36],[27.05,-31.34],[27.04,-31.35],[27.02,-31.36],[27.01,-31.36],[26.99,-31.35],[26.98,-31.34],[26.97,-31.35],[26.96,-31.36],[26.95,-31.36],[26.94,-31.35],[26.93,-31.34],[26.92,-31.35],[26.92,-31.36],[26.91,-31.36],[26.9,-31.36],[26.9,-31.37],[26.89,-31.37],[26.89,-31.38],[26.88,-31.38],[26.88,-31.39],[26.88,-31.4],[26.87,-31.41],[26.86,-31.41],[26.85,-31.44],[26.82,-31.43],[26.81,-31.43],[26.8,-31.43],[26.78,-31.42],[26.77,-31.42],[26.76,-31.42],[26.74,-31.42],[26.74,-31.43],[26.73,-31.45],[26.71,-31.45],[26.7,-31.45],[26.69,-31.45],[26.68,-31.44],[26.65,-31.45],[26.63,-31.46],[26.63,-31.45],[26.63,-31.44],[26.63,-31.43],[26.63,-31.41],[26.61,-31.37],[26.62,-31.37],[26.63,-31.37],[26.65,-31.37],[26.66,-31.37],[26.67,-31.36],[26.67,-31.35],[26.67,-31.34],[26.67,-31.32],[26.68,-31.31],[26.69,-31.3],[26.7,-31.29],[26.7,-31.28],[26.71,-31.28],[26.71,-31.27],[26.71,-31.25],[26.71,-31.24],[26.71,-31.23],[26.7,-31.21],[26.69,-31.2],[26.69,-31.19],[26.67,-31.2],[26.66,-31.21],[26.64,-31.22],[26.63,-31.23],[26.62,-31.23],[26.6,-31.23],[26.59,-31.22],[26.58,-31.22],[26.57,-31.23],[26.56,-31.24],[26.55,-31.23],[26.53,-31.23],[26.53,-31.22],[26.53,-31.21],[26.52,-31.21],[26.49,-31.21],[26.48,-31.21],[26.46,-31.22],[26.43,-31.22],[26.42,-31.22],[26.42,-31.21],[26.41,-31.21],[26.43,-31.18],[26.41,-31.19],[26.39,-31.19],[26.38,-31.19],[26.37,-31.18],[26.37,-31.19],[26.36,-31.19],[26.36,-31.2],[26.36,-31.21],[26.36,-31.22],[26.35,-31.22],[26.34,-31.23],[26.34,-31.24],[26.34,-31.25],[26.33,-31.25],[26.32,-31.24],[26.3,-31.24],[26.3,-31.23],[26.3,-31.22],[26.29,-31.22],[26.28,-31.22],[26.27,-31.22],[26.26,-31.22],[26.24,-31.22],[26.22,-31.25],[26.2,-31.28],[26.19,-31.27],[26.18,-31.27],[26.17,-31.27],[26.16,-31.27],[26.15,-31.26],[26.14,-31.26],[26.13,-31.25],[26.13,-31.26],[26.13,-31.27],[26.13,-31.28],[26.12,-31.29],[26.11,-31.3],[26.1,-31.31],[26.07,-31.32],[26.05,-31.32],[26.04,-31.33],[26.03,-31.33],[26.02,-31.33],[26.01,-31.33],[26.0,-31.33],[26.0,-31.34],[26.0,-31.35],[26.0,-31.36],[26.0,-31.37],[26.01,-31.38],[26.0,-31.39],[26.0,-31.4],[26.0,-31.41],[25.99,-31.42],[25.99,-31.43],[25.99,-31.44],[25.98,-31.45],[25.97,-31.46],[25.97,-31.48],[25.95,-31.47],[25.94,-31.47],[25.92,-31.47],[25.9,-31.47],[25.89,-31.46],[25.88,-31.46],[25.87,-31.46],[25.86,-31.45],[25.85,-31.46],[25.84,-31.46],[25.82,-31.47],[25.82,-31.46],[25.81,-31.47],[25.81,-31.46],[25.79,-31.45],[25.78,-31.45],[25.77,-31.44],[25.77,-31.45],[25.76,-31.45],[25.75,-31.45],[25.74,-31.45],[25.73,-31.46],[25.72,-31.47],[25.71,-31.47],[25.71,-31.48],[25.7,-31.47],[25.69,-31.46],[25.68,-31.46],[25.67,-31.46],[25.65,-31.45],[25.65,-31.46],[25.65,-31.47],[25.64,-31.47],[25.63,-31.47],[25.63,-31.48],[25.62,-31.47],[25.6,-31.48],[25.59,-31.49],[25.59,-31.48],[25.59,-31.47],[25.58,-31.45],[25.58,-31.44],[25.58,-31.43],[25.59,-31.43],[25.59,-31.42],[25.59,-31.41],[25.59,-31.4],[25.59,-31.39],[25.59,-31.38],[25.59,-31.37],[25.58,-31.36],[25.58,-31.34],[25.58,-31.35],[25.57,-31.35],[25.57,-31.36],[25.56,-31.36],[25.55,-31.36],[25.54,-31.35],[25.52,-31.35],[25.51,-31.35],[25.49,-31.35],[25.47,-31.35],[25.46,-31.35],[25.44,-31.33],[25.46,-31.32],[25.47,-31.31],[25.48,-31.31],[25.49,-31.32],[25.5,-31.32],[25.51,-31.32],[25.52,-31.32],[25.52,-31.31],[25.54,-31.3],[25.55,-31.29],[25.56,-31.28],[25.54,-31.27],[25.53,-31.27],[25.52,-31.27],[25.51,-31.26],[25.5,-31.25],[25.49,-31.24],[25.5,-31.23],[25.49,-31.24],[25.48,-31.24],[25.47,-31.24],[25.47,-31.25],[25.46,-31.26],[25.45,-31.26],[25.44,-31.25],[25.44,-31.24],[25.43,-31.24],[25.44,-31.23],[25.43,-31.23],[25.42,-31.22],[25.41,-31.22],[25.4,-31.21],[25.39,-31.21],[25.39,-31.22],[25.38,-31.2]]]]},"properties":{"name":"Joe Gqabi District"}},{"type":"Feature","geometry":{"type":"MultiPolygon","coordinates":[[[[21.77,-26.7],[21.77,-26.69],[21.78,-26.68],[21.79,-26.68],[21.79,-26.67],[21.8,-26.67],[21.81,-26.67],[21.82,-26.66],[21.83,-26.66],[21.84,-26.66],[21.85,-26.66],[21.85,-26.67],[21.86,-26.67],[21.87,-26.67],[21.88,-26.67],[21.89,-26.67],[21.9,-26.67],[21.91,-26.67],[21.92,-26.67],[21.93,-26.66],[21.93,-26.67],[21.94,-26.67],[21.95,-26.67],[21.96,-26.67],[21.96,-26.66],[21.97,-26.66],[21.98,-26.66],[21.98,-26.65],[21.99,-26.65],[22.0,-26.65],[22.01,-26.65],[22.01,-26.64],[22.02,-26.64],[22.03,-26.63],[22.04,-26.63],[22.04,-26.64],[22.05,-26.64],[22.05,-26.63],[22.06,-26.63],[22.06,-26.62],[22.07,-26.61],[22.07,-26.6],[22.07,-26.59],[22.08,-26.59],[22.08,-26.58],[22.09,-26.57],[22.1,-26.57],[22.1,-26.56],[22.1,-26.55],[22.11,-26.55],[22.12,-26.55],[22.13,-26.55],[22.13,-26.54],[22.13,-26.53],[22.13,-26.52],[22.14,-26.52],[22.15,-26.52],[22.15,-26.51],[22.16,-26.51],[22.17,-26.5],[22.16,-26.5],[22.16,-26.49],[22.16,-26.48],[22.17,-26.48],[22.17,-26.47],[22.18,-26.47],[22.18,-26.46],[22.19,-26.46],[22.18,-26.46],[22.18,-26.45],[22.18,-26.44],[22.19,-26.44],[22.19,-26.43],[22.2,-26.43],[22.2,-26.42],[22.2,-26.41],[22.19,-26.41],[22.19,-26.4],[22.19,-26.39],[22.2,-26.39],[22.21,-26.39],[22.22,-26.38],[22.23,-26.38],[22.23,-26.37],[22.24,-26.37],[22.24,-26.36],[22.24,-26.35],[22.25,-26.35],[22.26,-26.35],[22.27,-26.35],[22.27,-26.34],[22.28,-26.34],[22.29,-26.34],[22.3,-26.34],[22.31,-26.34],[22.32,-26.34],[22.32,-26.33],[22.32,-26.32],[22.33,-26.32],[22.34,-26.32],[22.35,-26.32],[22.35,-26.33],[22.36,-26.33],[22.36,-26.32],[22.37,-26.32],[22.37,-26.31],[22.37,-26.3],[22.36,-26.3],[22.36,-26.29],[22.36,-26.28],[22.37,-26.28],[22.38,-26.29],[22.39,-26.29],[22.39,-26.28],[22.4,-26.28],[22.4,-26.27],[22.41,-26.27],[22.41,-26.26],[22.4,-26.26],[22.4,-26.25],[22.4,-26.24],[22.41,-26.24],[22.42,-26.24],[22.42,-26.23],[22.42,-26.22],[22.43,-26.22],[22.43,-26.23],[22.44,-26.23],[22.45,-26.23],[22.46,-26.23],[22.46,-26.22],[22.46,-26.21],[22.47,-26.21],[22.47,-26.2],[22.48,-26.2],[22.49,-26.21],[22.5,-26.21],[22.51,-26.21],[22.51,-26.22],[22.52,-26.22],[22.53,-26.23],[22.54,-26.23],[22.55,-26.23],[22.55,-26.22],[22.56,-26.22],[22.56,-26.21],[22.57,-26.2],[22.58,-26.2],[22.58,-26.19],[22.58,-26.18],[22.58,-26.17],[22.58,-26.16],[22.58,-26.15],[22.58,-26.14],[22.59,-26.14],[22.59,-26.15],[22.6,-26.15],[22.61,-26.15],[22.61,-26.14],[22.61,-26.13],[22.62,-26.12],[22.63,-26.12],[22.7,-26.12],[22.7,-26.14],[22.7,-26.15],[22.7,-26.17],[22.7,-26.18],[22.7,-26.21],[22.71,-26.23],[22.71,-26.25],[22.71,-26.3],[22.71,-26.33],[22.71,-26.35],[22.71,-26.36],[22.71,-26.37],[22.71,-26.41],[22.74,-26.42],[22.8,-26.45],[22.82,-26.43],[22.84,-26.39],[22.85,-26.38],[22.85,-26.36],[22.86,-26.32],[22.87,-26.3],[22.87,-26.28],[22.88,-26.28],[22.88,-26.26],[22.9,-26.21],[22.91,-26.15],[22.98,-26.15],[22.99,-26.09],[23.06,-26.1],[23.08,-26.06],[23.09,-26.04],[23.09,-26.0],[23.09,-25.99],[23.09,-25.98],[23.16,-25.99],[23.17,-25.99],[23.24,-25.99],[23.25,-25.99],[23.27,-25.99],[23.32,-25.99],[23.33,-26.0],[23.39,-26.01],[23.38,-26.02],[23.35,-26.09],[23.31,-26.07],[23.3,-26.07],[23.23,-26.05],[23.22,-26.12],[23.25,-26.11],[23.31,-26.14],[23.26,-26.2],[23.22,-26.27],[23.24,-26.29],[23.28,-26.34],[23.27,-26.44],[23.27,-26.49],[23.36,-26.51],[23.42,-26.52],[23.46,-26.53],[23.47,-26.53],[23.49,-26.55],[23.5,-26.56],[23.51,-26.56],[23.53,-26.58],[23.54,-26.59],[23.55,-26.59],[23.56,-26.6],[23.58,-26.62],[23.58,-26.63],[23.55,-26.66],[23.5,-26.73],[23.49,-26.74],[23.5,-26.74],[23.5,-26.75],[23.51,-26.75],[23.52,-26.75],[23.52,-26.76],[23.53,-26.76],[23.54,-26.76],[23.55,-26.77],[23.56,-26.77],[23.57,-26.77],[23.57,-26.78],[23.58,-26.78],[23.59,-26.78],[23.6,-26.78],[23.6,-26.79],[23.61,-26.79],[23.62,-26.79],[23.63,-26.8],[23.64,-26.8],[23.65,-26.81],[23.66,-26.81],[23.67,-26.81],[23.68,-26.82],[23.69,-26.82],[23.7,-26.82],[23.71,-26.82],[23.71,-26.83],[23.72,-26.83],[23.73,-26.83],[23.74,-26.83],[23.74,-26.84],[23.75,-26.84],[23.76,-26.84],[23.77,-26.84],[23.77,-26.85],[23.78,-26.85],[23.79,-26.86],[23.8,-26.86],[23.81,-26.87],[23.82,-26.87],[23.82,-26.88],[23.83,-26.88],[23.84,-26.88],[23.84,-26.89],[23.85,-26.89],[23.86,-26.88],[23.86,-26.87],[23.87,-26.86],[23.88,-26.86],[23.89,-26.86],[23.9,-26.86],[23.91,-26.86],[23.92,-26.86],[23.93,-26.87],[23.94,-26.88],[23.95,-26.88],[23.95,-26.89],[23.96,-26.89],[23.96,-26.9],[23.97,-26.9],[23.97,-26.89],[23.97,-26.9],[23.98,-26.9],[23.98,-26.91],[23.98,-26.92],[23.99,-26.92],[23.99,-26.93],[24.0,-26.93],[24.0,-26.94],[24.01,-26.96],[24.01,-26.97],[24.02,-26.97],[24.02,-26.98],[24.02,-26.99],[24.03,-27.0],[24.03,-27.01],[24.03,-27.02],[24.03,-27.03],[24.03,-27.04],[24.04,-27.04],[24.04,-27.05],[24.02,-27.06],[24.01,-27.07],[24.0,-27.07],[23.99,-27.07],[23.98,-27.08],[23.97,-27.09],[23.97,-27.1],[23.96,-27.12],[23.95,-27.14],[23.95,-27.15],[23.94,-27.17],[23.93,-27.17],[23.93,-27.18],[23.92,-27.2],[23.92,-27.21],[23.91,-27.23],[23.9,-27.24],[23.9,-27.25],[23.91,-27.26],[23.92,-27.27],[23.93,-27.27],[23.94,-27.28],[23.95,-27.28],[23.96,-27.29],[23.97,-27.29],[23.97,-27.3],[23.98,-27.3],[23.99,-27.31],[24.01,-27.32],[24.04,-27.34],[24.06,-27.35],[24.07,-27.36],[24.09,-27.35],[24.08,-27.36],[24.07,-27.39],[24.07,-27.4],[24.07,-27.41],[24.06,-27.43],[24.06,-27.44],[24.05,-27.46],[24.05,-27.49],[24.06,-27.51],[24.05,-27.51],[24.05,-27.52],[24.05,-27.53],[24.05,-27.56],[24.05,-27.59],[24.05,-27.6],[24.12,-27.62],[24.11,-27.63],[24.11,-27.64],[24.11,-27.65],[24.1,-27.65],[24.1,-27.66],[24.1,-27.67],[24.1,-27.68],[24.1,-27.69],[24.1,-27.7],[24.09,-27.7],[24.1,-27.71],[24.1,-27.72],[24.11,-27.73],[24.11,-27.74],[24.1,-27.74],[24.07,-27.75],[24.06,-27.75],[24.04,-27.75],[24.02,-27.76],[24.01,-27.76],[24.0,-27.76],[23.98,-27.77],[23.97,-27.77],[23.96,-27.77],[23.94,-27.77],[23.93,-27.77],[23.91,-27.78],[23.9,-27.78],[23.88,-27.78],[23.86,-27.79],[23.85,-27.79],[23.84,-27.79],[23.83,-27.79],[23.82,-27.8],[23.8,-27.8],[23.78,-27.81],[23.76,-27.81],[23.74,-27.81],[23.72,-27.82],[23.7,-27.82],[23.69,-27.82],[23.67,-27.83],[23.64,-27.83],[23.61,-27.86],[23.59,-27.87],[23.58,-27.88],[23.56,-27.9],[23.5,-27.92],[23.47,-27.94],[23.44,-27.96],[23.43,-27.94],[23.43,-27.93],[23.42,-27.92],[23.4,-27.92],[23.39,-27.93],[23.36,-27.94],[23.36,-27.93],[23.35,-27.9],[23.32,-27.92],[23.31,-27.93],[23.3,-27.94],[23.27,-27.94],[23.27,-27.95],[23.22,-27.95],[23.18,-27.96],[23.16,-27.96],[23.14,-27.96],[23.11,-27.96],[23.11,-27.93],[23.1,-27.91],[23.1,-27.9],[23.1,-27.89],[23.06,-27.88],[23.04,-27.89],[23.04,-27.88],[23.02,-27.86],[23.01,-27.87],[23.01,-27.88],[22.99,-27.9],[22.98,-27.9],[22.96,-27.9],[22.95,-27.89],[22.93,-27.89],[22.9,-27.91],[22.89,-27.91],[22.88,-27.92],[22.87,-27.92],[22.86,-27.93],[22.85,-27.93],[22.85,-27.94],[22.84,-27.94],[22.83,-27.96],[22.82,-27.96],[22.81,-27.97],[22.8,-27.97],[22.79,-27.97],[22.78,-27.98],[22.77,-27.98],[22.75,-27.99],[22.72,-27.99],[22.71,-27.99],[22.68,-27.98],[22.67,-27.98],[22.64,-27.99],[22.65,-27.97],[22.64,-27.94],[22.66,-27.94],[22.67,-27.94],[22.72,-27.93],[22.73,-27.93],[22.74,-27.93],[22.75,-27.93],[22.76,-27.93],[22.78,-27.92],[22.8,-27.91],[22.79,-27.9],[22.79,-27.89],[22.75,-27.86],[22.74,-27.85],[22.75,-27.85],[22.78,-27.85],[22.82,-27.83],[22.8,-27.79],[22.78,-27.77],[22.77,-27.75],[22.76,-27.74],[22.75,-27.73],[22.73,-27.72],[22.72,-27.71],[22.72,-27.7],[22.7,-27.69],[22.69,-27.68],[22.67,-27.67],[22.7,-27.67],[22.71,-27.61],[22.71,-27.59],[22.71,-27.58],[22.71,-27.55],[22.72,-27.5],[22.72,-27.48],[22.72,-27.46],[22.69,-27.45],[22.67,-27.45],[22.67,-27.39],[22.68,-27.35],[22.65,-27.35],[22.65,-27.34],[22.65,-27.31],[22.67,-27.3],[22.68,-27.28],[22.69,-27.27],[22.67,-27.25],[22.65,-27.24],[22.62,-27.26],[22.57,-27.27],[22.54,-27.27],[22.54,-27.28],[22.49,-27.28],[22.48,-27.28],[22.47,-27.28],[22.4,-27.28],[22.4,-27.26],[22.39,-27.26],[22.38,-27.26],[22.34,-27.26],[22.34,-27.23],[22.33,-27.17],[22.33,-27.12],[22.32,-27.08],[22.25,-27.04],[22.23,-27.07],[22.21,-27.09],[22.2,-27.09],[22.19,-27.07],[22.17,-27.05],[22.15,-27.03],[22.11,-26.98],[22.1,-26.99],[22.1,-27.0],[22.11,-26.99],[22.11,-27.0],[22.14,-27.04],[22.12,-27.07],[22.06,-27.1],[22.03,-27.1],[22.0,-27.11],[22.0,-27.03],[22.0,-27.02],[21.99,-27.02],[21.96,-26.97],[21.95,-26.95],[21.93,-26.96],[21.92,-26.96],[21.91,-26.95],[21.91,-26.94],[21.91,-26.93],[21.9,-26.91],[21.87,-26.86],[21.83,-26.8],[21.83,-26.79],[21.81,-26.77],[21.8,-26.77],[21.79,-26.77],[21.79,-26.76],[21.79,-26.75],[21.78,-26.75],[21.79,-26.74],[21.79,-26.73],[21.79,-26.72],[21.78,-26.72],[21.78,-26.71],[21.77,-26.71],[21.77,-26.7]]]]},"properties":{"name":"John Taolo Gaetsewe District"}},{"type":"Feature","geometry":{"type":"MultiPolygon","coordinates":[[[[24.8,-28.85],[24.8,-28.83],[24.8,-28.82],[24.81,-28.82],[24.81,-28.81],[24.82,-28.8],[24.82,-28.79],[24.83,-28.78],[24.83,-28.77],[24.84,-28.76],[24.84,-28.75],[24.85,-28.75],[24.85,-28.74],[24.85,-28.73],[24.86,-28.73],[24.86,-28.72],[24.87,-28.71],[24.87,-28.7],[24.88,-28.69],[24.88,-28.68],[24.89,-28.68],[24.89,-28.67],[24.89,-28.66],[24.9,-28.66],[24.9,-28.65],[24.89,-28.65],[24.89,-28.64],[24.88,-28.64],[24.87,-28.64],[24.86,-28.64],[24.85,-28.63],[24.84,-28.63],[24.83,-28.63],[24.83,-28.62],[24.83,-28.61],[24.84,-28.61],[24.84,-28.6],[24.85,-28.58],[24.85,-28.55],[24.86,-28.54],[24.87,-28.52],[24.85,-28.5],[24.86,-28.49],[24.86,-28.48],[24.87,-28.47],[24.88,-28.46],[24.89,-28.46],[24.89,-28.45],[24.9,-28.44],[24.9,-28.43],[24.91,-28.41],[24.92,-28.38],[24.92,-28.37],[24.93,-28.35],[24.93,-28.34],[24.94,-28.32],[24.93,-28.32],[24.92,-28.32],[24.91,-28.32],[24.9,-28.31],[24.89,-28.31],[24.88,-28.29],[24.88,-28.28],[24.87,-28.28],[24.87,-28.27],[24.88,-28.27],[24.9,-28.27],[24.91,-28.27],[24.91,-28.26],[24.92,-28.26],[24.92,-28.25],[24.93,-28.25],[24.94,-28.25],[24.95,-28.25],[24.96,-28.25],[24.97,-28.25],[24.97,-28.24],[24.98,-28.22],[24.98,-28.2],[24.99,-28.17],[25.0,-28.16],[25.0,-28.15],[25.01,-28.12],[25.02,-28.09],[25.03,-28.08],[25.03,-28.07],[25.04,-28.07],[25.05,-28.07],[25.06,-28.07],[25.07,-28.07],[25.07,-28.06],[25.08,-28.06],[25.08,-28.05],[25.08,-28.04],[25.09,-28.04],[25.09,-28.03],[25.1,-28.03],[25.1,-28.02],[25.11,-28.02],[25.11,-28.01],[25.1,-28.0],[25.1,-27.99],[25.09,-27.99],[25.09,-27.98],[25.1,-27.98],[25.1,-27.97],[25.11,-27.97],[25.11,-27.96],[25.12,-27.96],[25.12,-27.95],[25.13,-27.95],[25.13,-27.94],[25.13,-27.93],[25.13,-27.92],[25.14,-27.92],[25.14,-27.93],[25.15,-27.93],[25.16,-27.93],[25.16,-27.92],[25.17,-27.92],[25.18,-27.92],[25.18,-27.91],[25.19,-27.91],[25.19,-27.9],[25.19,-27.89],[25.2,-27.89],[25.21,-27.88],[25.22,-27.88],[25.23,-27.88],[25.24,-27.87],[25.25,-27.87],[25.25,-27.86],[25.26,-27.86],[25.26,-27.85],[25.25,-27.85],[25.24,-27.85],[25.24,-27.84],[25.24,-27.83],[25.25,-27.83],[25.26,-27.83],[25.26,-27.82],[25.26,-27.81],[25.27,-27.81],[25.27,-27.8],[25.28,-27.8],[25.28,-27.79],[25.29,-27.79],[25.3,-27.79],[25.31,-27.79],[25.31,-27.8],[25.32,-27.8],[25.32,-27.79],[25.33,-27.79],[25.34,-27.79],[25.34,-27.78],[25.35,-27.78],[25.35,-27.77],[25.35,-27.76],[25.36,-27.76],[25.36,-27.75],[25.37,-27.75],[25.38,-27.74],[25.39,-27.74],[25.39,-27.73],[25.4,-27.73],[25.41,-27.72],[25.42,-27.72],[25.43,-27.72],[25.44,-27.72],[25.45,-27.72],[25.45,-27.71],[25.46,-27.71],[25.47,-27.71],[25.47,-27.7],[25.48,-27.7],[25.48,-27.69],[25.49,-27.69],[25.5,-27.69],[25.51,-27.69],[25.52,-27.69],[25.53,-27.69],[25.54,-27.69],[25.55,-27.69],[25.56,-27.69],[25.56,-27.68],[25.57,-27.68],[25.57,-27.67],[25.58,-27.67],[25.58,-27.66],[25.59,-27.66],[25.59,-27.65],[25.6,-27.65],[25.6,-27.66],[25.61,-27.66],[25.61,-27.67],[25.62,-27.67],[25.63,-27.67],[25.63,-27.68],[25.64,-27.68],[25.64,-27.69],[25.65,-27.69],[25.66,-27.69],[25.67,-27.69],[25.67,-27.68],[25.68,-27.68],[25.68,-27.67],[25.68,-27.66],[25.68,-27.65],[25.68,-27.64],[25.68,-27.63],[25.69,-27.63],[25.7,-27.62],[25.7,-27.63],[25.71,-27.63],[25.71,-27.62],[25.72,-27.62],[25.72,-27.61],[25.73,-27.61],[25.74,-27.61],[25.74,-27.6],[25.75,-27.6],[25.76,-27.6],[25.77,-27.6],[25.77,-27.59],[25.78,-27.59],[25.78,-27.58],[25.79,-27.58],[25.8,-27.58],[25.81,-27.58],[25.81,-27.57],[25.82,-27.57],[25.83,-27.57],[25.83,-27.58],[25.84,-27.58],[25.84,-27.59],[25.85,-27.59],[25.85,-27.6],[25.84,-27.6],[25.84,-27.61],[25.85,-27.61],[25.85,-27.62],[25.86,-27.62],[25.86,-27.63],[25.87,-27.63],[25.88,-27.63],[25.89,-27.63],[25.89,-27.62],[25.9,-27.62],[25.9,-27.61],[25.89,-27.61],[25.9,-27.61],[25.91,-27.61],[25.92,-27.61],[25.92,-27.6],[25.93,-27.6],[25.93,-27.61],[25.94,-27.61],[25.94,-27.62],[25.94,-27.63],[25.95,-27.63],[25.96,-27.63],[25.97,-27.63],[25.97,-27.62],[25.97,-27.63],[25.98,-27.63],[25.98,-27.64],[25.99,-27.64],[26.0,-27.64],[26.0,-27.65],[26.01,-27.65],[26.01,-27.66],[26.01,-27.67],[26.01,-27.68],[26.01,-27.69],[26.01,-27.7],[26.0,-27.7],[26.0,-27.71],[26.01,-27.71],[26.01,-27.72],[26.02,-27.72],[26.02,-27.73],[26.03,-27.73],[26.03,-27.74],[26.04,-27.74],[26.04,-27.73],[26.05,-27.73],[26.05,-27.72],[26.06,-27.72],[26.07,-27.72],[26.07,-27.71],[26.08,-27.71],[26.08,-27.7],[26.09,-27.7],[26.09,-27.69],[26.09,-27.68],[26.08,-27.68],[26.07,-27.68],[26.06,-27.68],[26.06,-27.67],[26.05,-27.67],[26.06,-27.67],[26.06,-27.66],[26.07,-27.66],[26.08,-27.65],[26.09,-27.65],[26.09,-27.64],[26.08,-27.64],[26.08,-27.63],[26.08,-27.62],[26.07,-27.62],[26.08,-27.62],[26.08,-27.61],[26.08,-27.6],[26.08,-27.59],[26.09,-27.59],[26.1,-27.59],[26.1,-27.6],[26.11,-27.6],[26.11,-27.59],[26.12,-27.59],[26.12,-27.58],[26.12,-27.57],[26.13,-27.57],[26.13,-27.56],[26.14,-27.56],[26.15,-27.56],[26.16,-27.56],[26.16,-27.55],[26.17,-27.55],[26.17,-27.54],[26.17,-27.53],[26.18,-27.53],[26.19,-27.53],[26.19,-27.52],[26.2,-27.52],[26.21,-27.52],[26.22,-27.52],[26.22,-27.51],[26.23,-27.51],[26.23,-27.5],[26.23,-27.49],[26.22,-27.49],[26.22,-27.48],[26.22,-27.47],[26.23,-27.47],[26.23,-27.46],[26.23,-27.45],[26.24,-27.45],[26.24,-27.44],[26.24,-27.43],[26.25,-27.43],[26.26,-27.43],[26.26,-27.42],[26.27,-27.42],[26.28,-27.42],[26.29,-27.42],[26.3,-27.42],[26.31,-27.42],[26.31,-27.43],[26.32,-27.43],[26.33,-27.43],[26.33,-27.42],[26.33,-27.41],[26.33,-27.4],[26.34,-27.4],[26.34,-27.39],[26.35,-27.39],[26.36,-27.39],[26.37,-27.39],[26.37,-27.38],[26.37,-27.39],[26.38,-27.39],[26.39,-27.39],[26.4,-27.39],[26.4,-27.4],[26.41,-27.4],[26.42,-27.4],[26.42,-27.41],[26.43,-27.41],[26.43,-27.4],[26.44,-27.4],[26.44,-27.39],[26.45,-27.39],[26.46,-27.39],[26.47,-27.39],[26.48,-27.39],[26.49,-27.39],[26.49,-27.4],[26.5,-27.4],[26.51,-27.4],[26.51,-27.39],[26.51,-27.38],[26.5,-27.38],[26.49,-27.38],[26.48,-27.38],[26.48,-27.37],[26.47,-27.37],[26.46,-27.37],[26.46,-27.36],[26.45,-27.36],[26.45,-27.35],[26.45,-27.34],[26.46,-27.34],[26.46,-27.33],[26.46,-27.32],[26.47,-27.32],[26.47,-27.31],[26.48,-27.31],[26.49,-27.31],[26.48,-27.31],[26.48,-27.32],[26.49,-27.32],[26.49,-27.31],[26.49,-27.3],[26.49,-27.29],[26.49,-27.28],[26.5,-27.28],[26.5,-27.27],[26.5,-27.26],[26.49,-27.26],[26.49,-27.25],[26.48,-27.25],[26.48,-27.24],[26.47,-27.24],[26.47,-27.23],[26.46,-27.23],[26.46,-27.22],[26.45,-27.22],[26.44,-27.22],[26.44,-27.21],[26.44,-27.2],[26.43,-27.2],[26.43,-27.19],[26.43,-27.18],[26.42,-27.18],[26.42,-27.17],[26.42,-27.16],[26.43,-27.15],[26.44,-27.15],[26.45,-27.15],[26.45,-27.16],[26.46,-27.16],[26.47,-27.16],[26.47,-27.15],[26.48,-27.15],[26.48,-27.14],[26.48,-27.13],[26.49,-27.13],[26.5,-27.13],[26.51,-27.13],[26.51,-27.12],[26.52,-27.12],[26.52,-27.11],[26.52,-27.1],[26.52,-27.11],[26.54,-27.12],[26.56,-27.16],[26.58,-27.18],[26.59,-27.18],[26.6,-27.18],[26.61,-27.18],[26.62,-27.18],[26.63,-27.17],[26.64,-27.17],[26.64,-27.18],[26.65,-27.19],[26.66,-27.19],[26.67,-27.19],[26.68,-27.19],[26.69,-27.21],[26.7,-27.21],[26.7,-27.22],[26.72,-27.22],[26.74,-27.21],[26.74,-27.22],[26.73,-27.23],[26.73,-27.24],[26.73,-27.25],[26.72,-27.26],[26.71,-27.27],[26.71,-27.28],[26.72,-27.28],[26.73,-27.27],[26.74,-27.29],[26.75,-27.29],[26.76,-27.28],[26.76,-27.29],[26.76,-27.3],[26.75,-27.3],[26.74,-27.3],[26.75,-27.31],[26.74,-27.32],[26.75,-27.33],[26.76,-27.35],[26.74,-27.34],[26.73,-27.35],[26.72,-27.35],[26.71,-27.35],[26.7,-27.35],[26.7,-27.36],[26.7,-27.37],[26.7,-27.4],[26.71,-27.4],[26.72,-27.4],[26.73,-27.4],[26.74,-27.4],[26.75,-27.4],[26.75,-27.41],[26.75,-27.42],[26.75,-27.43],[26.76,-27.43],[26.76,-27.44],[26.77,-27.44],[26.79,-27.45],[26.78,-27.45],[26.77,-27.46],[26.79,-27.51],[26.78,-27.51],[26.77,-27.52],[26.77,-27.51],[26.76,-27.51],[26.77,-27.51],[26.77,-27.52],[26.76,-27.52],[26.76,-27.51],[26.75,-27.51],[26.75,-27.52],[26.76,-27.52],[26.76,-27.53],[26.76,-27.54],[26.76,-27.55],[26.76,-27.56],[26.76,-27.57],[26.77,-27.57],[26.78,-27.58],[26.79,-27.58],[26.8,-27.58],[26.81,-27.58],[26.82,-27.59],[26.84,-27.58],[26.86,-27.59],[26.87,-27.59],[26.88,-27.58],[26.89,-27.58],[26.87,-27.53],[26.88,-27.53],[26.89,-27.52],[26.91,-27.52],[26.92,-27.52],[26.94,-27.52],[26.95,-27.52],[26.95,-27.53],[26.93,-27.56],[26.94,-27.56],[26.95,-27.56],[26.95,-27.55],[26.96,-27.55],[26.96,-27.56],[26.97,-27.56],[26.97,-27.57],[26.98,-27.57],[26.98,-27.58],[26.99,-27.58],[27.0,-27.58],[27.0,-27.59],[27.01,-27.59],[27.01,-27.6],[27.02,-27.6],[27.01,-27.6],[27.01,-27.61],[27.0,-27.61],[27.0,-27.62],[26.99,-27.62],[26.98,-27.63],[26.97,-27.64],[26.98,-27.65],[26.99,-27.65],[26.99,-27.66],[27.0,-27.66],[27.01,-27.67],[26.99,-27.68],[26.97,-27.69],[26.97,-27.7],[26.98,-27.7],[26.99,-27.71],[27.0,-27.71],[27.0,-27.72],[27.02,-27.71],[27.03,-27.72],[27.02,-27.73],[27.03,-27.74],[27.04,-27.74],[27.04,-27.75],[27.05,-27.76],[27.07,-27.77],[27.07,-27.78],[27.07,-27.79],[27.08,-27.79],[27.05,-27.8],[27.04,-27.81],[27.05,-27.83],[27.05,-27.85],[27.05,-27.86],[27.06,-27.86],[27.07,-27.88],[27.08,-27.89],[27.09,-27.89],[27.11,-27.9],[27.13,-27.92],[27.14,-27.92],[27.15,-27.92],[27.16,-27.92],[27.16,-27.93],[27.17,-27.93],[27.17,-27.91],[27.18,-27.91],[27.18,-27.92],[27.19,-27.91],[27.19,-27.9],[27.2,-27.9],[27.21,-27.91],[27.22,-27.92],[27.22,-27.91],[27.23,-27.91],[27.24,-27.91],[27.25,-27.91],[27.26,-27.91],[27.26,-27.92],[27.27,-27.92],[27.28,-27.92],[27.29,-27.92],[27.29,-27.93],[27.29,-27.94],[27.3,-27.95],[27.3,-27.96],[27.32,-27.95],[27.34,-27.95],[27.36,-27.93],[27.36,-27.94],[27.37,-27.95],[27.37,-27.96],[27.36,-27.97],[27.36,-27.98],[27.36,-28.0],[27.37,-28.0],[27.38,-28.01],[27.37,-28.02],[27.38,-28.02],[27.39,-28.02],[27.4,-28.02],[27.4,-28.01],[27.4,-28.02],[27.41,-28.03],[27.41,-28.02],[27.42,-28.02],[27.43,-28.02],[27.42,-28.04],[27.43,-28.04],[27.43,-28.05],[27.44,-28.06],[27.44,-28.07],[27.45,-28.07],[27.45,-28.08],[27.46,-28.08],[27.46,-28.09],[27.46,-28.1],[27.47,-28.1],[27.47,-28.11],[27.43,-28.11],[27.41,-28.1],[27.41,-28.11],[27.39,-28.14],[27.39,-28.15],[27.39,-28.16],[27.38,-28.16],[27.37,-28.17],[27.37,-28.18],[27.38,-28.18],[27.38,-28.19],[27.38,-28.2],[27.39,-28.2],[27.39,-28.21],[27.38,-28.22],[27.36,-28.22],[27.35,-28.22],[27.34,-28.23],[27.33,-28.23],[27.32,-28.24],[27.32,-28.27],[27.31,-28.26],[27.3,-28.26],[27.3,-28.27],[27.29,-28.27],[27.28,-28.28],[27.27,-28.28],[27.26,-28.28],[27.26,-28.27],[27.25,-28.27],[27.25,-28.26],[27.24,-28.25],[27.23,-28.24],[27.22,-28.25],[27.19,-28.26],[27.17,-28.27],[27.16,-28.27],[27.15,-28.26],[27.15,-28.27],[27.14,-28.27],[27.14,-28.28],[27.13,-28.28],[27.11,-28.28],[27.12,-28.27],[27.12,-28.26],[27.13,-28.26],[27.12,-28.26],[27.1,-28.28],[27.09,-28.27],[27.09,-28.28],[27.09,-28.29],[27.07,-28.3],[27.07,-28.32],[27.07,-28.33],[27.07,-28.34],[27.06,-28.35],[27.05,-28.37],[27.04,-28.4],[27.05,-28.4],[27.07,-28.42],[27.07,-28.41],[27.09,-28.41],[27.09,-28.4],[27.1,-28.4],[27.11,-28.4],[27.11,-28.41],[27.11,-28.42],[27.11,-28.43],[27.1,-28.44],[27.12,-28.45],[27.11,-28.46],[27.12,-28.46],[27.14,-28.48],[27.16,-28.48],[27.19,-28.48],[27.18,-28.49],[27.17,-28.51],[27.18,-28.51],[27.17,-28.52],[27.16,-28.52],[27.15,-28.52],[27.15,-28.53],[27.15,-28.54],[27.15,-28.55],[27.16,-28.56],[27.17,-28.56],[27.2,-28.58],[27.21,-28.58],[27.21,-28.59],[27.21,-28.6],[27.22,-28.6],[27.21,-28.62],[27.2,-28.62],[27.19,-28.62],[27.21,-28.63],[27.2,-28.64],[27.2,-28.65],[27.2,-28.66],[27.19,-28.67],[27.2,-28.68],[27.19,-28.7],[27.2,-28.7],[27.21,-28.71],[27.2,-28.72],[27.2,-28.73],[27.18,-28.75],[27.17,-28.76],[27.18,-28.77],[27.17,-28.77],[27.18,-28.77],[27.18,-28.78],[27.19,-28.78],[27.2,-28.78],[27.21,-28.78],[27.21,-28.77],[27.19,-28.81],[27.19,-28.8],[27.18,-28.8],[27.18,-28.79],[27.17,-28.79],[27.17,-28.78],[27.16,-28.78],[27.16,-28.77],[27.16,-28.76],[27.15,-28.76],[27.15,-28.75],[27.16,-28.75],[27.15,-28.75],[27.16,-28.75],[27.16,-28.74],[27.15,-28.74],[27.16,-28.74],[27.16,-28.73],[27.15,-28.73],[27.14,-28.73],[27.13,-28.74],[27.12,-28.75],[27.11,-28.77],[27.1,-28.76],[27.08,-28.76],[27.08,-28.77],[27.06,-28.76],[27.05,-28.77],[27.04,-28.77],[27.04,-28.76],[27.03,-28.76],[27.03,-28.75],[27.03,-28.74],[27.02,-28.74],[27.02,-28.75],[27.01,-28.75],[27.0,-28.75],[26.99,-28.75],[26.98,-28.75],[26.97,-28.75],[26.96,-28.75],[26.95,-28.75],[26.93,-28.76],[26.92,-28.76],[26.91,-28.76],[26.91,-28.77],[26.91,-28.78],[26.9,-28.79],[26.9,-28.8],[26.89,-28.82],[26.88,-28.82],[26.88,-28.83],[26.88,-28.84],[26.87,-28.84],[26.87,-28.85],[26.87,-28.86],[26.86,-28.86],[26.86,-28.87],[26.86,-28.88],[26.85,-28.89],[26.85,-28.9],[26.83,-28.91],[26.82,-28.92],[26.82,-28.93],[26.81,-28.93],[26.81,-28.94],[26.8,-28.94],[26.8,-28.95],[26.79,-28.95],[26.79,-28.96],[26.78,-28.97],[26.77,-28.98],[26.76,-28.99],[26.76,-29.0],[26.75,-29.0],[26.76,-29.0],[26.76,-29.01],[26.78,-29.01],[26.78,-29.02],[26.77,-29.03],[26.76,-29.03],[26.76,-29.04],[26.75,-29.04],[26.75,-29.05],[26.74,-29.06],[26.73,-29.07],[26.73,-29.08],[26.72,-29.08],[26.72,-29.09],[26.71,-29.09],[26.72,-29.07],[26.71,-29.07],[26.7,-29.07],[26.69,-29.07],[26.68,-29.07],[26.68,-29.08],[26.67,-29.09],[26.66,-29.08],[26.66,-29.07],[26.65,-29.07],[26.64,-29.07],[26.64,-29.06],[26.63,-29.06],[26.63,-29.05],[26.62,-29.02],[26.62,-29.01],[26.61,-29.01],[26.6,-29.0],[26.59,-28.99],[26.58,-28.99],[26.58,-28.98],[26.58,-28.99],[26.57,-28.99],[26.57,-28.97],[26.55,-28.97],[26.55,-28.98],[26.54,-28.99],[26.53,-28.99],[26.53,-29.0],[26.52,-29.0],[26.52,-28.99],[26.52,-28.98],[26.51,-28.98],[26.5,-28.98],[26.5,-28.97],[26.49,-28.97],[26.49,-28.96],[26.48,-28.96],[26.48,-28.95],[26.47,-28.95],[26.46,-28.95],[26.45,-28.96],[26.44,-28.96],[26.43,-28.96],[26.43,-28.97],[26.43,-28.98],[26.43,-28.99],[26.42,-28.99],[26.41,-28.99],[26.4,-28.99],[26.4,-28.98],[26.39,-28.98],[26.38,-28.98],[26.38,-28.97],[26.37,-28.97],[26.37,-28.96],[26.36,-28.96],[26.35,-28.96],[26.36,-28.95],[26.37,-28.94],[26.36,-28.94],[26.36,-28.93],[26.36,-28.92],[26.35,-28.91],[26.34,-28.91],[26.34,-28.9],[26.33,-28.9],[26.33,-28.91],[26.32,-28.91],[26.32,-28.92],[26.32,-28.93],[26.31,-28.93],[26.31,-28.94],[26.3,-28.94],[26.29,-28.94],[26.28,-28.94],[26.27,-28.94],[26.27,-28.93],[26.26,-28.93],[26.26,-28.92],[26.27,-28.92],[26.27,-28.91],[26.26,-28.91],[26.25,-28.91],[26.25,-28.9],[26.26,-28.9],[26.25,-28.9],[26.25,-28.89],[26.24,-28.89],[26.24,-28.88],[26.23,-28.88],[26.23,-28.87],[26.22,-28.87],[26.21,-28.87],[26.21,-28.86],[26.2,-28.86],[26.2,-28.85],[26.19,-28.85],[26.2,-28.85],[26.2,-28.84],[26.19,-28.84],[26.19,-28.85],[26.18,-28.85],[26.18,-28.84],[26.17,-28.84],[26.17,-28.85],[26.16,-28.85],[26.16,-28.84],[26.15,-28.84],[26.15,-28.83],[26.15,-28.82],[26.14,-28.82],[26.15,-28.82],[26.15,-28.81],[26.14,-28.81],[26.13,-28.81],[26.13,-28.82],[26.13,-28.81],[26.12,-28.81],[26.11,-28.81],[26.1,-28.8],[26.1,-28.81],[26.09,-28.81],[26.09,-28.82],[26.09,-28.81],[26.08,-28.81],[26.07,-28.81],[26.07,-28.82],[26.06,-28.82],[26.06,-28.81],[26.06,-28.82],[26.05,-28.82],[26.05,-28.83],[26.04,-28.83],[26.03,-28.83],[26.04,-28.83],[26.04,-28.84],[26.03,-28.84],[26.03,-28.85],[26.02,-28.85],[26.01,-28.85],[26.01,-28.86],[26.01,-28.87],[26.0,-28.87],[25.99,-28.87],[25.99,-28.88],[25.99,-28.87],[25.98,-28.87],[25.98,-28.86],[25.98,-28.85],[25.98,-28.84],[25.98,-28.83],[25.98,-28.82],[25.98,-28.81],[25.98,-28.8],[25.96,-28.81],[25.94,-28.82],[25.93,-28.83],[25.93,-28.82],[25.92,-28.81],[25.93,-28.8],[25.93,-28.79],[25.95,-28.76],[25.94,-28.76],[25.93,-28.77],[25.91,-28.76],[25.91,-28.77],[25.89,-28.77],[25.88,-28.76],[25.88,-28.77],[25.87,-28.77],[25.87,-28.78],[25.86,-28.78],[25.86,-28.79],[25.86,-28.8],[25.86,-28.81],[25.85,-28.82],[25.85,-28.83],[25.86,-28.84],[25.86,-28.85],[25.86,-28.86],[25.86,-28.87],[25.84,-28.86],[25.83,-28.86],[25.81,-28.85],[25.8,-28.89],[25.79,-28.89],[25.78,-28.89],[25.78,-28.9],[25.78,-28.89],[25.77,-28.89],[25.77,-28.9],[25.76,-28.9],[25.75,-28.9],[25.75,-28.91],[25.74,-28.91],[25.74,-28.9],[25.74,-28.91],[25.73,-28.91],[25.72,-28.91],[25.71,-28.91],[25.7,-28.91],[25.71,-28.91],[25.7,-28.91],[25.69,-28.91],[25.69,-28.9],[25.68,-28.9],[25.67,-28.9],[25.67,-28.89],[25.66,-28.89],[25.65,-28.89],[25.64,-28.89],[25.63,-28.89],[25.62,-28.89],[25.62,-28.9],[25.62,-28.89],[25.61,-28.89],[25.61,-28.88],[25.6,-28.88],[25.6,-28.87],[25.59,-28.87],[25.59,-28.88],[25.58,-28.88],[25.57,-28.88],[25.57,-28.87],[25.57,-28.88],[25.56,-28.88],[25.55,-28.88],[25.55,-28.87],[25.54,-28.87],[25.54,-28.86],[25.53,-28.85],[25.52,-28.85],[25.52,-28.86],[25.51,-28.86],[25.51,-28.87],[25.5,-28.87],[25.5,-28.88],[25.49,-28.88],[25.48,-28.88],[25.47,-28.88],[25.47,-28.89],[25.46,-28.89],[25.46,-28.9],[25.45,-28.9],[25.44,-28.9],[25.43,-28.9],[25.42,-28.9],[25.42,-28.91],[25.41,-28.91],[25.41,-28.92],[25.4,-28.92],[25.39,-28.92],[25.38,-28.92],[25.38,-28.91],[25.37,-28.91],[25.36,-28.91],[25.36,-28.9],[25.35,-28.9],[25.34,-28.9],[25.34,-28.89],[25.33,-28.89],[25.33,-28.9],[25.32,-28.9],[25.31,-28.9],[25.31,-28.89],[25.31,-28.9],[25.3,-28.9],[25.3,-28.89],[25.29,-28.89],[25.29,-28.9],[25.28,-28.9],[25.27,-28.9],[25.27,-28.89],[25.27,-28.9],[25.26,-28.9],[25.25,-28.9],[25.25,-28.91],[25.24,-28.91],[25.24,-28.9],[25.23,-28.9],[25.23,-28.89],[25.22,-28.89],[25.22,-28.9],[25.21,-28.9],[25.2,-28.91],[25.21,-28.91],[25.21,-28.92],[25.2,-28.92],[25.21,-28.92],[25.2,-28.92],[25.2,-28.93],[25.19,-28.93],[25.19,-28.94],[25.18,-28.94],[25.17,-28.95],[25.16,-28.95],[25.15,-28.95],[25.15,-28.94],[25.15,-28.95],[25.14,-28.95],[25.14,-28.96],[25.13,-28.96],[25.12,-28.96],[25.11,-28.96],[25.11,-28.97],[25.11,-28.96],[25.09,-28.91],[25.04,-28.91],[25.03,-28.91],[25.01,-28.91],[24.99,-28.9],[24.99,-28.91],[24.99,-28.93],[24.98,-28.94],[24.97,-28.95],[24.96,-28.94],[24.93,-28.93],[24.91,-28.92],[24.89,-28.91],[24.87,-28.89],[24.85,-28.9],[24.84,-28.9],[24.83,-28.91],[24.81,-28.91],[24.8,-28.85]]]]},"properties":{"name":"Lejweleputswa District"}},{"type":"Feature","geometry":{"type":"MultiPolygon","coordinates":[[[[25.72,-29.01],[25.73,-28.99],[25.74,-28.99],[25.75,-28.98],[25.74,-28.96],[25.74,-28.91],[25.75,-28.91],[25.75,-28.9],[25.76,-28.9],[25.77,-28.9],[25.77,-28.89],[25.78,-28.89],[25.78,-28.9],[25.78,-28.89],[25.79,-28.89],[25.8,-28.89],[25.81,-28.85],[25.83,-28.86],[25.84,-28.86],[25.86,-28.87],[25.86,-28.86],[25.86,-28.85],[25.86,-28.84],[25.85,-28.83],[25.85,-28.82],[25.86,-28.81],[25.86,-28.8],[25.86,-28.79],[25.86,-28.78],[25.87,-28.78],[25.87,-28.77],[25.88,-28.77],[25.88,-28.76],[25.89,-28.77],[25.91,-28.77],[25.91,-28.76],[25.93,-28.77],[25.94,-28.76],[25.95,-28.76],[25.93,-28.79],[25.93,-28.8],[25.92,-28.81],[25.93,-28.82],[25.93,-28.83],[25.94,-28.82],[25.96,-28.81],[25.98,-28.8],[25.98,-28.81],[25.98,-28.82],[25.98,-28.83],[25.98,-28.84],[25.98,-28.85],[25.98,-28.86],[25.98,-28.87],[25.99,-28.87],[25.99,-28.88],[25.99,-28.87],[26.0,-28.87],[26.01,-28.87],[26.01,-28.86],[26.01,-28.85],[26.02,-28.85],[26.03,-28.85],[26.03,-28.84],[26.04,-28.84],[26.04,-28.83],[26.03,-28.83],[26.04,-28.83],[26.05,-28.83],[26.05,-28.82],[26.06,-28.82],[26.06,-28.81],[26.06,-28.82],[26.07,-28.82],[26.07,-28.81],[26.08,-28.81],[26.09,-28.81],[26.09,-28.82],[26.09,-28.81],[26.1,-28.81],[26.1,-28.8],[26.11,-28.81],[26.12,-28.81],[26.13,-28.81],[26.13,-28.82],[26.13,-28.81],[26.14,-28.81],[26.15,-28.81],[26.15,-28.82],[26.14,-28.82],[26.15,-28.82],[26.15,-28.83],[26.15,-28.84],[26.16,-28.84],[26.16,-28.85],[26.17,-28.85],[26.17,-28.84],[26.18,-28.84],[26.18,-28.85],[26.19,-28.85],[26.19,-28.84],[26.2,-28.84],[26.2,-28.85],[26.19,-28.85],[26.2,-28.85],[26.2,-28.86],[26.21,-28.86],[26.21,-28.87],[26.22,-28.87],[26.23,-28.87],[26.23,-28.88],[26.24,-28.88],[26.24,-28.89],[26.25,-28.89],[26.25,-28.9],[26.26,-28.9],[26.25,-28.9],[26.25,-28.91],[26.26,-28.91],[26.27,-28.91],[26.27,-28.92],[26.26,-28.92],[26.26,-28.93],[26.27,-28.93],[26.27,-28.94],[26.28,-28.94],[26.29,-28.94],[26.3,-28.94],[26.31,-28.94],[26.31,-28.93],[26.32,-28.93],[26.32,-28.92],[26.32,-28.91],[26.33,-28.91],[26.33,-28.9],[26.34,-28.9],[26.34,-28.91],[26.35,-28.91],[26.36,-28.92],[26.36,-28.93],[26.36,-28.94],[26.37,-28.94],[26.36,-28.95],[26.35,-28.96],[26.36,-28.96],[26.37,-28.96],[26.37,-28.97],[26.38,-28.97],[26.38,-28.98],[26.39,-28.98],[26.4,-28.98],[26.4,-28.99],[26.41,-28.99],[26.42,-28.99],[26.43,-28.99],[26.43,-28.98],[26.43,-28.97],[26.43,-28.96],[26.44,-28.96],[26.45,-28.96],[26.46,-28.95],[26.47,-28.95],[26.48,-28.95],[26.48,-28.96],[26.49,-28.96],[26.49,-28.97],[26.5,-28.97],[26.5,-28.98],[26.51,-28.98],[26.52,-28.98],[26.52,-28.99],[26.52,-29.0],[26.53,-29.0],[26.53,-28.99],[26.54,-28.99],[26.55,-28.98],[26.55,-28.97],[26.57,-28.97],[26.57,-28.99],[26.58,-28.99],[26.58,-28.98],[26.58,-28.99],[26.59,-28.99],[26.6,-29.0],[26.61,-29.01],[26.62,-29.01],[26.62,-29.02],[26.63,-29.05],[26.63,-29.06],[26.64,-29.06],[26.64,-29.07],[26.65,-29.07],[26.66,-29.07],[26.66,-29.08],[26.67,-29.09],[26.68,-29.08],[26.68,-29.07],[26.69,-29.07],[26.7,-29.07],[26.71,-29.07],[26.72,-29.07],[26.71,-29.09],[26.72,-29.09],[26.72,-29.08],[26.73,-29.08],[26.73,-29.07],[26.74,-29.06],[26.75,-29.05],[26.75,-29.04],[26.76,-29.04],[26.76,-29.03],[26.77,-29.03],[26.78,-29.02],[26.78,-29.01],[26.76,-29.01],[26.76,-29.0],[26.75,-29.0],[26.76,-29.0],[26.76,-28.99],[26.77,-28.98],[26.78,-28.97],[26.79,-28.96],[26.79,-28.95],[26.8,-28.95],[26.8,-28.94],[26.81,-28.94],[26.81,-28.93],[26.82,-28.93],[26.84,-28.93],[26.85,-28.93],[26.86,-28.93],[26.89,-28.93],[26.9,-28.93],[26.91,-28.92],[26.93,-28.93],[26.95,-28.94],[26.94,-28.95],[26.94,-28.96],[26.94,-28.98],[26.95,-28.99],[26.95,-29.01],[26.96,-29.01],[26.96,-29.02],[26.99,-29.02],[27.01,-29.04],[27.02,-29.04],[27.03,-29.05],[27.03,-29.06],[27.04,-29.05],[27.04,-29.06],[27.05,-29.07],[27.04,-29.09],[27.03,-29.08],[27.02,-29.08],[27.0,-29.11],[27.01,-29.11],[27.01,-29.12],[27.01,-29.13],[26.99,-29.13],[26.97,-29.14],[26.96,-29.15],[26.96,-29.16],[26.95,-29.16],[26.95,-29.17],[26.94,-29.17],[26.93,-29.17],[26.92,-29.18],[26.92,-29.19],[26.92,-29.2],[26.92,-29.21],[26.92,-29.22],[26.92,-29.23],[26.94,-29.24],[26.93,-29.26],[26.94,-29.26],[26.96,-29.26],[26.96,-29.27],[26.96,-29.28],[26.95,-29.29],[26.94,-29.32],[26.93,-29.32],[26.94,-29.32],[26.94,-29.33],[26.95,-29.34],[26.96,-29.35],[26.96,-29.36],[26.96,-29.38],[26.97,-29.38],[26.98,-29.37],[26.99,-29.38],[27.0,-29.38],[27.01,-29.38],[27.02,-29.38],[27.02,-29.37],[27.02,-29.36],[27.05,-29.34],[27.06,-29.35],[27.06,-29.36],[27.07,-29.36],[27.07,-29.37],[27.08,-29.38],[27.09,-29.39],[27.08,-29.41],[27.08,-29.42],[27.07,-29.43],[27.07,-29.44],[27.06,-29.43],[27.05,-29.43],[27.04,-29.42],[27.03,-29.4],[27.02,-29.4],[27.01,-29.4],[27.0,-29.4],[26.99,-29.41],[26.98,-29.42],[26.96,-29.43],[26.98,-29.44],[26.99,-29.46],[27.0,-29.46],[26.99,-29.47],[26.98,-29.48],[26.98,-29.49],[26.99,-29.5],[26.99,-29.51],[27.0,-29.52],[26.97,-29.53],[26.95,-29.53],[26.96,-29.51],[26.97,-29.5],[26.96,-29.5],[26.95,-29.49],[26.93,-29.49],[26.92,-29.49],[26.91,-29.49],[26.91,-29.47],[26.9,-29.46],[26.89,-29.45],[26.88,-29.45],[26.86,-29.44],[26.84,-29.44],[26.84,-29.45],[26.83,-29.46],[26.82,-29.45],[26.8,-29.45],[26.78,-29.44],[26.77,-29.45],[26.76,-29.44],[26.75,-29.44],[26.75,-29.43],[26.74,-29.44],[26.73,-29.44],[26.72,-29.44],[26.71,-29.44],[26.7,-29.44],[26.7,-29.43],[26.7,-29.42],[26.7,-29.41],[26.7,-29.4],[26.69,-29.4],[26.68,-29.4],[26.68,-29.39],[26.68,-29.38],[26.67,-29.38],[26.67,-29.37],[26.66,-29.37],[26.66,-29.36],[26.66,-29.35],[26.65,-29.35],[26.65,-29.36],[26.65,-29.35],[26.64,-29.35],[26.64,-29.34],[26.65,-29.33],[26.67,-29.32],[26.65,-29.31],[26.67,-29.29],[26.65,-29.28],[26.64,-29.29],[26.62,-29.3],[26.62,-29.29],[26.61,-29.29],[26.6,-29.29],[26.59,-29.29],[26.59,-29.3],[26.59,-29.31],[26.58,-29.32],[26.57,-29.32],[26.56,-29.32],[26.56,-29.33],[26.55,-29.33],[26.55,-29.34],[26.54,-29.34],[26.54,-29.35],[26.53,-29.35],[26.52,-29.35],[26.51,-29.35],[26.51,-29.36],[26.51,-29.37],[26.51,-29.38],[26.51,-29.39],[26.5,-29.39],[26.5,-29.4],[26.49,-29.4],[26.49,-29.39],[26.48,-29.39],[26.47,-29.39],[26.47,-29.4],[26.46,-29.4],[26.45,-29.4],[26.45,-29.41],[26.45,-29.42],[26.45,-29.44],[26.45,-29.45],[26.44,-29.45],[26.43,-29.45],[26.41,-29.46],[26.41,-29.44],[26.4,-29.44],[26.39,-29.44],[26.38,-29.44],[26.37,-29.44],[26.36,-29.44],[26.35,-29.44],[26.35,-29.43],[26.35,-29.44],[26.34,-29.44],[26.33,-29.44],[26.33,-29.43],[26.32,-29.43],[26.32,-29.44],[26.33,-29.44],[26.32,-29.44],[26.32,-29.43],[26.31,-29.43],[26.31,-29.42],[26.3,-29.42],[26.29,-29.42],[26.29,-29.43],[26.28,-29.43],[26.27,-29.43],[26.26,-29.43],[26.25,-29.43],[26.25,-29.42],[26.25,-29.43],[26.24,-29.43],[26.23,-29.43],[26.22,-29.43],[26.21,-29.43],[26.21,-29.44],[26.21,-29.45],[26.21,-29.46],[26.21,-29.47],[26.21,-29.48],[26.2,-29.47],[26.18,-29.47],[26.16,-29.47],[26.14,-29.46],[26.14,-29.47],[26.14,-29.48],[26.13,-29.47],[26.11,-29.48],[26.11,-29.47],[26.1,-29.47],[26.09,-29.46],[26.09,-29.48],[26.08,-29.48],[26.07,-29.46],[26.06,-29.45],[26.06,-29.44],[26.04,-29.44],[26.04,-29.45],[26.04,-29.44],[26.04,-29.45],[26.03,-29.45],[26.03,-29.44],[26.03,-29.43],[26.03,-29.42],[26.01,-29.41],[26.0,-29.41],[25.99,-29.41],[25.98,-29.4],[25.97,-29.39],[25.96,-29.38],[25.96,-29.37],[26.0,-29.36],[26.01,-29.35],[26.02,-29.34],[26.02,-29.33],[26.02,-29.32],[26.01,-29.31],[26.0,-29.31],[26.0,-29.29],[26.0,-29.28],[25.99,-29.27],[25.99,-29.28],[25.98,-29.28],[25.97,-29.29],[25.96,-29.29],[25.94,-29.3],[25.93,-29.3],[25.92,-29.3],[25.91,-29.31],[25.91,-29.3],[25.91,-29.29],[25.91,-29.28],[25.91,-29.27],[25.91,-29.25],[25.9,-29.25],[25.88,-29.25],[25.86,-29.25],[25.86,-29.26],[25.85,-29.24],[25.84,-29.23],[25.83,-29.24],[25.82,-29.25],[25.81,-29.26],[25.8,-29.26],[25.79,-29.26],[25.8,-29.24],[25.8,-29.23],[25.78,-29.22],[25.76,-29.23],[25.75,-29.23],[25.74,-29.23],[25.74,-29.2],[25.74,-29.19],[25.74,-29.18],[25.75,-29.18],[25.77,-29.17],[25.76,-29.16],[25.74,-29.15],[25.73,-29.14],[25.76,-29.13],[25.76,-29.12],[25.75,-29.12],[25.73,-29.11],[25.73,-29.1],[25.73,-29.09],[25.74,-29.09],[25.74,-29.08],[25.73,-29.08],[25.74,-29.06],[25.75,-29.04],[25.76,-29.03],[25.75,-29.02],[25.74,-29.01],[25.72,-29.01]]]]},"properties":{"name":"Mangaung Metropolitan"}},{"type":"Feature","geometry":{"type":"MultiPolygon","coordinates":[[[[29.85,-23.92],[29.86,-23.92],[29.87,-23.92],[29.88,-23.92],[29.88,-23.91],[29.89,-23.91],[29.89,-23.9],[29.9,-23.9],[29.9,-23.89],[29.9,-23.88],[29.89,-23.88],[29.89,-23.87],[29.9,-23.87],[29.9,-23.86],[29.89,-23.86],[29.89,-23.84],[29.9,-23.83],[29.88,-23.82],[29.9,-23.82],[29.91,-23.81],[29.92,-23.81],[29.93,-23.8],[29.91,-23.77],[29.92,-23.77],[29.92,-23.76],[29.89,-23.74],[29.89,-23.73],[29.89,-23.71],[29.89,-23.7],[29.89,-23.68],[29.9,-23.67],[29.91,-23.67],[29.92,-23.67],[29.93,-23.66],[29.96,-23.66],[29.95,-23.65],[29.95,-23.64],[29.95,-23.63],[29.95,-23.62],[29.96,-23.62],[29.97,-23.61],[29.98,-23.61],[29.98,-23.6],[29.99,-23.6],[30.0,-23.59],[30.01,-23.59],[30.02,-23.58],[30.03,-23.58],[30.04,-23.57],[30.04,-23.56],[30.04,-23.54],[30.05,-23.54],[30.03,-23.52],[30.01,-23.5],[30.03,-23.49],[30.02,-23.46],[30.0,-23.47],[30.0,-23.46],[30.0,-23.45],[30.01,-23.45],[30.01,-23.44],[30.02,-23.43],[30.03,-23.44],[30.04,-23.43],[30.04,-23.41],[30.04,-23.4],[30.04,-23.38],[30.04,-23.36],[30.04,-23.34],[30.06,-23.34],[30.05,-23.36],[30.05,-23.37],[30.07,-23.36],[30.09,-23.35],[30.12,-23.34],[30.14,-23.34],[30.15,-23.34],[30.15,-23.31],[30.17,-23.31],[30.19,-23.31],[30.2,-23.31],[30.22,-23.31],[30.23,-23.31],[30.27,-23.32],[30.27,-23.34],[30.27,-23.35],[30.29,-23.38],[30.29,-23.39],[30.33,-23.38],[30.33,-23.37],[30.34,-23.37],[30.34,-23.36],[30.34,-23.35],[30.35,-23.35],[30.35,-23.34],[30.36,-23.34],[30.36,-23.33],[30.36,-23.32],[30.37,-23.31],[30.36,-23.3],[30.35,-23.28],[30.33,-23.25],[30.35,-23.25],[30.36,-23.25],[30.37,-23.25],[30.4,-23.24],[30.4,-23.23],[30.4,-23.24],[30.41,-23.25],[30.41,-23.26],[30.42,-23.27],[30.43,-23.27],[30.43,-23.26],[30.44,-23.26],[30.44,-23.25],[30.45,-23.25],[30.46,-23.25],[30.46,-23.24],[30.47,-23.24],[30.48,-23.24],[30.49,-23.24],[30.49,-23.25],[30.5,-23.25],[30.51,-23.26],[30.51,-23.27],[30.52,-23.27],[30.53,-23.27],[30.53,-23.28],[30.53,-23.27],[30.53,-23.24],[30.52,-23.23],[30.52,-23.22],[30.53,-23.21],[30.55,-23.19],[30.55,-23.18],[30.56,-23.18],[30.57,-23.18],[30.56,-23.18],[30.57,-23.18],[30.58,-23.18],[30.59,-23.18],[30.6,-23.18],[30.61,-23.18],[30.6,-23.18],[30.61,-23.17],[30.62,-23.17],[30.62,-23.18],[30.63,-23.18],[30.65,-23.16],[30.66,-23.15],[30.66,-23.14],[30.67,-23.14],[30.68,-23.13],[30.69,-23.11],[30.7,-23.1],[30.71,-23.09],[30.73,-23.07],[30.73,-23.08],[30.74,-23.08],[30.75,-23.08],[30.75,-23.09],[30.76,-23.09],[30.76,-23.1],[30.77,-23.09],[30.78,-23.09],[30.79,-23.09],[30.8,-23.09],[30.8,-23.1],[30.81,-23.1],[30.82,-23.1],[30.82,-23.09],[30.82,-23.1],[30.82,-23.09],[30.83,-23.09],[30.83,-23.1],[30.84,-23.1],[30.84,-23.11],[30.83,-23.11],[30.83,-23.12],[30.84,-23.12],[30.85,-23.12],[30.86,-23.12],[30.86,-23.13],[30.87,-23.13],[30.87,-23.12],[30.87,-23.13],[30.88,-23.13],[30.88,-23.14],[30.88,-23.15],[30.89,-23.15],[30.89,-23.14],[30.9,-23.14],[30.91,-23.14],[30.91,-23.15],[30.92,-23.15],[30.92,-23.14],[30.93,-23.14],[30.93,-23.15],[30.94,-23.16],[30.94,-23.17],[30.94,-23.18],[30.95,-23.18],[30.95,-23.17],[30.95,-23.16],[30.96,-23.16],[30.96,-23.17],[30.97,-23.17],[30.98,-23.17],[30.99,-23.17],[30.99,-23.18],[30.99,-23.17],[31.0,-23.17],[31.01,-23.17],[31.02,-23.17],[31.02,-23.18],[31.02,-23.19],[31.03,-23.19],[31.03,-23.2],[31.04,-23.2],[31.04,-23.19],[31.04,-23.18],[31.05,-23.18],[31.05,-23.17],[31.05,-23.18],[31.06,-23.18],[31.06,-23.19],[31.07,-23.19],[31.07,-23.2],[31.08,-23.2],[31.08,-23.21],[31.09,-23.21],[31.09,-23.2],[31.1,-23.2],[31.1,-23.19],[31.11,-23.19],[31.11,-23.18],[31.12,-23.18],[31.12,-23.17],[31.13,-23.17],[31.13,-23.18],[31.14,-23.18],[31.15,-23.18],[31.15,-23.19],[31.16,-23.19],[31.17,-23.19],[31.17,-23.2],[31.16,-23.2],[31.16,-23.21],[31.17,-23.21],[31.17,-23.2],[31.18,-23.2],[31.18,-23.21],[31.19,-23.21],[31.2,-23.21],[31.2,-23.22],[31.21,-23.22],[31.22,-23.22],[31.23,-23.22],[31.23,-23.21],[31.24,-23.21],[31.25,-23.21],[31.26,-23.2],[31.26,-23.19],[31.27,-23.19],[31.28,-23.19],[31.28,-23.18],[31.29,-23.18],[31.3,-23.18],[31.29,-23.18],[31.3,-23.17],[31.31,-23.17],[31.32,-23.17],[31.33,-23.17],[31.34,-23.17],[31.34,-23.16],[31.35,-23.16],[31.35,-23.15],[31.35,-23.14],[31.36,-23.14],[31.37,-23.14],[31.38,-23.14],[31.38,-23.13],[31.38,-23.12],[31.37,-23.12],[31.38,-23.11],[31.38,-23.1],[31.39,-23.1],[31.4,-23.1],[31.41,-23.1],[31.41,-23.09],[31.42,-23.09],[31.42,-23.1],[31.43,-23.1],[31.43,-23.11],[31.44,-23.11],[31.45,-23.11],[31.46,-23.11],[31.46,-23.12],[31.45,-23.13],[31.46,-23.14],[31.47,-23.14],[31.48,-23.15],[31.48,-23.16],[31.49,-23.16],[31.5,-23.16],[31.5,-23.17],[31.51,-23.17],[31.51,-23.18],[31.52,-23.18],[31.53,-23.18],[31.53,-23.19],[31.54,-23.19],[31.54,-23.2],[31.54,-23.21],[31.55,-23.22],[31.56,-23.22],[31.56,-23.23],[31.56,-23.27],[31.55,-23.41],[31.55,-23.43],[31.56,-23.48],[31.58,-23.5],[31.66,-23.59],[31.67,-23.59],[31.69,-23.63],[31.7,-23.72],[31.77,-23.89],[31.88,-23.95],[31.88,-23.96],[31.88,-23.97],[31.88,-23.98],[31.85,-23.99],[31.84,-23.99],[31.83,-23.99],[31.82,-23.99],[31.82,-24.0],[31.81,-24.0],[31.8,-24.0],[31.8,-23.99],[31.79,-23.99],[31.78,-23.98],[31.77,-23.98],[31.76,-23.99],[31.75,-24.0],[31.74,-24.0],[31.74,-24.01],[31.73,-24.01],[31.73,-24.02],[31.74,-24.03],[31.74,-24.04],[31.74,-24.05],[31.73,-24.05],[31.72,-24.06],[31.71,-24.06],[31.7,-24.06],[31.69,-24.06],[31.68,-24.06],[31.68,-24.05],[31.67,-24.04],[31.67,-24.03],[31.67,-24.02],[31.66,-24.02],[31.66,-24.01],[31.65,-24.01],[31.64,-24.02],[31.63,-24.02],[31.62,-24.02],[31.61,-24.03],[31.61,-24.04],[31.61,-24.05],[31.6,-24.05],[31.6,-24.06],[31.59,-24.06],[31.59,-24.05],[31.58,-24.05],[31.58,-24.04],[31.57,-24.04],[31.57,-24.03],[31.56,-24.03],[31.55,-24.04],[31.54,-24.04],[31.54,-24.05],[31.54,-24.06],[31.53,-24.06],[31.52,-24.05],[31.51,-24.05],[31.51,-24.04],[31.5,-24.04],[31.49,-24.04],[31.48,-24.03],[31.47,-24.03],[31.46,-24.03],[31.45,-24.02],[31.44,-24.02],[31.44,-24.03],[31.44,-24.04],[31.44,-24.05],[31.43,-24.05],[31.42,-24.06],[31.41,-24.06],[31.4,-24.07],[31.39,-24.07],[31.39,-24.06],[31.39,-24.05],[31.38,-24.05],[31.37,-24.06],[31.37,-24.07],[31.36,-24.07],[31.35,-24.07],[31.34,-24.07],[31.34,-24.08],[31.33,-24.08],[31.32,-24.08],[31.31,-24.08],[31.3,-24.08],[31.3,-24.07],[31.29,-24.07],[31.29,-24.08],[31.28,-24.09],[31.27,-24.1],[31.26,-24.1],[31.25,-24.1],[31.25,-24.09],[31.25,-24.08],[31.25,-24.07],[31.24,-24.07],[31.24,-24.06],[31.23,-24.06],[31.23,-24.05],[31.22,-24.05],[31.22,-24.04],[31.21,-24.04],[31.2,-24.04],[31.2,-24.03],[31.19,-24.03],[31.18,-24.03],[31.18,-24.04],[31.17,-24.04],[31.17,-24.05],[31.17,-24.06],[31.16,-24.06],[31.15,-24.06],[31.15,-24.07],[31.14,-24.07],[31.13,-24.07],[31.12,-24.07],[31.11,-24.07],[31.1,-24.07],[31.1,-24.08],[31.09,-24.08],[31.08,-24.08],[31.07,-24.08],[31.07,-24.09],[31.06,-24.09],[31.07,-24.09],[31.08,-24.09],[31.09,-24.09],[31.1,-24.09],[31.11,-24.09],[31.12,-24.09],[31.12,-24.1],[31.12,-24.12],[31.1,-24.12],[31.11,-24.15],[31.1,-24.15],[31.08,-24.17],[31.05,-24.19],[31.05,-24.21],[31.05,-24.23],[31.05,-24.24],[31.06,-24.24],[31.06,-24.25],[31.06,-24.26],[31.06,-24.27],[31.06,-24.31],[31.06,-24.32],[31.07,-24.32],[31.1,-24.32],[31.14,-24.32],[31.15,-24.32],[31.16,-24.32],[31.17,-24.31],[31.2,-24.31],[31.21,-24.32],[31.22,-24.33],[31.23,-24.35],[31.24,-24.37],[31.2,-24.37],[31.16,-24.38],[31.16,-24.39],[31.16,-24.4],[31.16,-24.41],[31.16,-24.42],[31.16,-24.43],[31.16,-24.44],[31.2,-24.43],[31.22,-24.45],[31.23,-24.46],[31.25,-24.5],[31.23,-24.56],[31.22,-24.56],[31.21,-24.56],[31.19,-24.56],[31.18,-24.56],[31.17,-24.56],[31.16,-24.56],[31.15,-24.56],[31.14,-24.56],[31.13,-24.56],[31.12,-24.57],[31.11,-24.57],[31.1,-24.57],[31.09,-24.57],[31.07,-24.57],[31.06,-24.57],[31.05,-24.57],[31.04,-24.57],[31.03,-24.57],[31.01,-24.58],[31.0,-24.58],[30.99,-24.58],[30.98,-24.58],[30.96,-24.58],[30.96,-24.57],[30.96,-24.56],[30.96,-24.55],[30.96,-24.54],[30.96,-24.53],[30.95,-24.53],[30.95,-24.52],[30.94,-24.52],[30.93,-24.52],[30.92,-24.52],[30.91,-24.52],[30.91,-24.53],[30.9,-24.53],[30.89,-24.53],[30.88,-24.53],[30.88,-24.54],[30.87,-24.54],[30.83,-24.51],[30.82,-24.51],[30.8,-24.5],[30.79,-24.49],[30.78,-24.48],[30.77,-24.47],[30.76,-24.46],[30.74,-24.45],[30.73,-24.45],[30.7,-24.45],[30.67,-24.45],[30.66,-24.45],[30.65,-24.45],[30.64,-24.45],[30.63,-24.44],[30.62,-24.43],[30.62,-24.44],[30.61,-24.44],[30.6,-24.44],[30.59,-24.44],[30.58,-24.44],[30.57,-24.44],[30.57,-24.45],[30.56,-24.45],[30.56,-24.44],[30.56,-24.43],[30.56,-24.42],[30.55,-24.42],[30.55,-24.43],[30.55,-24.44],[30.54,-24.44],[30.53,-24.44],[30.52,-24.41],[30.5,-24.4],[30.49,-24.39],[30.48,-24.38],[30.47,-24.37],[30.45,-24.36],[30.44,-24.36],[30.44,-24.35],[30.43,-24.35],[30.41,-24.34],[30.41,-24.33],[30.38,-24.29],[30.37,-24.28],[30.36,-24.28],[30.36,-24.27],[30.35,-24.24],[30.35,-24.22],[30.34,-24.23],[30.3,-24.22],[30.28,-24.21],[30.31,-24.19],[30.35,-24.17],[30.35,-24.18],[30.36,-24.17],[30.35,-24.16],[30.33,-24.14],[30.32,-24.13],[30.32,-24.12],[30.31,-24.11],[30.29,-24.1],[30.28,-24.11],[30.27,-24.11],[30.26,-24.12],[30.24,-24.14],[30.23,-24.12],[30.23,-24.11],[30.22,-24.09],[30.2,-24.08],[30.17,-24.06],[30.16,-24.06],[30.15,-24.05],[30.13,-24.04],[30.12,-24.04],[30.12,-24.03],[30.11,-24.03],[30.1,-24.02],[30.09,-24.02],[30.08,-24.01],[30.07,-24.01],[30.07,-24.0],[30.06,-24.0],[30.06,-23.99],[30.05,-23.98],[30.04,-23.97],[30.04,-23.98],[30.03,-23.98],[30.02,-23.98],[30.01,-23.98],[30.0,-24.0],[29.99,-23.99],[29.97,-23.99],[29.95,-23.98],[29.94,-23.98],[29.93,-23.97],[29.92,-23.97],[29.9,-23.96],[29.9,-23.95],[29.89,-23.94],[29.89,-23.95],[29.88,-23.95],[29.87,-23.95],[29.86,-23.95],[29.86,-23.93],[29.85,-23.92]]]]},"properties":{"name":"Mopani District"}},{"type":"Feature","geometry":{"type":"MultiPolygon","coordinates":[[[[16.45,-28.63],[16.45,-28.62],[16.45,-28.61],[16.45,-28.6],[16.46,-28.6],[16.46,-28.59],[16.46,-28.58],[16.47,-28.58],[16.47,-28.57],[16.48,-28.57],[16.48,-28.56],[16.49,-28.56],[16.5,-28.56],[16.51,-28.56],[16.52,-28.56],[16.52,-28.55],[16.53,-28.55],[16.54,-28.55],[16.55,-28.55],[16.56,-28.55],[16.56,-28.54],[16.57,-28.54],[16.58,-28.54],[16.59,-28.54],[16.59,-28.53],[16.6,-28.53],[16.61,-28.53],[16.61,-28.52],[16.61,-28.51],[16.62,-28.51],[16.62,-28.5],[16.63,-28.5],[16.63,-28.49],[16.64,-28.49],[16.65,-28.49],[16.65,-28.48],[16.66,-28.48],[16.67,-28.48],[16.67,-28.47],[16.68,-28.47],[16.69,-28.47],[16.7,-28.47],[16.7,-28.48],[16.7,-28.49],[16.7,-28.5],[16.71,-28.5],[16.72,-28.5],[16.73,-28.5],[16.73,-28.49],[16.74,-28.49],[16.74,-28.48],[16.74,-28.47],[16.75,-28.47],[16.75,-28.46],[16.76,-28.46],[16.76,-28.45],[16.77,-28.45],[16.78,-28.44],[16.78,-28.43],[16.77,-28.43],[16.77,-28.42],[16.77,-28.41],[16.77,-28.4],[16.77,-28.39],[16.78,-28.39],[16.78,-28.38],[16.79,-28.38],[16.79,-28.37],[16.8,-28.37],[16.8,-28.36],[16.81,-28.36],[16.8,-28.36],[16.8,-28.35],[16.79,-28.35],[16.79,-28.34],[16.78,-28.34],[16.78,-28.33],[16.78,-28.32],[16.77,-28.32],[16.77,-28.31],[16.76,-28.31],[16.76,-28.3],[16.75,-28.3],[16.75,-28.29],[16.75,-28.28],[16.75,-28.27],[16.76,-28.27],[16.76,-28.26],[16.77,-28.26],[16.78,-28.26],[16.79,-28.26],[16.79,-28.27],[16.8,-28.27],[16.8,-28.28],[16.81,-28.28],[16.82,-28.28],[16.82,-28.27],[16.83,-28.27],[16.83,-28.26],[16.83,-28.25],[16.83,-28.24],[16.82,-28.24],[16.81,-28.24],[16.81,-28.23],[16.8,-28.23],[16.8,-28.22],[16.81,-28.22],[16.81,-28.21],[16.82,-28.21],[16.82,-28.22],[16.83,-28.22],[16.84,-28.22],[16.85,-28.22],[16.85,-28.21],[16.86,-28.21],[16.86,-28.2],[16.85,-28.2],[16.85,-28.19],[16.84,-28.19],[16.83,-28.19],[16.83,-28.18],[16.83,-28.17],[16.84,-28.17],[16.84,-28.16],[16.84,-28.17],[16.85,-28.17],[16.86,-28.17],[16.87,-28.18],[16.88,-28.18],[16.89,-28.18],[16.89,-28.17],[16.89,-28.16],[16.88,-28.16],[16.88,-28.15],[16.89,-28.15],[16.89,-28.14],[16.89,-28.13],[16.89,-28.12],[16.89,-28.11],[16.88,-28.11],[16.88,-28.1],[16.88,-28.09],[16.89,-28.09],[16.89,-28.08],[16.9,-28.08],[16.9,-28.07],[16.91,-28.07],[16.92,-28.07],[16.93,-28.07],[16.94,-28.07],[16.94,-28.08],[16.95,-28.08],[16.96,-28.08],[16.96,-28.07],[16.97,-28.07],[16.97,-28.06],[16.98,-28.06],[16.99,-28.06],[16.99,-28.07],[17.0,-28.07],[17.0,-28.08],[17.0,-28.07],[17.01,-28.07],[17.01,-28.06],[17.02,-28.06],[17.02,-28.05],[17.03,-28.05],[17.04,-28.05],[17.05,-28.05],[17.06,-28.05],[17.06,-28.04],[17.07,-28.04],[17.07,-28.03],[17.08,-28.03],[17.08,-28.04],[17.09,-28.04],[17.1,-28.04],[17.1,-28.05],[17.11,-28.05],[17.11,-28.06],[17.12,-28.06],[17.12,-28.07],[17.13,-28.07],[17.13,-28.08],[17.13,-28.09],[17.14,-28.09],[17.14,-28.1],[17.15,-28.1],[17.16,-28.1],[17.17,-28.1],[17.18,-28.1],[17.19,-28.1],[17.19,-28.11],[17.19,-28.12],[17.19,-28.13],[17.2,-28.13],[17.2,-28.14],[17.19,-28.14],[17.19,-28.15],[17.19,-28.16],[17.19,-28.17],[17.18,-28.17],[17.18,-28.18],[17.18,-28.19],[17.18,-28.2],[17.18,-28.21],[17.19,-28.21],[17.19,-28.22],[17.19,-28.23],[17.2,-28.23],[17.2,-28.24],[17.21,-28.24],[17.21,-28.25],[17.22,-28.25],[17.23,-28.25],[17.24,-28.25],[17.24,-28.24],[17.25,-28.24],[17.26,-28.24],[17.27,-28.24],[17.27,-28.25],[17.27,-28.24],[17.28,-28.24],[17.28,-28.25],[17.28,-28.24],[17.29,-28.24],[17.29,-28.23],[17.3,-28.23],[17.31,-28.23],[17.31,-28.22],[17.32,-28.22],[17.32,-28.23],[17.32,-28.22],[17.33,-28.23],[17.34,-28.23],[17.34,-28.24],[17.35,-28.24],[17.35,-28.25],[17.36,-28.25],[17.36,-28.26],[17.36,-28.27],[17.36,-28.28],[17.37,-28.28],[17.38,-28.28],[17.38,-28.29],[17.38,-28.3],[17.38,-28.31],[17.38,-28.32],[17.38,-28.33],[17.39,-28.33],[17.39,-28.34],[17.4,-28.34],[17.4,-28.35],[17.4,-28.36],[17.41,-28.36],[17.41,-28.37],[17.41,-28.38],[17.41,-28.39],[17.41,-28.4],[17.41,-28.41],[17.4,-28.41],[17.4,-28.42],[17.4,-28.43],[17.39,-28.43],[17.39,-28.44],[17.38,-28.44],[17.37,-28.44],[17.36,-28.44],[17.35,-28.44],[17.35,-28.45],[17.34,-28.45],[17.34,-28.46],[17.34,-28.47],[17.33,-28.47],[17.33,-28.48],[17.34,-28.48],[17.34,-28.49],[17.34,-28.5],[17.35,-28.5],[17.36,-28.5],[17.36,-28.51],[17.37,-28.51],[17.37,-28.52],[17.37,-28.53],[17.38,-28.53],[17.38,-28.54],[17.38,-28.55],[17.38,-28.56],[17.38,-28.57],[17.39,-28.57],[17.4,-28.57],[17.4,-28.56],[17.41,-28.56],[17.42,-28.56],[17.42,-28.57],[17.43,-28.57],[17.43,-28.58],[17.43,-28.59],[17.43,-28.6],[17.42,-28.6],[17.43,-28.6],[17.43,-28.61],[17.43,-28.62],[17.43,-28.63],[17.43,-28.64],[17.43,-28.65],[17.43,-28.66],[17.42,-28.66],[17.42,-28.67],[17.41,-28.67],[17.41,-28.68],[17.42,-28.68],[17.42,-28.69],[17.42,-28.7],[17.41,-28.7],[17.41,-28.71],[17.41,-28.72],[17.42,-28.72],[17.43,-28.72],[17.44,-28.72],[17.44,-28.71],[17.45,-28.71],[17.46,-28.71],[17.46,-28.7],[17.47,-28.7],[17.47,-28.71],[17.47,-28.7],[17.48,-28.7],[17.49,-28.7],[17.49,-28.69],[17.5,-28.69],[17.5,-28.7],[17.51,-28.7],[17.52,-28.7],[17.53,-28.7],[17.54,-28.7],[17.55,-28.7],[17.55,-28.69],[17.56,-28.69],[17.57,-28.69],[17.58,-28.69],[17.59,-28.69],[17.6,-28.69],[17.6,-28.7],[17.61,-28.7],[17.61,-28.71],[17.61,-28.72],[17.61,-28.73],[17.61,-28.74],[17.61,-28.75],[17.61,-28.76],[17.62,-28.76],[17.63,-28.76],[17.63,-28.77],[17.64,-28.77],[17.65,-28.77],[17.66,-28.77],[17.67,-28.77],[17.68,-28.77],[17.68,-28.76],[17.69,-28.76],[17.69,-28.75],[17.7,-28.75],[17.7,-28.74],[17.71,-28.74],[17.71,-28.75],[17.72,-28.75],[17.72,-28.76],[17.73,-28.76],[17.74,-28.76],[17.74,-28.75],[17.74,-28.74],[17.75,-28.74],[17.76,-28.74],[17.76,-28.75],[17.77,-28.75],[17.77,-28.76],[17.78,-28.76],[17.79,-28.76],[17.8,-28.76],[17.8,-28.75],[17.81,-28.75],[17.82,-28.76],[17.83,-28.76],[17.84,-28.76],[17.85,-28.76],[17.86,-28.76],[17.87,-28.76],[17.88,-28.76],[17.88,-28.77],[17.89,-28.77],[17.9,-28.77],[17.91,-28.77],[17.91,-28.76],[17.92,-28.76],[17.92,-28.77],[17.93,-28.77],[17.93,-28.78],[17.93,-28.79],[17.94,-28.79],[17.95,-28.79],[17.96,-28.79],[17.96,-28.78],[17.96,-28.79],[17.97,-28.79],[17.98,-28.79],[17.98,-28.8],[17.98,-28.81],[17.99,-28.81],[18.0,-28.81],[18.0,-28.82],[18.01,-28.82],[18.01,-28.83],[18.01,-28.84],[18.02,-28.84],[18.02,-28.85],[18.03,-28.85],[18.03,-28.86],[18.04,-28.86],[18.04,-28.87],[18.05,-28.87],[18.05,-28.88],[18.06,-28.88],[18.07,-28.88],[18.07,-28.87],[18.08,-28.87],[18.09,-28.87],[18.1,-28.88],[18.11,-28.88],[18.11,-28.89],[18.12,-28.89],[18.13,-28.89],[18.13,-28.9],[18.14,-28.9],[18.14,-28.89],[18.15,-28.89],[18.15,-28.9],[18.16,-28.9],[18.17,-28.9],[18.18,-28.9],[18.18,-28.91],[18.19,-28.91],[18.19,-28.92],[18.19,-28.91],[18.2,-28.91],[18.21,-28.91],[18.21,-28.9],[18.22,-28.9],[18.22,-28.89],[18.23,-28.89],[18.23,-28.9],[18.24,-28.9],[18.25,-28.9],[18.25,-28.89],[18.26,-28.89],[18.26,-28.88],[18.27,-28.88],[18.28,-28.88],[18.29,-28.88],[18.3,-28.88],[18.31,-28.88],[18.32,-28.88],[18.33,-28.88],[18.34,-28.88],[18.35,-28.88],[18.36,-28.88],[18.36,-28.89],[18.37,-28.89],[18.38,-28.89],[18.38,-28.9],[18.39,-28.9],[18.4,-28.9],[18.41,-28.9],[18.42,-28.9],[18.43,-28.9],[18.44,-28.9],[18.44,-28.89],[18.45,-28.89],[18.46,-28.89],[18.46,-28.88],[18.47,-28.88],[18.48,-28.88],[18.49,-28.88],[18.49,-28.89],[18.5,-28.89],[18.51,-28.89],[18.52,-28.89],[18.52,-28.88],[18.53,-28.88],[18.53,-28.87],[18.54,-28.87],[18.54,-28.86],[18.55,-28.86],[18.56,-28.86],[18.57,-28.86],[18.58,-28.86],[18.59,-28.86],[18.6,-28.86],[18.6,-28.85],[18.61,-28.85],[18.62,-28.85],[18.62,-28.84],[18.63,-28.84],[18.64,-28.84],[18.65,-28.84],[18.66,-28.84],[18.67,-28.84],[18.68,-28.84],[18.69,-28.84],[18.7,-28.84],[18.71,-28.84],[18.71,-28.83],[18.72,-28.83],[18.73,-28.83],[18.74,-28.83],[18.75,-28.83],[18.75,-28.84],[18.76,-28.84],[18.77,-28.84],[18.78,-28.84],[18.79,-28.84],[18.8,-28.84],[18.8,-28.85],[18.81,-28.85],[18.82,-28.85],[18.82,-28.84],[18.83,-28.84],[18.83,-28.85],[18.84,-28.85],[18.85,-28.85],[18.85,-28.84],[18.86,-28.84],[18.86,-28.85],[18.87,-28.85],[18.88,-28.85],[18.89,-28.85],[18.9,-28.85],[18.9,-28.86],[18.91,-28.86],[18.92,-28.86],[18.93,-28.86],[18.94,-28.86],[18.95,-28.86],[18.95,-28.87],[18.96,-28.87],[18.97,-28.87],[18.98,-28.87],[18.98,-28.88],[18.99,-28.88],[18.99,-28.89],[19.0,-28.89],[19.0,-28.9],[19.0,-28.91],[19.0,-28.92],[19.01,-28.92],[19.01,-28.93],[19.02,-28.93],[19.03,-28.93],[19.04,-28.93],[19.05,-28.93],[19.05,-28.94],[19.06,-28.94],[19.06,-28.95],[19.07,-28.95],[19.07,-28.96],[19.08,-28.96],[19.09,-28.96],[19.1,-28.96],[19.1,-28.97],[19.11,-28.97],[19.12,-28.97],[19.13,-28.97],[19.13,-28.96],[19.14,-28.96],[19.15,-28.96],[19.16,-28.96],[19.17,-28.96],[19.18,-28.96],[19.18,-28.95],[19.19,-28.95],[19.2,-28.95],[19.2,-28.94],[19.21,-28.94],[19.21,-28.93],[19.22,-28.93],[19.22,-28.92],[19.23,-28.92],[19.23,-28.91],[19.24,-28.91],[19.24,-28.9],[19.25,-28.9],[19.26,-28.9],[19.27,-28.9],[19.27,-28.91],[19.28,-28.91],[19.29,-28.91],[19.29,-28.9],[19.3,-28.9],[19.3,-28.89],[19.3,-28.88],[19.29,-28.88],[19.29,-28.87],[19.28,-28.87],[19.27,-28.87],[19.26,-28.87],[19.26,-28.86],[19.26,-28.85],[19.25,-28.85],[19.25,-28.84],[19.25,-28.83],[19.24,-28.83],[19.24,-28.82],[19.24,-28.81],[19.24,-28.8],[19.24,-28.79],[19.25,-28.79],[19.25,-28.78],[19.25,-28.77],[19.26,-28.77],[19.26,-28.76],[19.26,-28.75],[19.27,-28.75],[19.27,-28.74],[19.28,-28.74],[19.29,-28.74],[19.29,-28.73],[19.3,-28.73],[19.31,-28.73],[19.31,-28.74],[19.32,-28.74],[19.33,-28.74],[19.34,-28.74],[19.35,-28.74],[19.36,-28.74],[19.37,-28.74],[19.38,-28.74],[19.38,-28.73],[19.39,-28.73],[19.39,-28.74],[19.4,-28.74],[19.41,-28.74],[19.41,-28.73],[19.42,-28.73],[19.43,-28.73],[19.43,-28.72],[19.44,-28.72],[19.45,-28.72],[19.45,-28.71],[19.46,-28.71],[19.47,-28.71],[19.47,-28.7],[19.47,-28.69],[19.48,-28.69],[19.48,-28.68],[19.49,-28.68],[19.49,-28.67],[19.49,-28.66],[19.5,-28.66],[19.5,-28.65],[19.49,-28.65],[19.49,-28.64],[19.5,-28.64],[19.5,-28.63],[19.5,-28.62],[19.5,-28.61],[19.5,-28.6],[19.51,-28.6],[19.52,-28.6],[19.52,-28.61],[19.53,-28.61],[19.53,-28.62],[19.54,-28.62],[19.54,-28.63],[19.55,-28.63],[19.56,-28.64],[19.57,-28.65],[19.58,-28.65],[19.58,-28.66],[19.59,-28.66],[19.59,-28.67],[19.6,-28.67],[19.6,-28.68],[19.61,-28.68],[19.61,-28.69],[19.62,-28.69],[19.62,-28.7],[19.63,-28.72],[19.64,-28.76],[19.65,-28.77],[19.65,-28.79],[19.66,-28.8],[19.66,-28.82],[19.67,-28.83],[19.68,-28.83],[19.69,-28.84],[19.7,-28.84],[19.72,-28.85],[19.73,-28.86],[19.75,-28.86],[19.77,-28.87],[19.78,-28.88],[19.77,-28.89],[19.76,-28.9],[19.75,-28.91],[19.74,-28.92],[19.73,-28.93],[19.72,-28.94],[19.71,-28.96],[19.7,-28.97],[19.69,-28.98],[19.68,-28.99],[19.68,-29.0],[19.67,-29.0],[19.66,-29.02],[19.65,-29.02],[19.64,-29.03],[19.63,-29.05],[19.62,-29.05],[19.61,-29.06],[19.6,-29.07],[19.59,-29.08],[19.58,-29.09],[19.58,-29.11],[19.58,-29.12],[19.58,-29.13],[19.58,-29.14],[19.58,-29.15],[19.58,-29.16],[19.58,-29.17],[19.59,-29.21],[19.6,-29.27],[19.66,-29.32],[19.69,-29.37],[19.71,-29.4],[19.7,-29.42],[19.74,-29.43],[19.74,-29.44],[19.75,-29.45],[19.75,-29.46],[19.75,-29.47],[19.75,-29.48],[19.75,-29.49],[19.76,-29.49],[19.76,-29.5],[19.76,-29.51],[19.76,-29.52],[19.76,-29.53],[19.77,-29.54],[19.77,-29.55],[19.77,-29.56],[19.77,-29.57],[19.76,-29.57],[19.76,-29.58],[19.75,-29.58],[19.74,-29.59],[19.73,-29.59],[19.71,-29.59],[19.7,-29.59],[19.69,-29.59],[19.68,-29.59],[19.67,-29.6],[19.66,-29.6],[19.65,-29.6],[19.64,-29.6],[19.63,-29.6],[19.62,-29.6],[19.61,-29.61],[19.6,-29.61],[19.59,-29.61],[19.59,-29.62],[19.59,-29.63],[19.6,-29.64],[19.6,-29.65],[19.6,-29.66],[19.61,-29.66],[19.61,-29.67],[19.61,-29.68],[19.57,-29.73],[19.58,-29.73],[19.59,-29.74],[19.6,-29.75],[19.61,-29.75],[19.62,-29.76],[19.63,-29.77],[19.64,-29.78],[19.65,-29.79],[19.66,-29.79],[19.67,-29.79],[19.68,-29.79],[19.69,-29.79],[19.7,-29.79],[19.71,-29.79],[19.72,-29.79],[19.73,-29.79],[19.74,-29.79],[19.75,-29.79],[19.76,-29.79],[19.77,-29.79],[19.78,-29.78],[19.79,-29.78],[19.8,-29.78],[19.81,-29.78],[19.82,-29.78],[19.83,-29.78],[19.84,-29.78],[19.85,-29.78],[19.86,-29.78],[19.88,-29.78],[19.89,-29.78],[19.9,-29.79],[19.91,-29.8],[19.92,-29.81],[19.93,-29.82],[19.95,-29.83],[19.98,-29.86],[19.99,-29.87],[20.0,-29.87],[20.03,-29.86],[20.05,-29.86],[20.06,-29.85],[20.08,-29.85],[20.09,-29.84],[20.1,-29.83],[20.11,-29.83],[20.11,-29.82],[20.12,-29.81],[20.13,-29.8],[20.14,-29.8],[20.14,-29.79],[20.15,-29.79],[20.15,-29.78],[20.16,-29.78],[20.16,-29.77],[20.17,-29.77],[20.18,-29.76],[20.17,-29.76],[20.17,-29.75],[20.17,-29.74],[20.17,-29.73],[20.17,-29.72],[20.17,-29.71],[20.16,-29.7],[20.16,-29.69],[20.16,-29.68],[20.16,-29.67],[20.16,-29.66],[20.16,-29.65],[20.17,-29.65],[20.18,-29.65],[20.2,-29.65],[20.21,-29.65],[20.24,-29.65],[20.26,-29.64],[20.27,-29.64],[20.32,-29.63],[20.35,-29.62],[20.36,-29.61],[20.39,-29.6],[20.4,-29.61],[20.41,-29.61],[20.44,-29.62],[20.45,-29.63],[20.45,-29.64],[20.46,-29.64],[20.46,-29.65],[20.47,-29.65],[20.47,-29.66],[20.48,-29.67],[20.49,-29.68],[20.49,-29.69],[20.5,-29.69],[20.5,-29.7],[20.51,-29.7],[20.51,-29.71],[20.52,-29.72],[20.53,-29.71],[20.54,-29.7],[20.55,-29.69],[20.55,-29.68],[20.56,-29.68],[20.56,-29.67],[20.57,-29.66],[20.58,-29.65],[20.59,-29.64],[20.59,-29.63],[20.6,-29.63],[20.61,-29.63],[20.62,-29.63],[20.62,-29.62],[20.63,-29.62],[20.63,-29.63],[20.64,-29.63],[20.65,-29.63],[20.65,-29.64],[20.66,-29.64],[20.66,-29.67],[20.65,-29.7],[20.64,-29.72],[20.64,-29.73],[20.64,-29.74],[20.64,-29.75],[20.64,-29.76],[20.64,-29.77],[20.63,-29.77],[20.63,-29.78],[20.63,-29.79],[20.63,-29.8],[20.63,-29.81],[20.63,-29.82],[20.63,-29.83],[20.63,-29.84],[20.63,-29.85],[20.63,-29.86],[20.63,-29.87],[20.64,-29.88],[20.64,-29.89],[20.65,-29.89],[20.65,-29.9],[20.66,-29.91],[20.66,-29.92],[20.67,-29.92],[20.67,-29.93],[20.68,-29.93],[20.68,-29.94],[20.68,-29.95],[20.69,-29.96],[20.7,-29.97],[20.7,-29.98],[20.71,-29.98],[20.71,-29.99],[20.72,-29.99],[20.73,-29.99],[20.74,-29.99],[20.75,-29.99],[20.75,-29.98],[20.76,-29.98],[20.77,-29.98],[20.78,-29.97],[20.79,-29.97],[20.8,-29.96],[20.81,-29.96],[20.82,-29.95],[20.81,-29.95],[20.81,-29.94],[20.8,-29.94],[20.81,-29.93],[20.82,-29.92],[20.82,-29.91],[20.82,-29.9],[20.83,-29.89],[20.83,-29.88],[20.86,-29.86],[20.9,-29.85],[20.91,-29.84],[20.96,-29.8],[20.97,-29.79],[20.98,-29.78],[20.99,-29.78],[21.01,-29.77],[21.02,-29.76],[21.04,-29.75],[21.04,-29.74],[21.06,-29.73],[21.07,-29.73],[21.07,-29.72],[21.08,-29.72],[21.09,-29.71],[21.1,-29.71],[21.11,-29.7],[21.12,-29.69],[21.13,-29.69],[21.15,-29.67],[21.16,-29.67],[21.16,-29.66],[21.17,-29.66],[21.18,-29.65],[21.19,-29.65],[21.19,-29.64],[21.2,-29.64],[21.21,-29.64],[21.22,-29.65],[21.23,-29.65],[21.24,-29.66],[21.25,-29.67],[21.27,-29.68],[21.28,-29.69],[21.27,-29.7],[21.27,-29.71],[21.27,-29.72],[21.27,-29.73],[21.27,-29.74],[21.26,-29.75],[21.26,-29.76],[21.25,-29.76],[21.24,-29.77],[21.23,-29.78],[21.23,-29.79],[21.22,-29.79],[21.22,-29.8],[21.21,-29.81],[21.2,-29.82],[21.19,-29.83],[21.18,-29.84],[21.17,-29.85],[21.17,-29.86],[21.16,-29.86],[21.15,-29.87],[21.17,-29.88],[21.18,-29.89],[21.19,-29.89],[21.2,-29.9],[21.21,-29.91],[21.22,-29.91],[21.23,-29.92],[21.24,-29.92],[21.24,-29.93],[21.25,-29.93],[21.25,-29.94],[21.26,-29.94],[21.26,-29.95],[21.27,-29.95],[21.28,-29.96],[21.29,-29.97],[21.3,-29.98],[21.31,-29.98],[21.24,-30.04],[21.21,-30.06],[21.19,-30.07],[21.17,-30.09],[21.16,-30.09],[21.16,-30.11],[21.16,-30.12],[21.16,-30.13],[21.16,-30.14],[21.16,-30.15],[21.16,-30.16],[21.15,-30.18],[21.15,-30.19],[21.16,-30.19],[21.17,-30.19],[21.18,-30.19],[21.19,-30.18],[21.2,-30.18],[21.21,-30.18],[21.22,-30.18],[21.24,-30.19],[21.25,-30.2],[21.26,-30.2],[21.15,-30.21],[21.15,-30.22],[21.15,-30.23],[21.15,-30.24],[21.14,-30.24],[21.14,-30.25],[21.14,-30.26],[21.13,-30.27],[21.12,-30.27],[21.11,-30.28],[21.1,-30.29],[21.09,-30.29],[21.08,-30.3],[21.07,-30.3],[21.07,-30.32],[21.07,-30.33],[21.08,-30.33],[21.09,-30.33],[21.1,-30.34],[21.11,-30.34],[21.14,-30.34],[21.16,-30.34],[21.17,-30.34],[21.19,-30.34],[21.2,-30.34],[21.21,-30.34],[21.22,-30.33],[21.25,-30.39],[21.25,-30.4],[21.25,-30.41],[21.26,-30.42],[21.26,-30.43],[21.26,-30.44],[21.26,-30.45],[21.26,-30.46],[21.26,-30.47],[21.27,-30.47],[21.27,-30.48],[21.27,-30.49],[21.28,-30.5],[21.29,-30.51],[21.29,-30.52],[21.3,-30.53],[21.3,-30.54],[21.31,-30.54],[21.27,-30.59],[21.34,-30.64],[21.34,-30.65],[21.35,-30.65],[21.35,-30.66],[21.36,-30.66],[21.36,-30.67],[21.37,-30.68],[21.38,-30.69],[21.38,-30.7],[21.39,-30.7],[21.4,-30.71],[21.41,-30.72],[21.42,-30.72],[21.42,-30.73],[21.43,-30.73],[21.44,-30.73],[21.45,-30.74],[21.46,-30.74],[21.47,-30.74],[21.48,-30.75],[21.47,-30.76],[21.47,-30.77],[21.46,-30.77],[21.45,-30.78],[21.45,-30.79],[21.45,-30.8],[21.46,-30.8],[21.46,-30.81],[21.46,-30.82],[21.47,-30.82],[21.48,-30.82],[21.48,-30.83],[21.49,-30.83],[21.48,-30.85],[21.47,-30.87],[21.47,-30.88],[21.48,-30.88],[21.48,-30.89],[21.49,-30.89],[21.5,-30.89],[21.5,-30.9],[21.5,-30.91],[21.5,-30.92],[21.49,-30.93],[21.49,-30.94],[21.48,-30.94],[21.48,-30.95],[21.49,-30.95],[21.49,-30.96],[21.48,-30.97],[21.48,-30.99],[21.49,-30.99],[21.49,-31.0],[21.52,-31.0],[21.53,-31.0],[21.52,-31.01],[21.52,-31.02],[21.52,-31.03],[21.52,-31.04],[21.51,-31.04],[21.51,-31.05],[21.51,-31.06],[21.52,-31.06],[21.52,-31.07],[21.53,-31.07],[21.54,-31.07],[21.54,-31.08],[21.55,-31.08],[21.55,-31.09],[21.56,-31.09],[21.57,-31.1],[21.57,-31.09],[21.58,-31.08],[21.58,-31.07],[21.59,-31.07],[21.59,-31.06],[21.6,-31.07],[21.61,-31.07],[21.62,-31.07],[21.62,-31.08],[21.63,-31.08],[21.64,-31.08],[21.64,-31.09],[21.65,-31.09],[21.66,-31.09],[21.67,-31.1],[21.68,-31.11],[21.68,-31.12],[21.69,-31.13],[21.69,-31.15],[21.7,-31.15],[21.7,-31.16],[21.69,-31.17],[21.63,-31.15],[21.62,-31.15],[21.61,-31.18],[21.61,-31.2],[21.61,-31.21],[21.61,-31.25],[21.62,-31.25],[21.63,-31.25],[21.64,-31.25],[21.65,-31.26],[21.66,-31.26],[21.67,-31.26],[21.68,-31.26],[21.69,-31.26],[21.7,-31.26],[21.71,-31.26],[21.73,-31.26],[21.74,-31.27],[21.75,-31.27],[21.76,-31.27],[21.76,-31.28],[21.76,-31.29],[21.75,-31.3],[21.75,-31.31],[21.75,-31.32],[21.77,-31.32],[21.8,-31.32],[21.81,-31.33],[21.82,-31.35],[21.82,-31.39],[21.81,-31.4],[21.82,-31.4],[21.83,-31.4],[21.84,-31.4],[21.86,-31.4],[21.88,-31.4],[21.89,-31.4],[21.9,-31.41],[21.92,-31.42],[21.93,-31.42],[21.94,-31.43],[21.93,-31.43],[21.91,-31.44],[21.9,-31.44],[21.89,-31.45],[21.87,-31.45],[21.85,-31.46],[21.85,-31.47],[21.86,-31.47],[21.86,-31.48],[21.86,-31.49],[21.87,-31.5],[21.88,-31.5],[21.9,-31.49],[21.91,-31.49],[21.92,-31.49],[21.93,-31.49],[21.93,-31.48],[21.94,-31.48],[21.94,-31.47],[21.95,-31.47],[21.95,-31.48],[21.96,-31.49],[21.96,-31.5],[21.96,-31.51],[21.97,-31.52],[21.97,-31.53],[21.98,-31.54],[21.98,-31.55],[21.99,-31.55],[21.99,-31.56],[22.0,-31.56],[22.0,-31.57],[22.0,-31.58],[22.01,-31.58],[22.01,-31.59],[22.0,-31.59],[21.98,-31.6],[21.97,-31.6],[21.96,-31.6],[21.95,-31.6],[21.94,-31.61],[21.94,-31.62],[21.93,-31.62],[21.93,-31.63],[21.92,-31.63],[21.92,-31.64],[21.92,-31.65],[21.92,-31.66],[21.93,-31.66],[21.93,-31.67],[21.94,-31.67],[21.94,-31.68],[21.95,-31.68],[21.96,-31.69],[21.97,-31.69],[21.98,-31.69],[21.99,-31.7],[21.99,-31.71],[21.99,-31.72],[22.0,-31.73],[22.01,-31.74],[22.03,-31.75],[22.03,-31.76],[22.04,-31.76],[22.04,-31.77],[22.05,-31.77],[22.06,-31.77],[22.07,-31.77],[22.08,-31.76],[22.09,-31.76],[22.1,-31.76],[22.11,-31.76],[22.12,-31.76],[22.13,-31.76],[22.14,-31.77],[22.15,-31.77],[22.16,-31.77],[22.17,-31.78],[22.18,-31.78],[22.19,-31.78],[22.19,-31.77],[22.2,-31.76],[22.2,-31.77],[22.21,-31.78],[22.21,-31.79],[22.2,-31.79],[22.2,-31.8],[22.18,-31.8],[22.17,-31.8],[22.16,-31.81],[22.17,-31.82],[22.18,-31.82],[22.18,-31.83],[22.17,-31.84],[22.17,-31.85],[22.17,-31.86],[22.17,-31.87],[22.17,-31.88],[22.17,-31.89],[22.16,-31.89],[22.15,-31.89],[22.14,-31.89],[22.13,-31.88],[22.12,-31.87],[22.12,-31.86],[22.11,-31.86],[22.1,-31.86],[22.09,-31.86],[22.08,-31.86],[22.08,-31.85],[22.08,-31.86],[22.08,-31.87],[22.08,-31.88],[22.09,-31.88],[22.09,-31.89],[22.1,-31.89],[22.1,-31.9],[22.1,-31.92],[22.09,-31.93],[22.08,-31.94],[22.07,-31.94],[22.08,-31.95],[22.08,-31.96],[22.08,-31.97],[22.09,-31.97],[22.09,-31.98],[22.09,-31.99],[22.09,-32.0],[22.09,-32.01],[22.08,-32.01],[22.08,-32.02],[22.07,-32.02],[22.08,-32.02],[22.08,-32.03],[22.09,-32.04],[22.09,-32.05],[22.1,-32.05],[22.11,-32.06],[22.12,-32.06],[22.13,-32.06],[22.13,-32.07],[22.12,-32.08],[22.11,-32.09],[22.11,-32.1],[22.11,-32.11],[22.1,-32.12],[22.1,-32.13],[22.09,-32.14],[22.09,-32.15],[22.09,-32.14],[22.08,-32.13],[22.08,-32.12],[22.08,-32.1],[22.07,-32.09],[22.07,-32.08],[22.06,-32.09],[22.05,-32.09],[22.04,-32.1],[22.03,-32.11],[22.02,-32.11],[22.02,-32.12],[22.01,-32.13],[22.01,-32.14],[22.01,-32.15],[22.01,-32.16],[22.0,-32.17],[22.0,-32.18],[22.0,-32.19],[22.0,-32.2],[22.0,-32.21],[22.0,-32.2],[21.99,-32.2],[21.99,-32.21],[21.98,-32.21],[21.97,-32.21],[21.97,-32.22],[21.96,-32.22],[21.95,-32.22],[21.94,-32.22],[21.94,-32.23],[21.93,-32.23],[21.93,-32.24],[21.93,-32.25],[21.93,-32.26],[21.92,-32.26],[21.91,-32.26],[21.91,-32.25],[21.9,-32.26],[21.9,-32.27],[21.89,-32.27],[21.88,-32.27],[21.88,-32.28],[21.87,-32.28],[21.86,-32.28],[21.85,-32.28],[21.85,-32.27],[21.84,-32.27],[21.83,-32.27],[21.82,-32.27],[21.82,-32.26],[21.81,-32.26],[21.8,-32.26],[21.79,-32.26],[21.79,-32.25],[21.78,-32.25],[21.77,-32.24],[21.77,-32.23],[21.76,-32.23],[21.75,-32.23],[21.74,-32.22],[21.74,-32.21],[21.72,-32.21],[21.71,-32.22],[21.7,-32.23],[21.7,-32.24],[21.69,-32.25],[21.68,-32.25],[21.68,-32.24],[21.67,-32.24],[21.67,-32.23],[21.66,-32.23],[21.66,-32.22],[21.65,-32.22],[21.64,-32.21],[21.63,-32.21],[21.62,-32.21],[21.61,-32.21],[21.6,-32.21],[21.6,-32.22],[21.59,-32.22],[21.58,-32.22],[21.57,-32.22],[21.56,-32.23],[21.55,-32.23],[21.54,-32.23],[21.54,-32.24],[21.54,-32.25],[21.54,-32.26],[21.54,-32.27],[21.55,-32.27],[21.55,-32.28],[21.55,-32.29],[21.55,-32.3],[21.56,-32.3],[21.56,-32.31],[21.56,-32.32],[21.55,-32.32],[21.55,-32.33],[21.52,-32.34],[21.5,-32.33],[21.48,-32.33],[21.47,-32.33],[21.47,-32.34],[21.46,-32.34],[21.45,-32.35],[21.44,-32.35],[21.44,-32.36],[21.43,-32.37],[21.43,-32.38],[21.41,-32.37],[21.4,-32.37],[21.39,-32.38],[21.38,-32.38],[21.37,-32.39],[21.36,-32.39],[21.35,-32.39],[21.34,-32.39],[21.33,-32.38],[21.32,-32.38],[21.31,-32.38],[21.3,-32.38],[21.3,-32.39],[21.3,-32.4],[21.3,-32.41],[21.29,-32.42],[21.28,-32.43],[21.28,-32.44],[21.27,-32.45],[21.26,-32.45],[21.25,-32.46],[21.24,-32.46],[21.23,-32.46],[21.22,-32.47],[21.2,-32.5],[21.19,-32.5],[21.18,-32.51],[21.18,-32.52],[21.17,-32.52],[21.17,-32.53],[21.17,-32.54],[21.16,-32.55],[21.16,-32.56],[21.15,-32.56],[21.15,-32.57],[21.15,-32.58],[21.14,-32.58],[21.14,-32.59],[21.15,-32.6],[21.15,-32.61],[21.15,-32.62],[21.16,-32.63],[21.15,-32.63],[21.14,-32.63],[21.14,-32.64],[21.13,-32.64],[21.12,-32.64],[21.11,-32.65],[21.1,-32.65],[21.09,-32.65],[21.08,-32.65],[21.07,-32.65],[21.07,-32.66],[21.06,-32.66],[21.06,-32.65],[21.05,-32.65],[21.04,-32.65],[21.02,-32.65],[21.01,-32.65],[21.0,-32.64],[20.99,-32.64],[20.98,-32.64],[20.97,-32.64],[20.96,-32.64],[20.95,-32.64],[20.94,-32.64],[20.93,-32.65],[20.92,-32.65],[20.91,-32.65],[20.9,-32.65],[20.89,-32.65],[20.88,-32.66],[20.87,-32.66],[20.85,-32.66],[20.84,-32.66],[20.84,-32.67],[20.83,-32.68],[20.83,-32.69],[20.82,-32.69],[20.82,-32.7],[20.81,-32.7],[20.8,-32.71],[20.79,-32.71],[20.79,-32.72],[20.79,-32.73],[20.79,-32.74],[20.8,-32.74],[20.8,-32.75],[20.81,-32.75],[20.81,-32.76],[20.82,-32.77],[20.82,-32.78],[20.83,-32.78],[20.83,-32.79],[20.83,-32.8],[20.83,-32.81],[20.83,-32.82],[20.83,-32.83],[20.82,-32.86],[20.8,-32.89],[20.79,-32.9],[20.78,-32.9],[20.77,-32.9],[20.77,-32.91],[20.76,-32.91],[20.75,-32.91],[20.74,-32.91],[20.74,-32.92],[20.74,-32.93],[20.73,-32.94],[20.72,-32.94],[20.71,-32.94],[20.7,-32.94],[20.69,-32.94],[20.68,-32.94],[20.67,-32.94],[20.67,-32.93],[20.66,-32.93],[20.65,-32.93],[20.65,-32.94],[20.64,-32.94],[20.63,-32.94],[20.62,-32.94],[20.61,-32.94],[20.6,-32.94],[20.59,-32.94],[20.59,-32.93],[20.59,-32.92],[20.58,-32.91],[20.58,-32.9],[20.57,-32.89],[20.56,-32.89],[20.56,-32.88],[20.56,-32.89],[20.55,-32.89],[20.54,-32.9],[20.53,-32.91],[20.52,-32.92],[20.51,-32.93],[20.5,-32.94],[20.49,-32.94],[20.47,-32.94],[20.46,-32.94],[20.44,-32.94],[20.43,-32.94],[20.43,-32.93],[20.42,-32.93],[20.41,-32.92],[20.4,-32.92],[20.4,-32.91],[20.39,-32.91],[20.38,-32.9],[20.37,-32.91],[20.36,-32.91],[20.36,-32.9],[20.36,-32.89],[20.36,-32.88],[20.36,-32.87],[20.36,-32.86],[20.35,-32.86],[20.34,-32.86],[20.34,-32.85],[20.33,-32.85],[20.33,-32.84],[20.32,-32.83],[20.31,-32.82],[20.31,-32.81],[20.3,-32.81],[20.3,-32.8],[20.29,-32.8],[20.28,-32.8],[20.27,-32.8],[20.26,-32.8],[20.25,-32.8],[20.24,-32.79],[20.23,-32.79],[20.22,-32.79],[20.22,-32.78],[20.21,-32.78],[20.21,-32.77],[20.2,-32.77],[20.2,-32.76],[20.19,-32.76],[20.19,-32.75],[20.19,-32.74],[20.19,-32.73],[20.19,-32.72],[20.19,-32.71],[20.19,-32.7],[20.19,-32.69],[20.19,-32.68],[20.18,-32.67],[20.17,-32.66],[20.16,-32.66],[20.16,-32.65],[20.15,-32.65],[20.14,-32.65],[20.14,-32.64],[20.14,-32.63],[20.14,-32.62],[20.14,-32.61],[20.13,-32.61],[20.13,-32.6],[20.13,-32.59],[20.12,-32.59],[20.12,-32.58],[20.11,-32.57],[20.12,-32.57],[20.12,-32.56],[20.12,-32.55],[20.12,-32.54],[20.11,-32.54],[20.11,-32.53],[20.11,-32.52],[20.1,-32.52],[20.1,-32.51],[20.1,-32.5],[20.1,-32.49],[20.1,-32.48],[20.09,-32.47],[20.09,-32.46],[20.09,-32.45],[20.09,-32.44],[20.09,-32.43],[20.08,-32.42],[20.08,-32.4],[20.11,-32.41],[20.13,-32.42],[20.15,-32.4],[20.16,-32.39],[20.17,-32.38],[20.16,-32.35],[20.18,-32.34],[20.2,-32.32],[20.22,-32.3],[20.23,-32.31],[20.24,-32.31],[20.25,-32.31],[20.25,-32.29],[20.25,-32.28],[20.25,-32.26],[20.25,-32.25],[20.24,-32.22],[20.2,-32.23],[20.17,-32.23],[20.18,-32.18],[20.15,-32.19],[20.14,-32.19],[20.13,-32.19],[20.13,-32.2],[20.12,-32.2],[20.12,-32.21],[20.11,-32.21],[20.11,-32.22],[20.11,-32.23],[20.11,-32.24],[20.1,-32.24],[20.1,-32.25],[20.09,-32.25],[20.05,-32.25],[20.04,-32.3],[20.01,-32.33],[20.0,-32.33],[19.99,-32.34],[19.98,-32.34],[19.97,-32.35],[19.94,-32.38],[19.93,-32.38],[19.87,-32.38],[19.85,-32.37],[19.82,-32.36],[19.8,-32.39],[19.8,-32.4],[19.79,-32.4],[19.78,-32.4],[19.78,-32.41],[19.77,-32.41],[19.76,-32.41],[19.74,-32.39],[19.73,-32.41],[19.71,-32.42],[19.73,-32.44],[19.7,-32.45],[19.68,-32.46],[19.67,-32.45],[19.65,-32.44],[19.62,-32.47],[19.62,-32.48],[19.62,-32.49],[19.63,-32.5],[19.62,-32.51],[19.62,-32.52],[19.61,-32.53],[19.61,-32.54],[19.61,-32.55],[19.61,-32.56],[19.61,-32.57],[19.61,-32.58],[19.61,-32.59],[19.61,-32.6],[19.61,-32.61],[19.61,-32.62],[19.61,-32.63],[19.6,-32.63],[19.6,-32.64],[19.59,-32.64],[19.59,-32.65],[19.58,-32.65],[19.57,-32.66],[19.56,-32.66],[19.55,-32.66],[19.55,-32.67],[19.53,-32.67],[19.51,-32.64],[19.5,-32.61],[19.49,-32.58],[19.49,-32.57],[19.49,-32.54],[19.49,-32.5],[19.52,-32.49],[19.52,-32.48],[19.51,-32.48],[19.51,-32.47],[19.5,-32.47],[19.5,-32.48],[19.5,-32.47],[19.49,-32.47],[19.49,-32.46],[19.49,-32.45],[19.48,-32.45],[19.48,-32.44],[19.47,-32.44],[19.47,-32.43],[19.47,-32.42],[19.46,-32.42],[19.46,-32.41],[19.46,-32.4],[19.45,-32.4],[19.45,-32.39],[19.44,-32.39],[19.44,-32.38],[19.43,-32.37],[19.44,-32.37],[19.43,-32.37],[19.43,-32.36],[19.43,-32.35],[19.42,-32.34],[19.41,-32.31],[19.41,-32.3],[19.41,-32.29],[19.43,-32.28],[19.46,-32.27],[19.48,-32.26],[19.49,-32.25],[19.5,-32.25],[19.49,-32.24],[19.49,-32.23],[19.49,-32.22],[19.5,-32.22],[19.5,-32.21],[19.49,-32.21],[19.5,-32.21],[19.49,-32.2],[19.5,-32.19],[19.5,-32.18],[19.49,-32.16],[19.48,-32.16],[19.48,-32.15],[19.48,-32.14],[19.49,-32.13],[19.5,-32.13],[19.51,-32.13],[19.51,-32.12],[19.52,-32.12],[19.51,-32.11],[19.51,-32.1],[19.51,-32.09],[19.5,-32.09],[19.5,-32.11],[19.49,-32.12],[19.48,-32.11],[19.49,-32.09],[19.49,-32.08],[19.48,-32.08],[19.48,-32.07],[19.47,-32.07],[19.46,-32.07],[19.45,-32.06],[19.45,-32.05],[19.44,-32.05],[19.44,-32.04],[19.43,-32.04],[19.43,-32.03],[19.42,-32.03],[19.41,-32.02],[19.4,-32.02],[19.39,-32.02],[19.39,-32.03],[19.38,-32.03],[19.38,-32.04],[19.37,-32.04],[19.36,-32.04],[19.36,-32.03],[19.35,-32.03],[19.35,-32.02],[19.34,-32.02],[19.33,-32.01],[19.33,-32.0],[19.33,-31.99],[19.32,-31.98],[19.31,-31.98],[19.3,-31.97],[19.29,-31.97],[19.28,-31.97],[19.28,-31.98],[19.27,-31.97],[19.26,-31.97],[19.27,-31.96],[19.27,-31.95],[19.27,-31.94],[19.28,-31.92],[19.28,-31.91],[19.28,-31.9],[19.29,-31.89],[19.29,-31.88],[19.29,-31.87],[19.29,-31.86],[19.29,-31.87],[19.27,-31.88],[19.26,-31.89],[19.26,-31.9],[19.25,-31.9],[19.25,-31.91],[19.24,-31.91],[19.24,-31.92],[19.23,-31.93],[19.22,-31.94],[19.21,-31.95],[19.21,-31.94],[19.21,-31.93],[19.2,-31.92],[19.2,-31.9],[19.19,-31.91],[19.18,-31.91],[19.17,-31.91],[19.16,-31.9],[19.15,-31.9],[19.15,-31.91],[19.14,-31.91],[19.13,-31.91],[19.12,-31.91],[19.11,-31.9],[19.1,-31.9],[19.09,-31.9],[19.09,-31.89],[19.08,-31.89],[19.07,-31.89],[19.07,-31.88],[19.06,-31.88],[19.05,-31.88],[19.04,-31.88],[19.03,-31.88],[19.03,-31.87],[19.03,-31.86],[19.03,-31.85],[19.03,-31.84],[19.03,-31.83],[19.04,-31.83],[19.05,-31.83],[19.05,-31.82],[19.06,-31.82],[19.06,-31.81],[19.07,-31.81],[19.07,-31.8],[19.08,-31.8],[19.08,-31.79],[19.09,-31.79],[19.08,-31.79],[19.08,-31.78],[19.07,-31.78],[19.06,-31.78],[19.07,-31.78],[19.07,-31.77],[19.07,-31.76],[19.08,-31.76],[19.09,-31.76],[19.09,-31.75],[19.09,-31.74],[19.08,-31.74],[19.08,-31.73],[19.08,-31.72],[19.07,-31.71],[19.06,-31.69],[19.05,-31.67],[19.06,-31.67],[19.07,-31.67],[19.07,-31.66],[19.08,-31.66],[19.08,-31.65],[19.08,-31.64],[19.08,-31.63],[19.07,-31.63],[19.07,-31.62],[19.08,-31.62],[19.08,-31.61],[19.09,-31.6],[19.09,-31.59],[19.09,-31.58],[19.09,-31.57],[19.08,-31.57],[19.07,-31.57],[19.06,-31.57],[19.05,-31.57],[19.06,-31.57],[19.06,-31.56],[19.07,-31.55],[19.07,-31.54],[19.08,-31.54],[19.08,-31.53],[19.09,-31.53],[19.08,-31.53],[19.08,-31.52],[19.07,-31.52],[19.06,-31.52],[19.05,-31.52],[19.04,-31.52],[19.04,-31.51],[19.03,-31.51],[19.02,-31.51],[19.01,-31.51],[19.01,-31.5],[19.02,-31.5],[19.02,-31.49],[19.02,-31.48],[19.03,-31.48],[19.03,-31.47],[19.04,-31.47],[19.04,-31.46],[19.04,-31.45],[19.04,-31.44],[19.04,-31.43],[19.04,-31.42],[19.03,-31.42],[19.03,-31.41],[19.03,-31.4],[19.03,-31.39],[19.03,-31.38],[19.02,-31.38],[19.02,-31.37],[19.01,-31.37],[19.0,-31.37],[19.0,-31.36],[18.99,-31.36],[18.98,-31.36],[18.98,-31.35],[18.99,-31.34],[18.99,-31.33],[19.0,-31.33],[19.0,-31.32],[19.01,-31.32],[19.01,-31.31],[19.01,-31.3],[19.0,-31.3],[18.99,-31.3],[18.99,-31.29],[18.98,-31.29],[18.97,-31.29],[18.97,-31.28],[18.96,-31.28],[18.96,-31.27],[18.96,-31.26],[18.95,-31.26],[18.95,-31.25],[18.95,-31.24],[18.94,-31.24],[18.95,-31.23],[18.95,-31.22],[18.95,-31.21],[18.95,-31.2],[18.95,-31.18],[18.95,-31.17],[18.95,-31.16],[18.95,-31.15],[18.95,-31.14],[18.95,-31.13],[18.95,-31.11],[18.94,-31.1],[18.93,-31.09],[18.91,-31.06],[18.91,-31.05],[18.9,-31.04],[18.9,-31.03],[18.91,-31.03],[18.91,-31.02],[18.91,-31.01],[18.91,-31.0],[18.91,-30.99],[18.91,-30.98],[18.93,-30.97],[18.94,-30.97],[18.95,-30.96],[18.96,-30.96],[18.97,-30.95],[18.98,-30.95],[18.97,-30.94],[18.96,-30.93],[18.95,-30.93],[18.94,-30.92],[18.92,-30.92],[18.91,-30.91],[18.9,-30.9],[18.89,-30.89],[18.88,-30.89],[18.96,-30.87],[18.96,-30.86],[18.96,-30.85],[18.96,-30.8],[18.96,-30.79],[18.95,-30.78],[18.95,-30.77],[18.95,-30.76],[18.95,-30.75],[18.95,-30.74],[18.94,-30.74],[18.93,-30.74],[18.92,-30.74],[18.91,-30.73],[18.9,-30.73],[18.89,-30.73],[18.89,-30.72],[18.88,-30.72],[18.87,-30.72],[18.86,-30.72],[18.86,-30.71],[18.85,-30.71],[18.84,-30.7],[18.83,-30.69],[18.82,-30.69],[18.8,-30.67],[18.79,-30.67],[18.79,-30.66],[18.79,-30.65],[18.79,-30.64],[18.8,-30.64],[18.8,-30.63],[18.8,-30.62],[18.79,-30.62],[18.79,-30.61],[18.78,-30.61],[18.78,-30.6],[18.77,-30.59],[18.77,-30.58],[18.76,-30.58],[18.76,-30.57],[18.75,-30.57],[18.74,-30.57],[18.73,-30.56],[18.72,-30.56],[18.71,-30.56],[18.7,-30.56],[18.69,-30.56],[18.68,-30.56],[18.67,-30.56],[18.66,-30.56],[18.65,-30.55],[18.64,-30.54],[18.64,-30.53],[18.63,-30.53],[18.63,-30.52],[18.63,-30.51],[18.62,-30.51],[18.62,-30.5],[18.61,-30.49],[18.61,-30.48],[18.6,-30.47],[18.59,-30.47],[18.58,-30.45],[18.58,-30.44],[18.57,-30.44],[18.57,-30.43],[18.56,-30.43],[18.55,-30.43],[18.55,-30.44],[18.54,-30.44],[18.53,-30.44],[18.52,-30.44],[18.51,-30.44],[18.5,-30.44],[18.5,-30.45],[18.5,-30.46],[18.5,-30.47],[18.49,-30.48],[18.49,-30.49],[18.49,-30.5],[18.49,-30.51],[18.49,-30.52],[18.48,-30.52],[18.49,-30.53],[18.49,-30.54],[18.5,-30.55],[18.5,-30.56],[18.51,-30.57],[18.51,-30.58],[18.52,-30.6],[18.52,-30.61],[18.51,-30.59],[18.5,-30.58],[18.44,-30.51],[18.44,-30.5],[18.43,-30.5],[18.42,-30.49],[18.41,-30.49],[18.41,-30.48],[18.4,-30.48],[18.4,-30.47],[18.39,-30.47],[18.38,-30.46],[18.38,-30.47],[18.39,-30.47],[18.39,-30.48],[18.39,-30.49],[18.4,-30.49],[18.4,-30.5],[18.4,-30.51],[18.41,-30.51],[18.41,-30.52],[18.41,-30.53],[18.41,-30.54],[18.4,-30.55],[18.39,-30.56],[18.39,-30.57],[18.38,-30.57],[18.38,-30.58],[18.37,-30.59],[18.37,-30.66],[18.37,-30.67],[18.36,-30.68],[18.35,-30.68],[18.35,-30.69],[18.34,-30.7],[18.34,-30.71],[18.33,-30.71],[18.31,-30.74],[18.31,-30.75],[18.31,-30.76],[18.3,-30.76],[18.3,-30.77],[18.29,-30.77],[18.29,-30.78],[18.28,-30.79],[18.28,-30.8],[18.27,-30.8],[18.27,-30.81],[18.27,-30.82],[18.26,-30.82],[18.25,-30.83],[18.24,-30.82],[18.23,-30.82],[18.22,-30.82],[18.22,-30.81],[18.21,-30.81],[18.2,-30.81],[18.2,-30.82],[18.2,-30.83],[18.21,-30.83],[18.2,-30.83],[18.19,-30.83],[18.19,-30.84],[18.18,-30.84],[18.17,-30.85],[18.14,-30.83],[18.12,-30.81],[18.1,-30.79],[18.09,-30.79],[18.08,-30.78],[18.06,-30.78],[18.05,-30.78],[18.04,-30.78],[18.03,-30.78],[18.03,-30.79],[18.02,-30.79],[18.01,-30.79],[18.0,-30.8],[18.0,-30.81],[17.99,-30.82],[17.99,-30.83],[17.99,-30.84],[17.99,-30.86],[17.99,-30.87],[17.99,-30.88],[17.99,-30.89],[17.99,-30.9],[17.99,-30.91],[17.99,-30.92],[17.98,-30.92],[17.97,-30.91],[17.96,-30.92],[17.95,-30.92],[17.93,-30.92],[17.92,-30.92],[17.91,-30.92],[17.9,-30.92],[17.89,-30.92],[17.88,-30.92],[17.88,-30.93],[17.88,-30.94],[17.88,-30.95],[17.89,-30.96],[17.89,-30.97],[17.9,-30.97],[17.9,-30.98],[17.91,-30.99],[17.92,-31.0],[17.93,-31.01],[17.92,-31.01],[17.92,-31.02],[17.91,-31.02],[17.9,-31.03],[17.89,-31.03],[17.89,-31.04],[17.88,-31.04],[17.87,-31.05],[17.86,-31.05],[17.85,-31.06],[17.85,-31.07],[17.84,-31.07],[17.83,-31.08],[17.82,-31.09],[17.81,-31.09],[17.82,-31.11],[17.82,-31.13],[17.82,-31.14],[17.83,-31.15],[17.83,-31.16],[17.83,-31.18],[17.82,-31.17],[17.81,-31.17],[17.8,-31.17],[17.79,-31.16],[17.77,-31.16],[17.76,-31.15],[17.75,-31.15],[17.75,-31.14],[17.74,-31.14],[17.74,-31.13],[17.75,-31.13],[17.74,-31.13],[17.74,-31.12],[17.74,-31.11],[17.73,-31.11],[17.73,-31.1],[17.72,-31.1],[17.72,-31.09],[17.72,-31.08],[17.71,-31.08],[17.71,-31.07],[17.7,-31.07],[17.7,-31.06],[17.71,-31.06],[17.7,-31.06],[17.71,-31.06],[17.7,-31.06],[17.7,-31.05],[17.7,-31.04],[17.69,-31.04],[17.69,-31.03],[17.69,-31.02],[17.69,-31.01],[17.68,-31.01],[17.68,-31.0],[17.68,-30.99],[17.67,-30.99],[17.67,-30.98],[17.66,-30.98],[17.66,-30.97],[17.65,-30.96],[17.64,-30.95],[17.63,-30.95],[17.64,-30.95],[17.63,-30.95],[17.63,-30.94],[17.63,-30.93],[17.62,-30.93],[17.62,-30.92],[17.61,-30.92],[17.6,-30.92],[17.6,-30.91],[17.6,-30.9],[17.6,-30.89],[17.59,-30.89],[17.59,-30.88],[17.58,-30.88],[17.59,-30.88],[17.58,-30.88],[17.59,-30.88],[17.58,-30.88],[17.59,-30.88],[17.59,-30.87],[17.58,-30.87],[17.58,-30.86],[17.57,-30.86],[17.58,-30.86],[17.57,-30.86],[17.58,-30.86],[17.58,-30.85],[17.57,-30.85],[17.58,-30.85],[17.57,-30.85],[17.57,-30.84],[17.57,-30.83],[17.56,-30.83],[17.56,-30.82],[17.55,-30.82],[17.55,-30.81],[17.55,-30.8],[17.55,-30.79],[17.54,-30.79],[17.54,-30.78],[17.53,-30.78],[17.53,-30.77],[17.53,-30.76],[17.53,-30.75],[17.53,-30.74],[17.52,-30.74],[17.52,-30.73],[17.52,-30.72],[17.51,-30.72],[17.51,-30.71],[17.5,-30.71],[17.5,-30.7],[17.49,-30.7],[17.48,-30.7],[17.48,-30.69],[17.48,-30.68],[17.47,-30.68],[17.47,-30.67],[17.47,-30.66],[17.46,-30.66],[17.46,-30.65],[17.46,-30.64],[17.45,-30.64],[17.45,-30.63],[17.44,-30.63],[17.45,-30.63],[17.44,-30.63],[17.44,-30.62],[17.43,-30.62],[17.44,-30.62],[17.43,-30.62],[17.43,-30.61],[17.44,-30.61],[17.43,-30.61],[17.44,-30.61],[17.44,-30.6],[17.44,-30.59],[17.43,-30.59],[17.43,-30.58],[17.42,-30.58],[17.42,-30.57],[17.41,-30.57],[17.41,-30.56],[17.41,-30.55],[17.41,-30.54],[17.4,-30.54],[17.41,-30.54],[17.4,-30.54],[17.4,-30.53],[17.39,-30.53],[17.39,-30.52],[17.39,-30.51],[17.38,-30.51],[17.38,-30.5],[17.37,-30.5],[17.37,-30.49],[17.36,-30.49],[17.37,-30.49],[17.36,-30.49],[17.36,-30.48],[17.36,-30.47],[17.36,-30.48],[17.36,-30.47],[17.35,-30.47],[17.35,-30.46],[17.35,-30.47],[17.35,-30.46],[17.35,-30.47],[17.35,-30.46],[17.35,-30.45],[17.34,-30.45],[17.34,-30.44],[17.34,-30.43],[17.33,-30.43],[17.33,-30.42],[17.33,-30.41],[17.32,-30.41],[17.33,-30.41],[17.32,-30.41],[17.32,-30.4],[17.31,-30.4],[17.31,-30.39],[17.31,-30.4],[17.31,-30.39],[17.31,-30.38],[17.31,-30.37],[17.3,-30.37],[17.29,-30.37],[17.29,-30.36],[17.29,-30.35],[17.28,-30.35],[17.28,-30.34],[17.27,-30.34],[17.28,-30.34],[17.27,-30.34],[17.27,-30.33],[17.27,-30.32],[17.28,-30.32],[17.27,-30.31],[17.27,-30.3],[17.27,-30.29],[17.27,-30.28],[17.26,-30.28],[17.27,-30.28],[17.26,-30.28],[17.27,-30.28],[17.26,-30.28],[17.26,-30.27],[17.26,-30.26],[17.26,-30.25],[17.25,-30.25],[17.25,-30.24],[17.24,-30.24],[17.24,-30.23],[17.24,-30.22],[17.23,-30.22],[17.24,-30.22],[17.23,-30.22],[17.23,-30.21],[17.23,-30.2],[17.23,-30.19],[17.22,-30.19],[17.22,-30.18],[17.22,-30.17],[17.22,-30.16],[17.21,-30.16],[17.21,-30.15],[17.2,-30.15],[17.2,-30.14],[17.2,-30.13],[17.2,-30.14],[17.19,-30.14],[17.19,-30.13],[17.2,-30.13],[17.2,-30.12],[17.2,-30.13],[17.19,-30.13],[17.19,-30.12],[17.19,-30.11],[17.19,-30.1],[17.18,-30.1],[17.19,-30.1],[17.18,-30.1],[17.19,-30.1],[17.18,-30.1],[17.18,-30.09],[17.19,-30.09],[17.18,-30.09],[17.18,-30.08],[17.18,-30.07],[17.18,-30.06],[17.18,-30.05],[17.17,-30.05],[17.17,-30.04],[17.17,-30.03],[17.17,-30.02],[17.16,-30.02],[17.16,-30.01],[17.16,-30.0],[17.16,-29.99],[17.16,-29.98],[17.15,-29.98],[17.16,-29.98],[17.15,-29.98],[17.15,-29.97],[17.15,-29.96],[17.14,-29.96],[17.14,-29.95],[17.13,-29.95],[17.13,-29.94],[17.12,-29.94],[17.12,-29.93],[17.12,-29.92],[17.12,-29.91],[17.11,-29.91],[17.11,-29.9],[17.11,-29.89],[17.1,-29.89],[17.1,-29.88],[17.1,-29.87],[17.1,-29.88],[17.1,-29.87],[17.11,-29.87],[17.1,-29.87],[17.1,-29.86],[17.09,-29.86],[17.09,-29.85],[17.09,-29.84],[17.09,-29.83],[17.08,-29.83],[17.08,-29.82],[17.08,-29.81],[17.07,-29.81],[17.08,-29.81],[17.08,-29.8],[17.07,-29.8],[17.08,-29.8],[17.08,-29.79],[17.07,-29.79],[17.07,-29.78],[17.07,-29.77],[17.06,-29.77],[17.06,-29.76],[17.06,-29.75],[17.06,-29.74],[17.06,-29.73],[17.06,-29.72],[17.06,-29.71],[17.05,-29.71],[17.05,-29.7],[17.06,-29.7],[17.06,-29.69],[17.05,-29.69],[17.05,-29.68],[17.05,-29.67],[17.04,-29.67],[17.04,-29.66],[17.04,-29.65],[17.04,-29.64],[17.03,-29.64],[17.03,-29.63],[17.03,-29.62],[17.04,-29.62],[17.03,-29.62],[17.03,-29.61],[17.02,-29.61],[17.02,-29.6],[17.02,-29.59],[17.01,-29.59],[17.01,-29.58],[17.0,-29.58],[17.0,-29.57],[17.0,-29.56],[17.01,-29.56],[17.01,-29.55],[17.0,-29.55],[17.0,-29.54],[17.0,-29.55],[17.0,-29.54],[17.0,-29.53],[17.0,-29.52],[16.99,-29.52],[16.99,-29.51],[16.99,-29.5],[16.98,-29.5],[16.99,-29.5],[16.98,-29.5],[16.98,-29.49],[16.99,-29.49],[16.98,-29.49],[16.99,-29.49],[16.98,-29.49],[16.98,-29.48],[16.98,-29.47],[16.98,-29.46],[16.97,-29.46],[16.97,-29.45],[16.97,-29.44],[16.97,-29.43],[16.96,-29.43],[16.96,-29.42],[16.95,-29.42],[16.95,-29.41],[16.95,-29.4],[16.94,-29.4],[16.94,-29.39],[16.94,-29.38],[16.94,-29.37],[16.94,-29.36],[16.93,-29.36],[16.93,-29.35],[16.92,-29.35],[16.92,-29.34],[16.91,-29.34],[16.91,-29.33],[16.91,-29.32],[16.9,-29.32],[16.9,-29.31],[16.89,-29.31],[16.89,-29.3],[16.88,-29.3],[16.88,-29.29],[16.88,-29.28],[16.88,-29.27],[16.87,-29.27],[16.87,-29.26],[16.87,-29.25],[16.87,-29.24],[16.86,-29.24],[16.85,-29.24],[16.86,-29.24],[16.85,-29.24],[16.85,-29.23],[16.85,-29.22],[16.84,-29.22],[16.84,-29.21],[16.84,-29.2],[16.84,-29.19],[16.84,-29.18],[16.84,-29.17],[16.83,-29.17],[16.83,-29.16],[16.84,-29.16],[16.83,-29.16],[16.83,-29.15],[16.83,-29.14],[16.82,-29.14],[16.82,-29.13],[16.82,-29.12],[16.82,-29.11],[16.81,-29.11],[16.82,-29.11],[16.82,-29.1],[16.82,-29.09],[16.81,-29.09],[16.81,-29.08],[16.8,-29.08],[16.8,-29.07],[16.79,-29.07],[16.79,-29.06],[16.78,-29.06],[16.77,-29.06],[16.77,-29.05],[16.76,-29.05],[16.75,-29.05],[16.75,-29.04],[16.74,-29.04],[16.74,-29.03],[16.74,-29.02],[16.73,-29.02],[16.73,-29.01],[16.72,-29.01],[16.72,-29.0],[16.72,-28.99],[16.72,-28.98],[16.71,-28.98],[16.71,-28.97],[16.71,-28.98],[16.71,-28.97],[16.7,-28.97],[16.7,-28.96],[16.7,-28.95],[16.7,-28.96],[16.7,-28.95],[16.7,-28.94],[16.69,-28.94],[16.69,-28.93],[16.69,-28.94],[16.69,-28.93],[16.69,-28.92],[16.68,-28.92],[16.68,-28.91],[16.67,-28.91],[16.66,-28.91],[16.67,-28.91],[16.66,-28.91],[16.66,-28.9],[16.65,-28.9],[16.65,-28.89],[16.64,-28.89],[16.63,-28.89],[16.62,-28.89],[16.62,-28.88],[16.61,-28.88],[16.6,-28.88],[16.61,-28.88],[16.6,-28.88],[16.6,-28.87],[16.6,-28.88],[16.6,-28.87],[16.6,-28.86],[16.6,-28.85],[16.6,-28.84],[16.59,-28.84],[16.59,-28.83],[16.58,-28.83],[16.59,-28.83],[16.58,-28.83],[16.59,-28.83],[16.58,-28.83],[16.59,-28.83],[16.58,-28.83],[16.59,-28.83],[16.58,-28.83],[16.59,-28.83],[16.58,-28.83],[16.59,-28.83],[16.58,-28.83],[16.58,-28.82],[16.58,-28.81],[16.58,-28.82],[16.58,-28.81],[16.58,-28.8],[16.58,-28.79],[16.57,-28.79],[16.58,-28.79],[16.57,-28.79],[16.58,-28.79],[16.57,-28.79],[16.58,-28.79],[16.57,-28.79],[16.58,-28.79],[16.57,-28.79],[16.58,-28.79],[16.57,-28.79],[16.57,-28.78],[16.57,-28.77],[16.57,-28.76],[16.56,-28.76],[16.56,-28.77],[16.56,-28.76],[16.56,-28.75],[16.57,-28.75],[16.57,-28.74],[16.57,-28.73],[16.57,-28.72],[16.56,-28.72],[16.55,-28.72],[16.55,-28.71],[16.54,-28.71],[16.53,-28.71],[16.54,-28.71],[16.53,-28.71],[16.53,-28.7],[16.53,-28.69],[16.53,-28.7],[16.53,-28.69],[16.52,-28.69],[16.52,-28.68],[16.52,-28.69],[16.52,-28.68],[16.51,-28.68],[16.51,-28.67],[16.5,-28.67],[16.5,-28.66],[16.49,-28.66],[16.49,-28.65],[16.48,-28.65],[16.47,-28.64],[16.46,-28.64],[16.46,-28.63],[16.45,-28.63]]]]},"properties":{"name":"Namakwa District"}},{"type":"Feature","geometry":{"type":"MultiPolygon","coordinates":[[[[25.19,-33.92],[25.19,-33.91],[25.2,-33.91],[25.2,-33.9],[25.2,-33.89],[25.21,-33.89],[25.21,-33.88],[25.22,-33.88],[25.23,-33.87],[25.25,-33.86],[25.23,-33.85],[25.23,-33.84],[25.24,-33.84],[25.24,-33.83],[25.25,-33.82],[25.25,-33.81],[25.26,-33.8],[25.27,-33.79],[25.27,-33.78],[25.27,-33.77],[25.28,-33.77],[25.3,-33.77],[25.31,-33.76],[25.3,-33.76],[25.28,-33.75],[25.29,-33.75],[25.29,-33.74],[25.3,-33.73],[25.29,-33.72],[25.28,-33.71],[25.27,-33.71],[25.27,-33.7],[25.26,-33.7],[25.26,-33.69],[25.25,-33.69],[25.24,-33.69],[25.25,-33.69],[25.25,-33.68],[25.26,-33.69],[25.28,-33.69],[25.27,-33.7],[25.29,-33.7],[25.3,-33.7],[25.3,-33.71],[25.31,-33.72],[25.33,-33.73],[25.33,-33.72],[25.33,-33.71],[25.34,-33.71],[25.35,-33.72],[25.35,-33.71],[25.35,-33.7],[25.34,-33.69],[25.33,-33.69],[25.34,-33.68],[25.35,-33.67],[25.33,-33.66],[25.32,-33.65],[25.31,-33.64],[25.32,-33.64],[25.34,-33.64],[25.34,-33.63],[25.32,-33.62],[25.33,-33.61],[25.33,-33.59],[25.34,-33.58],[25.34,-33.57],[25.34,-33.56],[25.35,-33.56],[25.36,-33.56],[25.37,-33.56],[25.39,-33.56],[25.4,-33.56],[25.41,-33.56],[25.43,-33.56],[25.44,-33.55],[25.45,-33.56],[25.47,-33.56],[25.48,-33.56],[25.49,-33.57],[25.5,-33.57],[25.51,-33.57],[25.51,-33.58],[25.5,-33.59],[25.49,-33.61],[25.51,-33.62],[25.52,-33.62],[25.53,-33.62],[25.55,-33.63],[25.56,-33.63],[25.55,-33.62],[25.55,-33.61],[25.56,-33.6],[25.57,-33.6],[25.58,-33.59],[25.59,-33.59],[25.6,-33.59],[25.61,-33.59],[25.62,-33.59],[25.63,-33.59],[25.63,-33.6],[25.63,-33.61],[25.64,-33.61],[25.65,-33.61],[25.66,-33.61],[25.66,-33.62],[25.67,-33.61],[25.67,-33.62],[25.68,-33.63],[25.68,-33.62],[25.68,-33.61],[25.69,-33.6],[25.69,-33.61],[25.69,-33.62],[25.7,-33.62],[25.7,-33.63],[25.7,-33.62],[25.71,-33.62],[25.72,-33.62],[25.73,-33.62],[25.73,-33.63],[25.74,-33.63],[25.74,-33.64],[25.74,-33.65],[25.74,-33.66],[25.75,-33.66],[25.75,-33.67],[25.76,-33.67],[25.77,-33.68],[25.77,-33.69],[25.78,-33.69],[25.79,-33.69],[25.79,-33.68],[25.81,-33.68],[25.82,-33.68],[25.83,-33.67],[25.84,-33.67],[25.85,-33.67],[25.86,-33.68],[25.86,-33.69],[25.87,-33.7],[25.85,-33.72],[25.84,-33.72],[25.84,-33.73],[25.83,-33.73],[25.82,-33.73],[25.81,-33.73],[25.81,-33.74],[25.8,-33.74],[25.79,-33.74],[25.79,-33.75],[25.78,-33.75],[25.77,-33.75],[25.77,-33.76],[25.76,-33.76],[25.77,-33.76],[25.76,-33.76],[25.75,-33.76],[25.75,-33.77],[25.75,-33.76],[25.75,-33.77],[25.74,-33.77],[25.73,-33.77],[25.73,-33.78],[25.72,-33.78],[25.71,-33.78],[25.71,-33.79],[25.7,-33.79],[25.7,-33.8],[25.69,-33.82],[25.69,-33.81],[25.68,-33.81],[25.67,-33.81],[25.67,-33.82],[25.66,-33.82],[25.66,-33.83],[25.65,-33.83],[25.65,-33.84],[25.65,-33.85],[25.64,-33.85],[25.64,-33.86],[25.63,-33.86],[25.63,-33.87],[25.63,-33.88],[25.63,-33.89],[25.62,-33.89],[25.62,-33.9],[25.62,-33.91],[25.61,-33.91],[25.61,-33.92],[25.61,-33.93],[25.61,-33.94],[25.61,-33.95],[25.62,-33.95],[25.62,-33.96],[25.63,-33.96],[25.64,-33.96],[25.64,-33.95],[25.64,-33.96],[25.65,-33.96],[25.64,-33.96],[25.64,-33.97],[25.65,-33.97],[25.65,-33.98],[25.66,-33.98],[25.67,-33.98],[25.67,-33.99],[25.68,-33.99],[25.68,-34.0],[25.69,-34.0],[25.69,-34.01],[25.69,-34.02],[25.7,-34.02],[25.69,-34.02],[25.7,-34.02],[25.7,-34.03],[25.69,-34.03],[25.68,-34.03],[25.67,-34.03],[25.66,-34.03],[25.65,-34.03],[25.65,-34.04],[25.64,-34.04],[25.65,-34.04],[25.64,-34.04],[25.65,-34.04],[25.64,-34.04],[25.65,-34.04],[25.64,-34.04],[25.65,-34.04],[25.64,-34.04],[25.64,-34.05],[25.63,-34.05],[25.62,-34.05],[25.61,-34.05],[25.6,-34.05],[25.59,-34.05],[25.58,-34.05],[25.57,-34.05],[25.56,-34.05],[25.56,-34.04],[25.55,-34.04],[25.54,-34.04],[25.53,-34.04],[25.52,-34.04],[25.51,-34.04],[25.51,-34.03],[25.5,-34.03],[25.5,-34.04],[25.5,-34.03],[25.49,-34.03],[25.48,-34.03],[25.47,-34.03],[25.46,-34.03],[25.45,-34.03],[25.44,-34.03],[25.44,-34.04],[25.44,-34.03],[25.44,-34.04],[25.43,-34.04],[25.43,-34.03],[25.42,-34.03],[25.41,-34.03],[25.41,-34.04],[25.41,-34.03],[25.4,-34.03],[25.39,-34.03],[25.38,-34.03],[25.38,-34.02],[25.38,-34.03],[25.38,-34.02],[25.37,-34.02],[25.36,-34.02],[25.35,-34.02],[25.35,-34.01],[25.34,-34.01],[25.33,-34.01],[25.33,-34.0],[25.33,-34.01],[25.33,-34.0],[25.32,-34.0],[25.31,-34.0],[25.31,-33.99],[25.3,-33.99],[25.29,-33.99],[25.28,-33.99],[25.28,-33.98],[25.27,-33.98],[25.26,-33.98],[25.25,-33.98],[25.24,-33.98],[25.24,-33.97],[25.23,-33.97],[25.22,-33.97],[25.21,-33.96],[25.22,-33.96],[25.23,-33.96],[25.23,-33.95],[25.22,-33.94],[25.22,-33.93],[25.21,-33.92],[25.2,-33.93],[25.2,-33.92],[25.19,-33.92]]]]},"properties":{"name":"Nelson Mandela Bay Metropolitan"}},{"type":"Feature","geometry":{"type":"MultiPolygon","coordinates":[[[[24.47,-25.79],[24.48,-25.75],[24.49,-25.75],[24.5,-25.75],[24.5,-25.76],[24.51,-25.76],[24.52,-25.76],[24.53,-25.76],[24.53,-25.77],[24.54,-25.77],[24.55,-25.77],[24.56,-25.77],[24.57,-25.77],[24.57,-25.78],[24.58,-25.78],[24.59,-25.79],[24.6,-25.79],[24.6,-25.8],[24.61,-25.8],[24.62,-25.8],[24.63,-25.8],[24.63,-25.81],[24.64,-25.81],[24.65,-25.81],[24.66,-25.81],[24.66,-25.82],[24.67,-25.82],[24.68,-25.82],[24.69,-25.82],[24.69,-25.81],[24.7,-25.81],[24.71,-25.81],[24.72,-25.81],[24.72,-25.8],[24.73,-25.8],[24.73,-25.81],[24.74,-25.81],[24.75,-25.81],[24.76,-25.81],[24.77,-25.81],[24.77,-25.82],[24.78,-25.82],[24.79,-25.82],[24.79,-25.83],[24.8,-25.83],[24.8,-25.82],[24.81,-25.82],[24.81,-25.81],[24.82,-25.81],[24.82,-25.82],[24.82,-25.81],[24.83,-25.81],[24.83,-25.82],[24.83,-25.81],[24.84,-25.81],[24.85,-25.81],[24.86,-25.81],[24.87,-25.81],[24.88,-25.81],[24.89,-25.81],[24.9,-25.81],[24.9,-25.8],[24.91,-25.8],[24.91,-25.79],[24.91,-25.78],[24.92,-25.78],[24.92,-25.79],[24.93,-25.79],[24.93,-25.78],[24.94,-25.78],[24.94,-25.77],[24.95,-25.77],[24.95,-25.76],[24.96,-25.76],[24.96,-25.77],[24.97,-25.77],[24.97,-25.76],[24.97,-25.75],[24.98,-25.75],[24.99,-25.75],[24.99,-25.74],[25.0,-25.74],[25.0,-25.73],[25.01,-25.73],[25.02,-25.73],[25.03,-25.73],[25.03,-25.72],[25.04,-25.72],[25.05,-25.72],[25.05,-25.73],[25.06,-25.73],[25.06,-25.74],[25.07,-25.74],[25.07,-25.73],[25.08,-25.73],[25.08,-25.74],[25.09,-25.74],[25.1,-25.74],[25.11,-25.74],[25.1,-25.74],[25.1,-25.75],[25.11,-25.75],[25.11,-25.76],[25.12,-25.76],[25.13,-25.76],[25.14,-25.76],[25.15,-25.76],[25.16,-25.76],[25.17,-25.76],[25.17,-25.77],[25.18,-25.77],[25.18,-25.76],[25.19,-25.76],[25.2,-25.76],[25.21,-25.76],[25.22,-25.76],[25.22,-25.77],[25.22,-25.76],[25.23,-25.76],[25.24,-25.76],[25.24,-25.77],[25.25,-25.77],[25.26,-25.77],[25.27,-25.77],[25.28,-25.77],[25.29,-25.77],[25.3,-25.77],[25.31,-25.77],[25.32,-25.77],[25.33,-25.77],[25.34,-25.77],[25.35,-25.77],[25.35,-25.76],[25.36,-25.76],[25.37,-25.76],[25.37,-25.75],[25.38,-25.75],[25.39,-25.74],[25.4,-25.74],[25.41,-25.74],[25.41,-25.73],[25.42,-25.73],[25.43,-25.73],[25.43,-25.72],[25.44,-25.72],[25.45,-25.71],[25.46,-25.71],[25.46,-25.7],[25.47,-25.7],[25.48,-25.7],[25.48,-25.69],[25.49,-25.69],[25.5,-25.69],[25.51,-25.69],[25.51,-25.68],[25.52,-25.68],[25.52,-25.67],[25.53,-25.67],[25.54,-25.66],[25.55,-25.66],[25.55,-25.65],[25.56,-25.65],[25.57,-25.65],[25.57,-25.64],[25.58,-25.64],[25.63,-25.54],[25.63,-25.53],[25.64,-25.52],[25.65,-25.5],[25.65,-25.49],[25.66,-25.47],[25.66,-25.46],[25.67,-25.45],[25.67,-25.43],[25.68,-25.42],[25.68,-25.4],[25.68,-25.39],[25.69,-25.38],[25.69,-25.37],[25.69,-25.36],[25.69,-25.35],[25.69,-25.33],[25.7,-25.32],[25.7,-25.3],[25.7,-25.29],[25.71,-25.28],[25.71,-25.27],[25.72,-25.27],[25.72,-25.26],[25.73,-25.26],[25.73,-25.25],[25.75,-25.19],[25.8,-25.08],[25.8,-25.07],[25.83,-25.01],[25.83,-25.0],[25.84,-24.98],[25.84,-24.97],[25.85,-24.96],[25.85,-24.95],[25.86,-24.94],[25.86,-24.93],[25.86,-24.92],[25.87,-24.92],[25.88,-24.92],[25.88,-24.91],[25.87,-24.91],[25.87,-24.9],[25.88,-24.9],[25.88,-24.89],[25.89,-24.89],[25.89,-24.88],[25.88,-24.88],[25.88,-24.87],[25.88,-24.86],[25.88,-24.85],[25.87,-24.85],[25.88,-24.84],[25.87,-24.84],[25.87,-24.83],[25.88,-24.83],[25.87,-24.83],[25.87,-24.82],[25.86,-24.82],[25.86,-24.83],[25.86,-24.82],[25.86,-24.81],[25.86,-24.8],[25.85,-24.8],[25.85,-24.79],[25.84,-24.79],[25.84,-24.78],[25.85,-24.78],[25.85,-24.77],[25.85,-24.76],[25.85,-24.75],[25.85,-24.76],[25.86,-24.76],[25.87,-24.76],[25.88,-24.76],[25.89,-24.75],[25.9,-24.75],[25.91,-24.75],[25.92,-24.75],[25.93,-24.75],[25.96,-24.75],[26.01,-24.72],[26.05,-24.72],[26.06,-24.71],[26.09,-24.71],[26.1,-24.71],[26.14,-24.7],[26.17,-24.69],[26.19,-24.69],[26.24,-24.67],[26.28,-24.66],[26.34,-24.65],[26.38,-24.64],[26.39,-24.64],[26.4,-24.64],[26.41,-24.64],[26.41,-24.65],[26.42,-24.65],[26.42,-24.66],[26.43,-24.66],[26.43,-24.67],[26.42,-24.67],[26.42,-24.68],[26.42,-24.69],[26.43,-24.69],[26.43,-24.7],[26.42,-24.7],[26.42,-24.71],[26.42,-24.72],[26.42,-24.73],[26.42,-24.74],[26.43,-24.75],[26.43,-24.76],[26.43,-24.77],[26.43,-24.78],[26.44,-24.78],[26.44,-24.79],[26.45,-24.79],[26.46,-24.79],[26.46,-24.8],[26.46,-24.81],[26.46,-24.82],[26.47,-24.82],[26.48,-24.82],[26.48,-24.83],[26.48,-24.84],[26.49,-24.84],[26.49,-24.85],[26.48,-24.85],[26.47,-24.85],[26.47,-24.84],[26.47,-24.85],[26.47,-24.86],[26.46,-24.86],[26.46,-24.85],[26.45,-24.85],[26.45,-24.86],[26.45,-24.87],[26.45,-24.88],[26.45,-24.89],[26.45,-24.9],[26.45,-24.91],[26.45,-24.92],[26.45,-24.93],[26.44,-24.93],[26.44,-24.94],[26.44,-24.95],[26.45,-24.95],[26.46,-24.95],[26.45,-24.96],[26.45,-24.97],[26.44,-24.97],[26.45,-24.97],[26.45,-24.98],[26.45,-24.99],[26.44,-24.99],[26.43,-24.99],[26.43,-25.0],[26.43,-25.01],[26.42,-25.01],[26.42,-25.02],[26.42,-25.03],[26.43,-25.03],[26.43,-25.04],[26.42,-25.04],[26.42,-25.05],[26.38,-25.06],[26.39,-25.07],[26.41,-25.09],[26.41,-25.08],[26.41,-25.1],[26.42,-25.13],[26.42,-25.14],[26.42,-25.15],[26.42,-25.16],[26.42,-25.18],[26.42,-25.19],[26.42,-25.2],[26.41,-25.2],[26.42,-25.2],[26.42,-25.21],[26.41,-25.21],[26.41,-25.2],[26.41,-25.21],[26.4,-25.21],[26.41,-25.21],[26.41,-25.22],[26.41,-25.21],[26.4,-25.21],[26.4,-25.22],[26.41,-25.22],[26.41,-25.23],[26.42,-25.23],[26.42,-25.24],[26.41,-25.24],[26.41,-25.25],[26.41,-25.26],[26.41,-25.27],[26.41,-25.26],[26.41,-25.27],[26.41,-25.28],[26.4,-25.28],[26.41,-25.28],[26.4,-25.28],[26.41,-25.28],[26.41,-25.29],[26.4,-25.29],[26.41,-25.29],[26.47,-25.29],[26.47,-25.3],[26.47,-25.31],[26.46,-25.31],[26.46,-25.32],[26.46,-25.33],[26.46,-25.34],[26.45,-25.34],[26.44,-25.34],[26.44,-25.35],[26.45,-25.36],[26.45,-25.37],[26.44,-25.38],[26.44,-25.39],[26.43,-25.4],[26.43,-25.41],[26.43,-25.42],[26.43,-25.43],[26.43,-25.44],[26.43,-25.45],[26.42,-25.45],[26.42,-25.46],[26.42,-25.48],[26.42,-25.49],[26.43,-25.5],[26.43,-25.51],[26.44,-25.51],[26.45,-25.5],[26.46,-25.49],[26.47,-25.49],[26.5,-25.5],[26.51,-25.5],[26.51,-25.53],[26.51,-25.54],[26.51,-25.58],[26.5,-25.56],[26.48,-25.6],[26.49,-25.6],[26.5,-25.6],[26.51,-25.6],[26.51,-25.62],[26.51,-25.63],[26.51,-25.64],[26.51,-25.65],[26.51,-25.66],[26.51,-25.67],[26.5,-25.68],[26.49,-25.68],[26.48,-25.68],[26.48,-25.69],[26.48,-25.7],[26.48,-25.71],[26.48,-25.72],[26.47,-25.73],[26.46,-25.74],[26.46,-25.75],[26.49,-25.75],[26.5,-25.75],[26.51,-25.76],[26.52,-25.76],[26.53,-25.76],[26.54,-25.77],[26.56,-25.78],[26.57,-25.78],[26.57,-25.79],[26.58,-25.78],[26.59,-25.79],[26.6,-25.8],[26.62,-25.81],[26.62,-25.82],[26.63,-25.82],[26.63,-25.83],[26.64,-25.83],[26.64,-25.84],[26.64,-25.85],[26.64,-25.86],[26.64,-25.87],[26.65,-25.87],[26.66,-25.87],[26.66,-25.88],[26.67,-25.89],[26.68,-25.9],[26.69,-25.91],[26.7,-25.92],[26.7,-25.93],[26.71,-25.92],[26.74,-25.93],[26.75,-25.93],[26.76,-25.93],[26.76,-25.94],[26.77,-25.95],[26.77,-25.96],[26.77,-25.98],[26.76,-25.99],[26.77,-26.0],[26.77,-26.01],[26.78,-26.02],[26.78,-26.03],[26.79,-26.04],[26.8,-26.07],[26.8,-26.08],[26.81,-26.08],[26.77,-26.09],[26.76,-26.1],[26.75,-26.1],[26.73,-26.1],[26.73,-26.09],[26.72,-26.07],[26.72,-26.06],[26.71,-26.05],[26.7,-26.05],[26.69,-26.05],[26.68,-26.05],[26.67,-26.05],[26.66,-26.06],[26.65,-26.06],[26.64,-26.06],[26.63,-26.06],[26.62,-26.06],[26.62,-26.07],[26.62,-26.1],[26.63,-26.12],[26.63,-26.13],[26.63,-26.14],[26.61,-26.14],[26.6,-26.15],[26.59,-26.15],[26.57,-26.16],[26.55,-26.17],[26.56,-26.2],[26.57,-26.22],[26.58,-26.23],[26.59,-26.25],[26.58,-26.25],[26.57,-26.25],[26.56,-26.26],[26.55,-26.26],[26.53,-26.26],[26.54,-26.28],[26.55,-26.29],[26.55,-26.3],[26.56,-26.31],[26.55,-26.31],[26.55,-26.33],[26.58,-26.34],[26.57,-26.33],[26.57,-26.34],[26.56,-26.34],[26.55,-26.34],[26.54,-26.35],[26.53,-26.35],[26.52,-26.36],[26.52,-26.37],[26.51,-26.37],[26.5,-26.38],[26.48,-26.39],[26.49,-26.39],[26.5,-26.42],[26.49,-26.42],[26.46,-26.43],[26.46,-26.44],[26.47,-26.46],[26.48,-26.48],[26.47,-26.48],[26.46,-26.48],[26.45,-26.48],[26.44,-26.49],[26.43,-26.49],[26.42,-26.49],[26.41,-26.5],[26.39,-26.5],[26.38,-26.5],[26.38,-26.51],[26.37,-26.51],[26.37,-26.52],[26.36,-26.52],[26.35,-26.53],[26.34,-26.54],[26.33,-26.55],[26.33,-26.56],[26.32,-26.56],[26.31,-26.56],[26.31,-26.57],[26.3,-26.57],[26.27,-26.58],[26.26,-26.58],[26.25,-26.59],[26.25,-26.6],[26.26,-26.6],[26.26,-26.61],[26.26,-26.62],[26.27,-26.62],[26.27,-26.63],[26.28,-26.64],[26.27,-26.64],[26.25,-26.65],[26.26,-26.66],[26.26,-26.67],[26.27,-26.68],[26.26,-26.68],[26.27,-26.69],[26.26,-26.7],[26.25,-26.7],[26.24,-26.7],[26.24,-26.71],[26.23,-26.7],[26.22,-26.7],[26.21,-26.71],[26.19,-26.71],[26.19,-26.73],[26.18,-26.74],[26.17,-26.74],[26.16,-26.75],[26.16,-26.74],[26.15,-26.75],[26.14,-26.75],[26.14,-26.76],[26.15,-26.76],[26.14,-26.76],[26.12,-26.77],[26.11,-26.79],[26.11,-26.8],[26.11,-26.81],[26.1,-26.81],[26.1,-26.82],[26.1,-26.83],[26.09,-26.84],[26.08,-26.85],[26.08,-26.86],[26.07,-26.86],[26.06,-26.85],[26.06,-26.84],[26.06,-26.83],[26.05,-26.84],[26.05,-26.85],[26.04,-26.85],[26.04,-26.86],[26.03,-26.86],[26.02,-26.86],[26.02,-26.87],[26.01,-26.86],[26.0,-26.86],[25.99,-26.88],[25.97,-26.88],[25.95,-26.89],[25.94,-26.89],[25.93,-26.9],[25.92,-26.91],[25.91,-26.91],[25.9,-26.89],[25.89,-26.88],[25.89,-26.89],[25.89,-26.9],[25.88,-26.91],[25.87,-26.91],[25.87,-26.92],[25.86,-26.92],[25.85,-26.92],[25.85,-26.93],[25.83,-26.94],[25.83,-26.92],[25.82,-26.92],[25.82,-26.91],[25.81,-26.9],[25.8,-26.9],[25.8,-26.91],[25.79,-26.91],[25.78,-26.91],[25.76,-26.91],[25.76,-26.92],[25.75,-26.92],[25.74,-26.92],[25.73,-26.93],[25.72,-26.93],[25.71,-26.93],[25.71,-26.94],[25.7,-26.94],[25.69,-26.94],[25.69,-26.95],[25.68,-26.96],[25.68,-26.97],[25.67,-26.97],[25.67,-26.96],[25.67,-26.95],[25.67,-26.94],[25.67,-26.93],[25.67,-26.92],[25.67,-26.9],[25.66,-26.9],[25.65,-26.9],[25.65,-26.91],[25.64,-26.91],[25.61,-26.92],[25.62,-26.91],[25.62,-26.9],[25.63,-26.87],[25.63,-26.86],[25.61,-26.89],[25.6,-26.91],[25.59,-26.92],[25.58,-26.93],[25.57,-26.94],[25.56,-26.93],[25.54,-26.93],[25.53,-26.93],[25.52,-26.93],[25.49,-26.92],[25.48,-26.92],[25.49,-26.92],[25.49,-26.91],[25.47,-26.9],[25.46,-26.9],[25.46,-26.89],[25.44,-26.88],[25.43,-26.88],[25.42,-26.87],[25.41,-26.86],[25.4,-26.86],[25.39,-26.86],[25.38,-26.86],[25.37,-26.87],[25.36,-26.87],[25.35,-26.87],[25.35,-26.88],[25.34,-26.88],[25.33,-26.88],[25.32,-26.88],[25.32,-26.89],[25.32,-26.88],[25.31,-26.88],[25.31,-26.87],[25.3,-26.86],[25.3,-26.85],[25.29,-26.85],[25.29,-26.84],[25.28,-26.84],[25.28,-26.83],[25.27,-26.83],[25.27,-26.82],[25.26,-26.81],[25.26,-26.8],[25.25,-26.81],[25.24,-26.82],[25.23,-26.82],[25.23,-26.83],[25.22,-26.83],[25.22,-26.84],[25.21,-26.84],[25.21,-26.85],[25.2,-26.85],[25.2,-26.86],[25.19,-26.86],[25.18,-26.87],[25.17,-26.87],[25.16,-26.87],[25.16,-26.88],[25.15,-26.88],[25.14,-26.88],[25.13,-26.88],[25.12,-26.88],[25.12,-26.89],[25.11,-26.89],[25.1,-26.89],[25.09,-26.89],[25.09,-26.88],[25.1,-26.87],[25.1,-26.86],[25.1,-26.85],[25.1,-26.84],[25.1,-26.83],[25.11,-26.82],[25.11,-26.81],[25.11,-26.8],[25.12,-26.8],[25.12,-26.79],[25.13,-26.79],[25.13,-26.78],[25.13,-26.77],[25.13,-26.76],[25.14,-26.75],[25.14,-26.74],[25.14,-26.73],[25.15,-26.73],[25.15,-26.72],[25.15,-26.71],[25.16,-26.7],[25.16,-26.69],[25.17,-26.68],[25.17,-26.67],[25.18,-26.67],[25.18,-26.66],[25.17,-26.65],[25.17,-26.64],[25.17,-26.63],[25.17,-26.62],[25.17,-26.61],[25.16,-26.61],[25.16,-26.6],[25.17,-26.59],[25.17,-26.58],[25.17,-26.57],[25.17,-26.56],[25.18,-26.56],[25.18,-26.55],[25.17,-26.55],[25.17,-26.54],[25.17,-26.53],[25.17,-26.52],[25.16,-26.52],[25.15,-26.52],[25.14,-26.53],[25.13,-26.53],[25.12,-26.53],[25.11,-26.53],[25.1,-26.53],[25.1,-26.54],[25.09,-26.54],[25.08,-26.54],[25.08,-26.55],[25.07,-26.55],[25.06,-26.55],[25.06,-26.54],[25.06,-26.53],[25.05,-26.53],[25.05,-26.52],[25.05,-26.51],[25.04,-26.51],[25.04,-26.5],[25.05,-26.5],[25.06,-26.49],[25.07,-26.49],[25.06,-26.47],[25.06,-26.46],[25.05,-26.45],[25.05,-26.44],[25.04,-26.44],[25.03,-26.44],[25.03,-26.45],[25.02,-26.44],[25.02,-26.43],[25.01,-26.43],[25.01,-26.42],[25.01,-26.41],[25.0,-26.41],[25.0,-26.4],[24.99,-26.4],[24.99,-26.39],[24.97,-26.4],[24.93,-26.42],[24.9,-26.36],[24.88,-26.38],[24.86,-26.39],[24.85,-26.38],[24.83,-26.38],[24.84,-26.37],[24.85,-26.37],[24.84,-26.36],[24.83,-26.33],[24.83,-26.32],[24.82,-26.31],[24.81,-26.29],[24.8,-26.28],[24.79,-26.24],[24.76,-26.21],[24.77,-26.2],[24.78,-26.2],[24.79,-26.2],[24.8,-26.2],[24.81,-26.2],[24.82,-26.2],[24.82,-26.19],[24.81,-26.19],[24.81,-26.18],[24.81,-26.17],[24.81,-26.16],[24.8,-26.16],[24.78,-26.12],[24.76,-26.09],[24.75,-26.08],[24.75,-26.06],[24.73,-26.04],[24.71,-26.02],[24.71,-26.01],[24.68,-25.99],[24.67,-25.97],[24.65,-25.96],[24.65,-25.95],[24.64,-25.93],[24.65,-25.93],[24.67,-25.92],[24.66,-25.92],[24.65,-25.91],[24.63,-25.9],[24.6,-25.88],[24.57,-25.86],[24.54,-25.84],[24.52,-25.82],[24.51,-25.82],[24.5,-25.82],[24.49,-25.8],[24.48,-25.8],[24.47,-25.79]]]]},"properties":{"name":"Ngaka Modiri Molema District"}},{"type":"Feature","geometry":{"type":"MultiPolygon","coordinates":[[[[28.38,-25.16],[28.39,-25.15],[28.4,-25.15],[28.41,-25.15],[28.41,-25.14],[28.42,-25.14],[28.43,-25.14],[28.43,-25.13],[28.44,-25.13],[28.45,-25.14],[28.47,-25.13],[28.49,-25.13],[28.5,-25.13],[28.49,-25.13],[28.47,-25.09],[28.49,-25.09],[28.5,-25.09],[28.5,-25.08],[28.51,-25.08],[28.53,-25.08],[28.55,-25.08],[28.56,-25.08],[28.57,-25.08],[28.59,-25.07],[28.6,-25.07],[28.61,-25.07],[28.61,-25.06],[28.63,-25.06],[28.63,-25.05],[28.62,-25.03],[28.61,-25.01],[28.61,-25.0],[28.62,-24.99],[28.63,-24.99],[28.63,-24.98],[28.64,-24.98],[28.65,-24.98],[28.66,-24.97],[28.67,-24.97],[28.68,-24.97],[28.69,-24.96],[28.7,-24.96],[28.71,-24.95],[28.72,-24.95],[28.73,-24.94],[28.75,-24.92],[28.76,-24.91],[28.77,-24.91],[28.78,-24.91],[28.81,-24.91],[28.82,-24.92],[28.84,-24.92],[28.85,-24.93],[28.88,-24.92],[28.9,-24.91],[28.91,-24.91],[28.92,-24.9],[28.93,-24.91],[28.94,-24.92],[28.94,-24.93],[28.94,-24.94],[28.93,-24.94],[28.92,-24.94],[28.91,-24.95],[28.9,-24.95],[28.89,-24.95],[28.89,-24.96],[28.9,-24.98],[28.91,-25.0],[28.91,-25.01],[28.93,-25.0],[28.95,-25.02],[28.95,-25.03],[28.95,-25.04],[28.96,-25.04],[28.96,-25.05],[28.96,-25.06],[28.97,-25.06],[28.97,-25.07],[28.98,-25.07],[28.99,-25.07],[28.99,-25.06],[29.0,-25.06],[29.01,-25.06],[29.02,-25.06],[29.02,-25.05],[29.02,-25.06],[29.03,-25.06],[29.04,-25.06],[29.05,-25.06],[29.06,-25.06],[29.07,-25.06],[29.07,-25.07],[29.08,-25.07],[29.08,-25.08],[29.08,-25.09],[29.09,-25.09],[29.09,-25.1],[29.08,-25.1],[29.09,-25.1],[29.1,-25.1],[29.11,-25.1],[29.12,-25.11],[29.13,-25.11],[29.12,-25.12],[29.11,-25.12],[29.1,-25.13],[29.09,-25.14],[29.09,-25.15],[29.08,-25.15],[29.07,-25.15],[29.06,-25.14],[29.05,-25.14],[29.04,-25.14],[29.04,-25.15],[29.04,-25.16],[29.04,-25.17],[29.04,-25.18],[29.04,-25.19],[29.04,-25.2],[29.04,-25.21],[29.04,-25.22],[29.04,-25.23],[29.04,-25.24],[29.03,-25.24],[29.03,-25.25],[29.04,-25.25],[29.04,-25.26],[29.03,-25.26],[29.04,-25.28],[29.05,-25.28],[29.06,-25.28],[29.07,-25.29],[29.08,-25.29],[29.08,-25.28],[29.08,-25.29],[29.09,-25.29],[29.09,-25.3],[29.1,-25.32],[29.11,-25.32],[29.12,-25.31],[29.13,-25.31],[29.14,-25.31],[29.15,-25.31],[29.17,-25.3],[29.17,-25.31],[29.17,-25.32],[29.16,-25.35],[29.16,-25.37],[29.15,-25.38],[29.14,-25.39],[29.13,-25.39],[29.2,-25.37],[29.21,-25.41],[29.24,-25.4],[29.25,-25.39],[29.25,-25.38],[29.26,-25.38],[29.31,-25.38],[29.32,-25.38],[29.33,-25.38],[29.34,-25.37],[29.34,-25.38],[29.35,-25.39],[29.35,-25.4],[29.35,-25.41],[29.36,-25.41],[29.37,-25.41],[29.38,-25.41],[29.39,-25.41],[29.4,-25.41],[29.41,-25.41],[29.43,-25.41],[29.44,-25.41],[29.45,-25.41],[29.46,-25.41],[29.47,-25.41],[29.48,-25.41],[29.49,-25.42],[29.51,-25.42],[29.52,-25.42],[29.52,-25.41],[29.55,-25.4],[29.56,-25.4],[29.58,-25.4],[29.59,-25.4],[29.6,-25.4],[29.61,-25.4],[29.62,-25.4],[29.63,-25.39],[29.64,-25.39],[29.65,-25.38],[29.67,-25.37],[29.69,-25.38],[29.7,-25.38],[29.71,-25.38],[29.73,-25.38],[29.74,-25.39],[29.75,-25.39],[29.76,-25.4],[29.77,-25.4],[29.78,-25.39],[29.79,-25.36],[29.8,-25.36],[29.81,-25.36],[29.82,-25.36],[29.83,-25.36],[29.83,-25.37],[29.83,-25.36],[29.83,-25.37],[29.84,-25.37],[29.84,-25.38],[29.84,-25.39],[29.85,-25.38],[29.86,-25.38],[29.87,-25.37],[29.88,-25.37],[29.89,-25.36],[29.89,-25.35],[29.89,-25.34],[29.9,-25.34],[29.91,-25.34],[29.91,-25.33],[29.92,-25.33],[29.94,-25.33],[29.95,-25.33],[29.96,-25.33],[29.97,-25.33],[29.97,-25.34],[29.98,-25.34],[29.99,-25.34],[29.99,-25.35],[30.02,-25.37],[30.03,-25.37],[30.05,-25.33],[30.06,-25.32],[30.07,-25.31],[30.08,-25.3],[30.08,-25.29],[30.09,-25.28],[30.1,-25.28],[30.1,-25.27],[30.11,-25.27],[30.12,-25.25],[30.12,-25.24],[30.12,-25.23],[30.13,-25.21],[30.14,-25.24],[30.14,-25.25],[30.16,-25.25],[30.16,-25.26],[30.17,-25.26],[30.18,-25.27],[30.19,-25.27],[30.19,-25.28],[30.19,-25.29],[30.19,-25.3],[30.2,-25.29],[30.2,-25.31],[30.19,-25.32],[30.19,-25.33],[30.2,-25.34],[30.21,-25.36],[30.22,-25.37],[30.23,-25.35],[30.24,-25.35],[30.25,-25.36],[30.25,-25.37],[30.25,-25.38],[30.24,-25.4],[30.24,-25.41],[30.23,-25.43],[30.24,-25.44],[30.25,-25.45],[30.25,-25.46],[30.26,-25.47],[30.27,-25.47],[30.27,-25.46],[30.28,-25.46],[30.28,-25.45],[30.29,-25.45],[30.3,-25.45],[30.3,-25.44],[30.31,-25.45],[30.32,-25.46],[30.33,-25.47],[30.33,-25.48],[30.34,-25.49],[30.35,-25.49],[30.36,-25.49],[30.36,-25.48],[30.37,-25.47],[30.37,-25.46],[30.38,-25.46],[30.38,-25.45],[30.39,-25.45],[30.39,-25.44],[30.4,-25.44],[30.41,-25.43],[30.42,-25.42],[30.4,-25.39],[30.4,-25.38],[30.41,-25.37],[30.42,-25.36],[30.42,-25.35],[30.45,-25.35],[30.45,-25.34],[30.45,-25.36],[30.44,-25.37],[30.44,-25.38],[30.45,-25.39],[30.45,-25.41],[30.46,-25.41],[30.47,-25.44],[30.48,-25.45],[30.48,-25.46],[30.5,-25.45],[30.5,-25.46],[30.51,-25.48],[30.53,-25.47],[30.54,-25.47],[30.55,-25.47],[30.56,-25.48],[30.57,-25.48],[30.56,-25.5],[30.55,-25.5],[30.55,-25.51],[30.54,-25.52],[30.53,-25.53],[30.53,-25.54],[30.54,-25.54],[30.54,-25.55],[30.55,-25.55],[30.56,-25.56],[30.57,-25.56],[30.58,-25.56],[30.59,-25.55],[30.6,-25.56],[30.6,-25.58],[30.61,-25.59],[30.61,-25.6],[30.62,-25.61],[30.63,-25.62],[30.63,-25.63],[30.63,-25.64],[30.62,-25.64],[30.61,-25.65],[30.61,-25.66],[30.64,-25.66],[30.64,-25.67],[30.67,-25.67],[30.66,-25.69],[30.65,-25.7],[30.65,-25.71],[30.64,-25.71],[30.64,-25.72],[30.62,-25.72],[30.61,-25.72],[30.6,-25.73],[30.6,-25.74],[30.59,-25.74],[30.58,-25.75],[30.61,-25.79],[30.57,-25.77],[30.56,-25.77],[30.55,-25.76],[30.54,-25.75],[30.52,-25.73],[30.51,-25.74],[30.49,-25.76],[30.5,-25.78],[30.51,-25.79],[30.5,-25.8],[30.49,-25.81],[30.48,-25.82],[30.48,-25.79],[30.47,-25.8],[30.46,-25.8],[30.46,-25.81],[30.45,-25.83],[30.45,-25.84],[30.46,-25.84],[30.43,-25.86],[30.42,-25.88],[30.41,-25.88],[30.39,-25.88],[30.38,-25.89],[30.37,-25.89],[30.35,-25.88],[30.34,-25.88],[30.33,-25.88],[30.32,-25.9],[30.31,-25.91],[30.3,-25.93],[30.28,-25.91],[30.26,-25.9],[30.25,-25.89],[30.25,-25.88],[30.24,-25.87],[30.25,-25.86],[30.26,-25.84],[30.27,-25.83],[30.27,-25.82],[30.25,-25.82],[30.24,-25.81],[30.23,-25.81],[30.22,-25.81],[30.21,-25.8],[30.21,-25.81],[30.21,-25.82],[30.2,-25.83],[30.2,-25.84],[30.17,-25.83],[30.17,-25.82],[30.15,-25.82],[30.15,-25.83],[30.14,-25.83],[30.12,-25.84],[30.1,-25.84],[30.09,-25.84],[30.09,-25.85],[30.09,-25.86],[30.06,-25.87],[30.05,-25.87],[30.04,-25.88],[30.03,-25.88],[30.02,-25.88],[30.0,-25.88],[29.99,-25.88],[29.99,-25.89],[29.99,-25.9],[30.0,-25.91],[30.0,-25.92],[29.99,-25.92],[29.98,-25.92],[29.97,-25.91],[29.96,-25.91],[29.95,-25.91],[29.94,-25.91],[29.93,-25.9],[29.93,-25.89],[29.92,-25.89],[29.92,-25.88],[29.91,-25.88],[29.9,-25.87],[29.89,-25.87],[29.88,-25.87],[29.86,-25.86],[29.85,-25.88],[29.84,-25.89],[29.84,-25.91],[29.83,-25.92],[29.84,-25.93],[29.85,-25.93],[29.86,-25.93],[29.86,-25.94],[29.87,-25.96],[29.88,-25.96],[29.88,-25.97],[29.87,-25.97],[29.86,-25.97],[29.86,-25.98],[29.86,-25.99],[29.86,-26.0],[29.87,-26.01],[29.86,-26.03],[29.85,-26.04],[29.84,-26.05],[29.83,-26.07],[29.82,-26.09],[29.81,-26.11],[29.81,-26.12],[29.81,-26.13],[29.81,-26.14],[29.8,-26.14],[29.8,-26.16],[29.8,-26.17],[29.8,-26.19],[29.79,-26.2],[29.78,-26.21],[29.76,-26.22],[29.76,-26.23],[29.75,-26.22],[29.72,-26.2],[29.71,-26.22],[29.71,-26.23],[29.7,-26.23],[29.69,-26.24],[29.67,-26.24],[29.66,-26.24],[29.65,-26.24],[29.64,-26.24],[29.63,-26.24],[29.62,-26.24],[29.61,-26.24],[29.59,-26.24],[29.59,-26.25],[29.58,-26.25],[29.56,-26.25],[29.54,-26.25],[29.55,-26.24],[29.55,-26.23],[29.56,-26.22],[29.56,-26.21],[29.55,-26.2],[29.54,-26.2],[29.53,-26.2],[29.52,-26.19],[29.51,-26.19],[29.51,-26.18],[29.5,-26.17],[29.49,-26.17],[29.48,-26.17],[29.47,-26.18],[29.46,-26.2],[29.46,-26.21],[29.45,-26.21],[29.43,-26.21],[29.41,-26.21],[29.4,-26.21],[29.39,-26.2],[29.38,-26.2],[29.37,-26.2],[29.36,-26.21],[29.34,-26.21],[29.35,-26.22],[29.35,-26.23],[29.34,-26.25],[29.35,-26.25],[29.36,-26.26],[29.37,-26.26],[29.37,-26.27],[29.37,-26.28],[29.37,-26.29],[29.36,-26.31],[29.35,-26.32],[29.34,-26.33],[29.35,-26.33],[29.35,-26.34],[29.35,-26.35],[29.34,-26.35],[29.33,-26.35],[29.31,-26.35],[29.3,-26.34],[29.29,-26.34],[29.28,-26.34],[29.26,-26.36],[29.25,-26.36],[29.24,-26.36],[29.23,-26.36],[29.22,-26.35],[29.22,-26.36],[29.21,-26.36],[29.22,-26.36],[29.21,-26.36],[29.2,-26.36],[29.19,-26.35],[29.18,-26.35],[29.17,-26.35],[29.17,-26.36],[29.16,-26.36],[29.15,-26.36],[29.15,-26.37],[29.14,-26.37],[29.14,-26.38],[29.12,-26.38],[29.12,-26.37],[29.11,-26.37],[29.11,-26.36],[29.1,-26.35],[29.1,-26.34],[29.1,-26.33],[29.07,-26.32],[29.07,-26.31],[29.06,-26.3],[29.05,-26.29],[29.05,-26.28],[29.05,-26.27],[29.04,-26.27],[29.04,-26.26],[29.04,-26.25],[29.04,-26.24],[29.03,-26.23],[29.02,-26.23],[29.01,-26.23],[29.0,-26.23],[28.99,-26.23],[28.98,-26.24],[28.97,-26.24],[28.96,-26.24],[28.96,-26.25],[28.95,-26.25],[28.95,-26.26],[28.94,-26.26],[28.94,-26.27],[28.93,-26.26],[28.92,-26.26],[28.91,-26.26],[28.89,-26.26],[28.89,-26.27],[28.89,-26.28],[28.88,-26.29],[28.88,-26.3],[28.87,-26.32],[28.87,-26.33],[28.85,-26.33],[28.84,-26.34],[28.83,-26.34],[28.82,-26.35],[28.81,-26.33],[28.81,-26.31],[28.8,-26.31],[28.79,-26.31],[28.78,-26.32],[28.77,-26.32],[28.75,-26.32],[28.74,-26.32],[28.73,-26.33],[28.71,-26.34],[28.7,-26.33],[28.69,-26.33],[28.68,-26.32],[28.67,-26.32],[28.67,-26.31],[28.66,-26.31],[28.66,-26.3],[28.65,-26.3],[28.64,-26.3],[28.63,-26.29],[28.63,-26.28],[28.62,-26.27],[28.62,-26.26],[28.62,-26.25],[28.61,-26.24],[28.6,-26.24],[28.59,-26.24],[28.58,-26.24],[28.56,-26.23],[28.55,-26.23],[28.54,-26.23],[28.53,-26.23],[28.53,-26.22],[28.53,-26.21],[28.53,-26.2],[28.53,-26.19],[28.53,-26.18],[28.53,-26.17],[28.53,-26.18],[28.53,-26.17],[28.52,-26.16],[28.52,-26.15],[28.52,-26.14],[28.51,-26.14],[28.5,-26.13],[28.49,-26.13],[28.49,-26.11],[28.5,-26.1],[28.51,-26.1],[28.5,-26.09],[28.51,-26.08],[28.52,-26.08],[28.51,-26.07],[28.5,-26.07],[28.5,-26.06],[28.51,-26.06],[28.52,-26.06],[28.53,-26.06],[28.54,-26.05],[28.55,-26.05],[28.56,-26.05],[28.56,-26.06],[28.58,-26.06],[28.58,-26.03],[28.59,-26.03],[28.59,-26.02],[28.59,-26.0],[28.6,-26.0],[28.63,-25.97],[28.65,-25.97],[28.67,-25.98],[28.68,-25.98],[28.69,-25.98],[28.71,-25.99],[28.73,-25.99],[28.75,-25.99],[28.76,-25.99],[28.76,-25.98],[28.77,-26.01],[28.78,-26.01],[28.79,-26.0],[28.8,-26.0],[28.82,-26.0],[28.83,-26.0],[28.84,-26.0],[28.86,-26.0],[28.87,-26.0],[28.87,-26.01],[28.87,-26.0],[28.89,-25.97],[28.88,-25.97],[28.88,-25.95],[28.88,-25.93],[28.88,-25.92],[28.88,-25.91],[28.88,-25.9],[28.89,-25.89],[28.89,-25.88],[28.88,-25.88],[28.89,-25.87],[28.91,-25.88],[28.94,-25.89],[28.94,-25.88],[28.94,-25.87],[28.95,-25.85],[28.95,-25.84],[28.95,-25.83],[28.94,-25.83],[28.94,-25.82],[28.94,-25.81],[28.95,-25.8],[28.95,-25.79],[28.95,-25.78],[28.96,-25.78],[28.96,-25.77],[28.97,-25.76],[28.97,-25.75],[28.98,-25.75],[28.98,-25.74],[28.97,-25.74],[28.96,-25.73],[28.95,-25.73],[28.95,-25.72],[28.96,-25.71],[28.96,-25.7],[28.97,-25.68],[28.97,-25.67],[28.99,-25.67],[29.01,-25.66],[29.03,-25.65],[29.06,-25.64],[29.06,-25.63],[29.07,-25.63],[29.06,-25.62],[29.04,-25.62],[29.04,-25.6],[29.04,-25.59],[29.05,-25.58],[29.04,-25.57],[29.03,-25.56],[29.06,-25.56],[29.07,-25.55],[29.08,-25.55],[29.09,-25.55],[29.1,-25.54],[29.09,-25.53],[29.08,-25.49],[29.08,-25.5],[29.07,-25.51],[29.07,-25.52],[29.06,-25.53],[29.05,-25.52],[29.04,-25.52],[29.03,-25.52],[29.02,-25.52],[29.02,-25.51],[29.01,-25.51],[29.01,-25.52],[29.02,-25.53],[29.01,-25.53],[29.01,-25.54],[29.0,-25.54],[28.99,-25.54],[29.0,-25.56],[29.01,-25.57],[29.0,-25.58],[28.98,-25.59],[28.96,-25.59],[28.95,-25.6],[28.94,-25.59],[28.93,-25.58],[28.93,-25.57],[28.92,-25.56],[28.91,-25.53],[28.91,-25.52],[28.86,-25.57],[28.87,-25.53],[28.87,-25.52],[28.86,-25.52],[28.86,-25.51],[28.85,-25.5],[28.85,-25.51],[28.83,-25.52],[28.82,-25.52],[28.82,-25.53],[28.81,-25.53],[28.8,-25.54],[28.8,-25.55],[28.8,-25.56],[28.81,-25.57],[28.83,-25.57],[28.84,-25.57],[28.85,-25.58],[28.85,-25.59],[28.85,-25.6],[28.85,-25.61],[28.85,-25.62],[28.86,-25.63],[28.86,-25.64],[28.87,-25.64],[28.87,-25.66],[28.86,-25.66],[28.85,-25.65],[28.84,-25.65],[28.84,-25.64],[28.82,-25.64],[28.81,-25.64],[28.81,-25.65],[28.81,-25.66],[28.82,-25.66],[28.85,-25.68],[28.84,-25.69],[28.83,-25.69],[28.82,-25.69],[28.82,-25.7],[28.81,-25.69],[28.79,-25.7],[28.78,-25.7],[28.77,-25.7],[28.76,-25.7],[28.76,-25.71],[28.76,-25.7],[28.75,-25.69],[28.76,-25.68],[28.76,-25.66],[28.77,-25.65],[28.74,-25.63],[28.72,-25.63],[28.72,-25.64],[28.72,-25.65],[28.71,-25.67],[28.71,-25.68],[28.7,-25.68],[28.68,-25.68],[28.67,-25.67],[28.67,-25.66],[28.67,-25.65],[28.66,-25.64],[28.66,-25.63],[28.66,-25.62],[28.65,-25.62],[28.65,-25.61],[28.65,-25.6],[28.64,-25.59],[28.65,-25.59],[28.64,-25.58],[28.64,-25.57],[28.64,-25.56],[28.63,-25.56],[28.63,-25.55],[28.63,-25.54],[28.63,-25.53],[28.63,-25.52],[28.63,-25.49],[28.62,-25.47],[28.62,-25.46],[28.63,-25.46],[28.63,-25.45],[28.62,-25.44],[28.62,-25.41],[28.63,-25.4],[28.64,-25.39],[28.63,-25.38],[28.63,-25.36],[28.63,-25.35],[28.62,-25.34],[28.62,-25.33],[28.63,-25.33],[28.64,-25.33],[28.66,-25.32],[28.67,-25.31],[28.68,-25.3],[28.69,-25.3],[28.7,-25.29],[28.72,-25.29],[28.73,-25.28],[28.74,-25.29],[28.73,-25.27],[28.74,-25.26],[28.74,-25.25],[28.75,-25.24],[28.76,-25.23],[28.76,-25.22],[28.77,-25.22],[28.77,-25.23],[28.78,-25.23],[28.78,-25.2],[28.78,-25.18],[28.77,-25.18],[28.76,-25.15],[28.76,-25.14],[28.75,-25.12],[28.75,-25.11],[28.74,-25.11],[28.73,-25.11],[28.71,-25.12],[28.7,-25.12],[28.69,-25.12],[28.69,-25.13],[28.68,-25.13],[28.67,-25.13],[28.67,-25.14],[28.66,-25.14],[28.65,-25.14],[28.65,-25.13],[28.65,-25.11],[28.64,-25.12],[28.63,-25.12],[28.64,-25.12],[28.64,-25.13],[28.6,-25.14],[28.59,-25.14],[28.58,-25.14],[28.58,-25.15],[28.57,-25.15],[28.56,-25.15],[28.54,-25.15],[28.53,-25.17],[28.52,-25.17],[28.52,-25.18],[28.51,-25.18],[28.5,-25.18],[28.48,-25.19],[28.46,-25.2],[28.45,-25.2],[28.43,-25.21],[28.41,-25.21],[28.39,-25.21],[28.4,-25.21],[28.41,-25.21],[28.41,-25.2],[28.4,-25.19],[28.4,-25.18],[28.39,-25.16],[28.38,-25.16]]]]},"properties":{"name":"Nkangala District"}},{"type":"Feature","geometry":{"type":"MultiPolygon","coordinates":[[[[28.3,-31.65],[28.31,-31.65],[28.32,-31.65],[28.32,-31.64],[28.31,-31.64],[28.32,-31.64],[28.32,-31.63],[28.31,-31.63],[28.31,-31.62],[28.31,-31.61],[28.32,-31.61],[28.32,-31.6],[28.32,-31.59],[28.33,-31.59],[28.34,-31.59],[28.34,-31.58],[28.35,-31.58],[28.35,-31.57],[28.36,-31.58],[28.36,-31.57],[28.38,-31.56],[28.38,-31.55],[28.37,-31.54],[28.37,-31.52],[28.36,-31.5],[28.37,-31.49],[28.38,-31.48],[28.39,-31.48],[28.4,-31.47],[28.4,-31.46],[28.4,-31.45],[28.4,-31.44],[28.4,-31.43],[28.41,-31.43],[28.41,-31.42],[28.42,-31.42],[28.43,-31.42],[28.43,-31.41],[28.43,-31.4],[28.44,-31.4],[28.45,-31.4],[28.45,-31.39],[28.44,-31.39],[28.45,-31.39],[28.46,-31.39],[28.46,-31.38],[28.47,-31.38],[28.48,-31.38],[28.48,-31.37],[28.49,-31.37],[28.49,-31.36],[28.5,-31.35],[28.5,-31.34],[28.5,-31.33],[28.49,-31.33],[28.48,-31.33],[28.48,-31.32],[28.47,-31.32],[28.46,-31.32],[28.46,-31.31],[28.45,-31.31],[28.45,-31.3],[28.46,-31.3],[28.47,-31.3],[28.47,-31.29],[28.46,-31.29],[28.47,-31.29],[28.47,-31.28],[28.47,-31.27],[28.48,-31.27],[28.49,-31.27],[28.49,-31.26],[28.5,-31.25],[28.51,-31.25],[28.51,-31.24],[28.52,-31.24],[28.53,-31.24],[28.53,-31.25],[28.53,-31.24],[28.54,-31.24],[28.54,-31.25],[28.54,-31.24],[28.55,-31.24],[28.56,-31.24],[28.56,-31.23],[28.55,-31.23],[28.56,-31.23],[28.57,-31.23],[28.57,-31.24],[28.58,-31.24],[28.58,-31.23],[28.59,-31.23],[28.59,-31.24],[28.6,-31.24],[28.61,-31.24],[28.61,-31.23],[28.62,-31.23],[28.62,-31.24],[28.62,-31.23],[28.63,-31.23],[28.62,-31.23],[28.62,-31.22],[28.63,-31.22],[28.63,-31.21],[28.64,-31.21],[28.65,-31.21],[28.65,-31.2],[28.66,-31.2],[28.65,-31.2],[28.65,-31.19],[28.66,-31.19],[28.67,-31.19],[28.67,-31.18],[28.67,-31.19],[28.68,-31.19],[28.68,-31.2],[28.69,-31.2],[28.69,-31.19],[28.69,-31.18],[28.68,-31.18],[28.68,-31.17],[28.69,-31.17],[28.69,-31.16],[28.68,-31.16],[28.68,-31.17],[28.67,-31.17],[28.67,-31.16],[28.67,-31.15],[28.67,-31.14],[28.68,-31.14],[28.68,-31.13],[28.69,-31.13],[28.7,-31.13],[28.7,-31.12],[28.69,-31.12],[28.68,-31.12],[28.68,-31.11],[28.67,-31.12],[28.66,-31.12],[28.66,-31.11],[28.65,-31.11],[28.65,-31.1],[28.64,-31.1],[28.63,-31.1],[28.62,-31.1],[28.61,-31.1],[28.61,-31.09],[28.6,-31.09],[28.6,-31.1],[28.59,-31.1],[28.59,-31.11],[28.59,-31.1],[28.58,-31.1],[28.57,-31.1],[28.58,-31.1],[28.58,-31.11],[28.57,-31.11],[28.57,-31.1],[28.56,-31.1],[28.56,-31.09],[28.56,-31.08],[28.56,-31.09],[28.55,-31.09],[28.54,-31.09],[28.54,-31.1],[28.54,-31.11],[28.53,-31.11],[28.52,-31.11],[28.53,-31.11],[28.52,-31.11],[28.51,-31.11],[28.52,-31.11],[28.52,-31.1],[28.52,-31.09],[28.51,-31.08],[28.52,-31.08],[28.52,-31.07],[28.51,-31.06],[28.5,-31.06],[28.49,-31.05],[28.49,-31.04],[28.49,-31.03],[28.5,-31.03],[28.5,-31.04],[28.5,-31.05],[28.51,-31.05],[28.52,-31.05],[28.53,-31.05],[28.53,-31.06],[28.54,-31.06],[28.54,-31.05],[28.53,-31.05],[28.53,-31.04],[28.54,-31.04],[28.54,-31.03],[28.55,-31.03],[28.55,-31.02],[28.56,-31.02],[28.56,-31.01],[28.55,-31.01],[28.55,-31.0],[28.55,-30.99],[28.56,-30.99],[28.56,-31.0],[28.57,-31.0],[28.57,-30.99],[28.57,-31.0],[28.58,-31.0],[28.58,-30.99],[28.58,-30.98],[28.58,-30.97],[28.59,-30.97],[28.58,-30.97],[28.58,-30.96],[28.58,-30.95],[28.58,-30.94],[28.58,-30.93],[28.59,-30.93],[28.6,-30.93],[28.61,-30.93],[28.62,-30.93],[28.62,-30.92],[28.63,-30.92],[28.64,-30.92],[28.65,-30.92],[28.66,-30.92],[28.66,-30.93],[28.66,-30.92],[28.66,-30.93],[28.66,-30.92],[28.65,-30.92],[28.65,-30.91],[28.65,-30.9],[28.65,-30.89],[28.65,-30.88],[28.66,-30.88],[28.66,-30.87],[28.67,-30.87],[28.68,-30.87],[28.69,-30.87],[28.69,-30.86],[28.69,-30.85],[28.69,-30.84],[28.69,-30.83],[28.7,-30.83],[28.7,-30.84],[28.71,-30.84],[28.72,-30.84],[28.73,-30.84],[28.73,-30.85],[28.73,-30.86],[28.73,-30.85],[28.74,-30.85],[28.74,-30.86],[28.74,-30.87],[28.75,-30.87],[28.75,-30.86],[28.76,-30.86],[28.76,-30.87],[28.76,-30.88],[28.76,-30.89],[28.77,-30.89],[28.77,-30.88],[28.76,-30.88],[28.77,-30.88],[28.78,-30.88],[28.79,-30.88],[28.79,-30.89],[28.8,-30.89],[28.8,-30.9],[28.8,-30.89],[28.79,-30.89],[28.79,-30.9],[28.79,-30.91],[28.8,-30.91],[28.81,-30.91],[28.81,-30.92],[28.82,-30.92],[28.82,-30.93],[28.82,-30.94],[28.81,-30.94],[28.81,-30.95],[28.81,-30.96],[28.82,-30.96],[28.82,-30.95],[28.82,-30.96],[28.83,-30.96],[28.83,-30.95],[28.84,-30.95],[28.83,-30.94],[28.84,-30.94],[28.85,-30.94],[28.85,-30.95],[28.86,-30.95],[28.87,-30.95],[28.87,-30.96],[28.86,-30.96],[28.87,-30.96],[28.87,-30.97],[28.86,-30.97],[28.85,-30.96],[28.85,-30.97],[28.85,-30.98],[28.86,-30.98],[28.86,-30.99],[28.87,-30.99],[28.87,-31.0],[28.87,-31.01],[28.87,-31.02],[28.88,-31.02],[28.88,-31.03],[28.89,-31.03],[28.89,-31.04],[28.88,-31.04],[28.88,-31.03],[28.87,-31.03],[28.87,-31.04],[28.88,-31.05],[28.87,-31.05],[28.87,-31.04],[28.86,-31.04],[28.86,-31.05],[28.85,-31.05],[28.86,-31.05],[28.87,-31.05],[28.89,-31.06],[28.89,-31.07],[28.9,-31.07],[28.9,-31.08],[28.91,-31.08],[28.91,-31.07],[28.92,-31.07],[28.92,-31.06],[28.91,-31.06],[28.92,-31.05],[28.93,-31.05],[28.93,-31.06],[28.93,-31.07],[28.94,-31.07],[28.94,-31.06],[28.93,-31.05],[28.94,-31.05],[28.95,-31.04],[28.95,-31.05],[28.95,-31.06],[28.96,-31.06],[28.95,-31.07],[28.96,-31.07],[28.96,-31.06],[28.97,-31.06],[28.98,-31.06],[28.98,-31.05],[28.98,-31.04],[28.98,-31.03],[28.98,-31.02],[28.99,-31.02],[28.99,-31.03],[29.0,-31.03],[29.0,-31.02],[29.01,-31.02],[29.01,-31.01],[29.01,-31.0],[29.02,-31.0],[29.03,-31.0],[29.03,-31.01],[29.04,-31.01],[29.04,-31.02],[29.05,-31.02],[29.05,-31.03],[29.06,-31.03],[29.05,-31.03],[29.06,-31.03],[29.06,-31.04],[29.06,-31.05],[29.07,-31.05],[29.07,-31.06],[29.08,-31.06],[29.09,-31.06],[29.09,-31.07],[29.1,-31.07],[29.1,-31.08],[29.11,-31.08],[29.12,-31.08],[29.13,-31.09],[29.13,-31.1],[29.13,-31.11],[29.13,-31.12],[29.14,-31.12],[29.14,-31.13],[29.14,-31.14],[29.14,-31.15],[29.13,-31.15],[29.14,-31.15],[29.15,-31.15],[29.15,-31.16],[29.16,-31.16],[29.16,-31.17],[29.17,-31.17],[29.17,-31.16],[29.17,-31.17],[29.18,-31.17],[29.19,-31.17],[29.2,-31.17],[29.21,-31.17],[29.21,-31.18],[29.2,-31.18],[29.2,-31.19],[29.19,-31.19],[29.19,-31.2],[29.2,-31.2],[29.2,-31.19],[29.2,-31.2],[29.2,-31.21],[29.19,-31.21],[29.2,-31.21],[29.19,-31.21],[29.19,-31.22],[29.19,-31.21],[29.18,-31.21],[29.18,-31.22],[29.18,-31.23],[29.17,-31.23],[29.18,-31.23],[29.17,-31.23],[29.17,-31.24],[29.17,-31.25],[29.17,-31.26],[29.18,-31.26],[29.19,-31.26],[29.19,-31.27],[29.19,-31.28],[29.2,-31.28],[29.2,-31.29],[29.2,-31.3],[29.21,-31.3],[29.22,-31.3],[29.23,-31.3],[29.23,-31.29],[29.24,-31.29],[29.23,-31.28],[29.23,-31.29],[29.22,-31.28],[29.23,-31.28],[29.23,-31.27],[29.24,-31.27],[29.24,-31.26],[29.24,-31.25],[29.24,-31.24],[29.25,-31.24],[29.25,-31.23],[29.25,-31.22],[29.24,-31.21],[29.24,-31.2],[29.25,-31.2],[29.25,-31.19],[29.26,-31.2],[29.26,-31.21],[29.27,-31.22],[29.28,-31.22],[29.28,-31.21],[29.28,-31.2],[29.28,-31.19],[29.29,-31.18],[29.29,-31.19],[29.3,-31.19],[29.3,-31.18],[29.31,-31.18],[29.32,-31.17],[29.32,-31.16],[29.33,-31.16],[29.34,-31.16],[29.34,-31.17],[29.35,-31.16],[29.35,-31.15],[29.36,-31.15],[29.37,-31.15],[29.38,-31.14],[29.37,-31.14],[29.36,-31.14],[29.35,-31.14],[29.35,-31.13],[29.36,-31.13],[29.36,-31.12],[29.37,-31.12],[29.37,-31.13],[29.37,-31.12],[29.38,-31.12],[29.39,-31.12],[29.38,-31.12],[29.38,-31.11],[29.39,-31.11],[29.4,-31.11],[29.4,-31.1],[29.4,-31.09],[29.41,-31.09],[29.42,-31.09],[29.41,-31.1],[29.42,-31.1],[29.43,-31.1],[29.43,-31.11],[29.44,-31.1],[29.43,-31.09],[29.44,-31.09],[29.44,-31.08],[29.43,-31.08],[29.42,-31.08],[29.41,-31.08],[29.41,-31.09],[29.4,-31.09],[29.4,-31.08],[29.41,-31.08],[29.41,-31.07],[29.42,-31.07],[29.42,-31.06],[29.43,-31.06],[29.43,-31.05],[29.42,-31.04],[29.42,-31.03],[29.43,-31.03],[29.43,-31.02],[29.42,-31.02],[29.41,-31.02],[29.41,-31.01],[29.41,-31.0],[29.42,-31.0],[29.42,-30.99],[29.41,-30.99],[29.42,-30.99],[29.43,-30.99],[29.43,-30.98],[29.43,-30.97],[29.44,-30.97],[29.44,-30.96],[29.45,-30.96],[29.45,-30.97],[29.45,-30.96],[29.46,-30.96],[29.46,-30.95],[29.46,-30.94],[29.46,-30.93],[29.45,-30.93],[29.46,-30.93],[29.46,-30.92],[29.47,-30.92],[29.47,-30.91],[29.48,-30.92],[29.48,-30.91],[29.48,-30.92],[29.49,-30.92],[29.48,-30.92],[29.48,-30.93],[29.49,-30.93],[29.49,-30.92],[29.5,-30.92],[29.5,-30.93],[29.51,-30.93],[29.52,-30.93],[29.53,-30.93],[29.52,-30.93],[29.52,-30.94],[29.53,-30.94],[29.53,-30.93],[29.53,-30.94],[29.54,-30.94],[29.55,-30.94],[29.55,-30.95],[29.56,-30.95],[29.56,-30.96],[29.57,-30.96],[29.58,-30.96],[29.58,-30.97],[29.59,-30.97],[29.59,-30.98],[29.6,-30.98],[29.61,-30.98],[29.61,-30.99],[29.6,-30.99],[29.59,-30.99],[29.58,-30.99],[29.57,-30.99],[29.57,-31.0],[29.57,-30.99],[29.58,-30.99],[29.58,-31.0],[29.58,-31.01],[29.59,-31.01],[29.58,-31.01],[29.59,-31.01],[29.59,-31.02],[29.59,-31.03],[29.58,-31.03],[29.59,-31.03],[29.58,-31.03],[29.58,-31.04],[29.59,-31.04],[29.6,-31.04],[29.61,-31.04],[29.62,-31.04],[29.62,-31.05],[29.62,-31.06],[29.63,-31.06],[29.62,-31.06],[29.63,-31.06],[29.64,-31.06],[29.65,-31.06],[29.66,-31.06],[29.67,-31.06],[29.68,-31.06],[29.68,-31.07],[29.69,-31.07],[29.69,-31.08],[29.69,-31.09],[29.7,-31.09],[29.7,-31.08],[29.71,-31.08],[29.72,-31.08],[29.72,-31.09],[29.73,-31.09],[29.73,-31.1],[29.74,-31.1],[29.74,-31.11],[29.73,-31.11],[29.74,-31.11],[29.74,-31.12],[29.74,-31.13],[29.74,-31.12],[29.74,-31.13],[29.75,-31.13],[29.76,-31.13],[29.77,-31.13],[29.76,-31.13],[29.76,-31.12],[29.77,-31.12],[29.78,-31.12],[29.78,-31.13],[29.78,-31.12],[29.79,-31.12],[29.8,-31.12],[29.8,-31.13],[29.8,-31.14],[29.81,-31.14],[29.81,-31.13],[29.82,-31.13],[29.82,-31.14],[29.82,-31.13],[29.83,-31.13],[29.83,-31.14],[29.83,-31.13],[29.84,-31.13],[29.85,-31.13],[29.85,-31.14],[29.84,-31.14],[29.84,-31.15],[29.85,-31.15],[29.86,-31.15],[29.87,-31.15],[29.87,-31.16],[29.88,-31.16],[29.88,-31.17],[29.88,-31.16],[29.89,-31.16],[29.89,-31.17],[29.89,-31.18],[29.9,-31.18],[29.91,-31.18],[29.91,-31.17],[29.92,-31.17],[29.91,-31.17],[29.91,-31.18],[29.92,-31.18],[29.93,-31.18],[29.94,-31.18],[29.94,-31.19],[29.95,-31.19],[29.95,-31.2],[29.96,-31.2],[29.96,-31.21],[29.97,-31.21],[29.98,-31.21],[29.98,-31.22],[29.99,-31.22],[30.0,-31.22],[30.01,-31.22],[30.01,-31.23],[30.02,-31.23],[30.03,-31.24],[30.04,-31.24],[30.04,-31.25],[30.05,-31.25],[30.05,-31.26],[30.04,-31.26],[30.04,-31.27],[30.03,-31.27],[30.03,-31.28],[30.02,-31.28],[30.02,-31.29],[30.01,-31.29],[30.01,-31.3],[30.0,-31.3],[30.0,-31.31],[29.99,-31.31],[29.98,-31.31],[29.98,-31.32],[29.97,-31.32],[29.97,-31.33],[29.96,-31.33],[29.96,-31.34],[29.96,-31.35],[29.95,-31.35],[29.94,-31.35],[29.94,-31.36],[29.93,-31.36],[29.93,-31.37],[29.92,-31.37],[29.92,-31.38],[29.91,-31.38],[29.9,-31.38],[29.9,-31.39],[29.91,-31.39],[29.9,-31.39],[29.9,-31.4],[29.89,-31.4],[29.88,-31.4],[29.88,-31.41],[29.87,-31.41],[29.87,-31.42],[29.86,-31.42],[29.86,-31.43],[29.85,-31.43],[29.85,-31.44],[29.84,-31.44],[29.83,-31.44],[29.82,-31.44],[29.81,-31.44],[29.8,-31.44],[29.79,-31.44],[29.78,-31.44],[29.78,-31.45],[29.77,-31.45],[29.76,-31.45],[29.77,-31.45],[29.76,-31.45],[29.76,-31.46],[29.75,-31.46],[29.74,-31.47],[29.74,-31.46],[29.74,-31.47],[29.73,-31.47],[29.74,-31.47],[29.73,-31.47],[29.73,-31.48],[29.72,-31.48],[29.72,-31.49],[29.72,-31.5],[29.71,-31.5],[29.71,-31.51],[29.7,-31.52],[29.7,-31.53],[29.69,-31.53],[29.68,-31.53],[29.68,-31.54],[29.67,-31.55],[29.66,-31.55],[29.65,-31.55],[29.65,-31.56],[29.64,-31.56],[29.64,-31.57],[29.63,-31.57],[29.63,-31.58],[29.62,-31.59],[29.61,-31.59],[29.61,-31.6],[29.6,-31.6],[29.59,-31.6],[29.59,-31.61],[29.59,-31.6],[29.59,-31.61],[29.58,-31.61],[29.57,-31.61],[29.57,-31.62],[29.56,-31.62],[29.55,-31.62],[29.55,-31.63],[29.55,-31.64],[29.54,-31.64],[29.55,-31.64],[29.54,-31.64],[29.54,-31.65],[29.53,-31.65],[29.52,-31.65],[29.52,-31.66],[29.52,-31.65],[29.51,-31.65],[29.51,-31.66],[29.51,-31.65],[29.51,-31.66],[29.5,-31.66],[29.5,-31.67],[29.5,-31.66],[29.5,-31.67],[29.5,-31.66],[29.5,-31.67],[29.49,-31.67],[29.48,-31.67],[29.48,-31.68],[29.48,-31.67],[29.48,-31.68],[29.48,-31.67],[29.48,-31.68],[29.47,-31.68],[29.46,-31.68],[29.45,-31.68],[29.44,-31.68],[29.44,-31.69],[29.44,-31.68],[29.44,-31.69],[29.43,-31.69],[29.42,-31.69],[29.43,-31.69],[29.42,-31.69],[29.43,-31.69],[29.42,-31.69],[29.43,-31.69],[29.42,-31.7],[29.42,-31.69],[29.42,-31.7],[29.42,-31.71],[29.42,-31.7],[29.41,-31.7],[29.41,-31.71],[29.41,-31.72],[29.41,-31.71],[29.41,-31.72],[29.4,-31.72],[29.41,-31.72],[29.4,-31.72],[29.4,-31.73],[29.4,-31.72],[29.4,-31.73],[29.41,-31.73],[29.4,-31.73],[29.4,-31.74],[29.39,-31.74],[29.39,-31.75],[29.38,-31.75],[29.37,-31.75],[29.36,-31.75],[29.36,-31.76],[29.36,-31.77],[29.36,-31.78],[29.36,-31.79],[29.35,-31.79],[29.34,-31.79],[29.34,-31.8],[29.35,-31.8],[29.35,-31.81],[29.35,-31.8],[29.34,-31.81],[29.34,-31.8],[29.34,-31.81],[29.33,-31.81],[29.32,-31.81],[29.32,-31.82],[29.31,-31.82],[29.31,-31.83],[29.31,-31.82],[29.31,-31.83],[29.3,-31.83],[29.29,-31.83],[29.29,-31.84],[29.29,-31.85],[29.28,-31.85],[29.28,-31.86],[29.27,-31.86],[29.27,-31.87],[29.26,-31.87],[29.26,-31.88],[29.26,-31.89],[29.26,-31.88],[29.26,-31.89],[29.25,-31.89],[29.24,-31.89],[29.24,-31.9],[29.25,-31.9],[29.24,-31.9],[29.24,-31.91],[29.23,-31.91],[29.23,-31.92],[29.23,-31.93],[29.22,-31.93],[29.22,-31.94],[29.21,-31.94],[29.21,-31.95],[29.21,-31.94],[29.21,-31.95],[29.2,-31.95],[29.19,-31.95],[29.18,-31.95],[29.18,-31.96],[29.17,-31.96],[29.17,-31.97],[29.16,-31.97],[29.16,-31.98],[29.15,-31.98],[29.15,-31.99],[29.14,-31.99],[29.14,-32.0],[29.13,-32.0],[29.13,-32.01],[29.13,-32.02],[29.12,-32.02],[29.12,-32.03],[29.11,-32.03],[29.11,-32.04],[29.11,-32.05],[29.1,-32.05],[29.1,-32.06],[29.09,-32.06],[29.09,-32.05],[29.08,-32.05],[29.07,-32.05],[29.07,-32.04],[29.06,-32.04],[29.06,-32.03],[29.06,-32.04],[29.05,-32.04],[29.04,-32.04],[29.04,-32.03],[29.03,-32.03],[29.03,-32.02],[29.02,-32.02],[29.02,-32.01],[29.02,-32.02],[29.01,-32.02],[29.01,-32.01],[29.01,-32.0],[29.0,-32.0],[28.99,-32.0],[28.99,-31.99],[28.98,-31.99],[28.98,-31.98],[28.98,-31.99],[28.97,-31.99],[28.97,-31.98],[28.96,-31.98],[28.96,-31.97],[28.96,-31.96],[28.95,-31.96],[28.95,-31.97],[28.95,-31.96],[28.94,-31.96],[28.94,-31.95],[28.93,-31.95],[28.94,-31.95],[28.93,-31.95],[28.93,-31.94],[28.92,-31.94],[28.92,-31.95],[28.91,-31.95],[28.92,-31.95],[28.91,-31.95],[28.9,-31.95],[28.89,-31.95],[28.89,-31.96],[28.88,-31.96],[28.88,-31.97],[28.88,-31.96],[28.87,-31.96],[28.86,-31.96],[28.86,-31.97],[28.85,-31.98],[28.85,-31.99],[28.85,-31.98],[28.84,-31.98],[28.84,-31.99],[28.84,-31.98],[28.84,-31.99],[28.83,-31.99],[28.83,-32.0],[28.84,-32.0],[28.83,-32.0],[28.83,-32.01],[28.83,-32.0],[28.82,-32.0],[28.82,-32.01],[28.82,-32.0],[28.81,-32.0],[28.8,-32.0],[28.81,-32.0],[28.8,-32.0],[28.8,-32.01],[28.81,-32.01],[28.81,-32.02],[28.81,-32.01],[28.8,-32.01],[28.79,-32.01],[28.79,-32.02],[28.8,-32.02],[28.8,-32.03],[28.79,-32.03],[28.79,-32.04],[28.78,-32.05],[28.78,-32.04],[28.77,-32.04],[28.76,-32.04],[28.75,-32.04],[28.75,-32.03],[28.74,-32.03],[28.75,-32.03],[28.75,-32.02],[28.74,-32.02],[28.74,-32.01],[28.73,-32.01],[28.72,-32.01],[28.71,-32.01],[28.71,-32.0],[28.7,-32.0],[28.69,-32.0],[28.7,-31.99],[28.71,-31.99],[28.71,-31.98],[28.7,-31.98],[28.69,-31.99],[28.69,-31.98],[28.7,-31.98],[28.7,-31.97],[28.7,-31.96],[28.69,-31.96],[28.68,-31.96],[28.67,-31.96],[28.66,-31.96],[28.66,-31.97],[28.66,-31.98],[28.67,-31.98],[28.68,-31.98],[28.67,-31.98],[28.67,-31.99],[28.66,-31.99],[28.66,-32.0],[28.66,-31.99],[28.66,-32.0],[28.67,-32.0],[28.67,-31.99],[28.67,-32.0],[28.68,-32.0],[28.67,-32.0],[28.67,-32.01],[28.66,-32.01],[28.65,-32.01],[28.65,-32.02],[28.64,-32.02],[28.63,-32.02],[28.62,-32.02],[28.61,-32.02],[28.6,-32.02],[28.6,-32.01],[28.6,-32.0],[28.61,-32.0],[28.62,-32.0],[28.63,-32.0],[28.63,-31.99],[28.62,-31.99],[28.62,-32.0],[28.61,-32.0],[28.6,-32.0],[28.6,-31.99],[28.61,-31.99],[28.61,-31.98],[28.6,-31.98],[28.6,-31.97],[28.59,-31.97],[28.58,-31.97],[28.58,-31.98],[28.59,-31.98],[28.59,-31.99],[28.59,-32.0],[28.58,-32.0],[28.58,-31.99],[28.57,-31.99],[28.57,-31.98],[28.56,-31.98],[28.55,-31.98],[28.55,-31.99],[28.54,-31.99],[28.53,-31.99],[28.53,-32.0],[28.53,-31.99],[28.52,-31.99],[28.52,-31.98],[28.53,-31.98],[28.54,-31.98],[28.54,-31.99],[28.55,-31.99],[28.55,-31.98],[28.54,-31.98],[28.54,-31.97],[28.54,-31.96],[28.53,-31.96],[28.52,-31.96],[28.53,-31.96],[28.53,-31.97],[28.52,-31.97],[28.51,-31.97],[28.5,-31.97],[28.49,-31.97],[28.48,-31.97],[28.47,-31.97],[28.47,-31.96],[28.48,-31.95],[28.49,-31.95],[28.5,-31.95],[28.5,-31.96],[28.51,-31.95],[28.51,-31.94],[28.52,-31.94],[28.52,-31.93],[28.51,-31.93],[28.5,-31.93],[28.49,-31.93],[28.49,-31.94],[28.49,-31.93],[28.48,-31.93],[28.47,-31.93],[28.47,-31.92],[28.48,-31.92],[28.48,-31.91],[28.47,-31.91],[28.47,-31.92],[28.46,-31.92],[28.46,-31.93],[28.46,-31.92],[28.45,-31.92],[28.44,-31.92],[28.44,-31.91],[28.44,-31.9],[28.44,-31.89],[28.43,-31.89],[28.43,-31.88],[28.43,-31.87],[28.42,-31.87],[28.42,-31.88],[28.41,-31.88],[28.41,-31.87],[28.42,-31.87],[28.42,-31.86],[28.41,-31.86],[28.41,-31.85],[28.4,-31.85],[28.39,-31.85],[28.39,-31.86],[28.38,-31.86],[28.38,-31.85],[28.39,-31.84],[28.38,-31.84],[28.37,-31.84],[28.37,-31.83],[28.37,-31.84],[28.37,-31.85],[28.36,-31.85],[28.36,-31.84],[28.36,-31.83],[28.35,-31.83],[28.35,-31.82],[28.34,-31.82],[28.34,-31.81],[28.35,-31.81],[28.34,-31.81],[28.34,-31.8],[28.33,-31.8],[28.33,-31.79],[28.32,-31.79],[28.33,-31.79],[28.33,-31.78],[28.33,-31.79],[28.34,-31.79],[28.35,-31.79],[28.35,-31.78],[28.35,-31.77],[28.35,-31.76],[28.34,-31.76],[28.34,-31.75],[28.35,-31.75],[28.36,-31.75],[28.36,-31.74],[28.35,-31.74],[28.34,-31.74],[28.35,-31.74],[28.35,-31.73],[28.34,-31.73],[28.34,-31.72],[28.34,-31.71],[28.33,-31.71],[28.33,-31.7],[28.33,-31.69],[28.32,-31.69],[28.31,-31.69],[28.31,-31.68],[28.3,-31.68],[28.3,-31.67],[28.31,-31.67],[28.31,-31.66],[28.32,-31.66],[28.32,-31.65],[28.32,-31.66],[28.31,-31.66],[28.31,-31.65],[28.3,-31.65]]]]},"properties":{"name":"O.R. Tambo District"}},{"type":"Feature","geometry":{"type":"MultiPolygon","coordinates":[[[[18.81,-34.35],[18.82,-34.35],[18.83,-34.35],[18.83,-34.34],[18.82,-34.34],[18.82,-34.33],[18.82,-34.32],[18.82,-34.33],[18.82,-34.32],[18.82,-34.31],[18.81,-34.31],[18.82,-34.31],[18.81,-34.31],[18.81,-34.3],[18.82,-34.3],[18.82,-34.29],[18.82,-34.28],[18.83,-34.28],[18.84,-34.28],[18.84,-34.27],[18.85,-34.27],[18.86,-34.27],[18.87,-34.26],[18.87,-34.25],[18.88,-34.25],[18.88,-34.24],[18.88,-34.23],[18.89,-34.23],[18.9,-34.23],[18.9,-34.22],[18.91,-34.22],[18.91,-34.21],[18.92,-34.21],[18.93,-34.21],[18.93,-34.2],[18.94,-34.2],[18.94,-34.19],[18.95,-34.19],[18.95,-34.18],[18.95,-34.17],[18.96,-34.18],[18.97,-34.17],[18.98,-34.15],[18.97,-34.15],[18.96,-34.15],[18.97,-34.14],[18.96,-34.14],[18.95,-34.14],[18.94,-34.14],[18.95,-34.14],[18.95,-34.13],[18.95,-34.12],[18.96,-34.12],[18.96,-34.11],[18.97,-34.1],[18.98,-34.1],[18.98,-34.09],[18.99,-34.09],[18.99,-34.08],[19.0,-34.07],[18.98,-34.04],[18.99,-34.04],[19.0,-34.03],[19.03,-34.02],[19.04,-34.01],[19.07,-33.99],[19.1,-33.98],[19.13,-33.96],[19.15,-33.96],[19.16,-33.96],[19.16,-33.97],[19.17,-33.97],[19.18,-33.96],[19.19,-33.95],[19.21,-33.95],[19.24,-33.9],[19.27,-33.9],[19.26,-33.88],[19.27,-33.88],[19.28,-33.88],[19.3,-33.89],[19.31,-33.91],[19.31,-33.93],[19.31,-33.94],[19.32,-33.95],[19.33,-33.95],[19.34,-33.96],[19.35,-33.96],[19.36,-33.96],[19.36,-33.97],[19.37,-33.97],[19.39,-33.98],[19.4,-33.99],[19.43,-33.99],[19.46,-34.0],[19.49,-33.98],[19.51,-33.97],[19.53,-33.97],[19.57,-34.0],[19.58,-34.01],[19.59,-34.01],[19.61,-34.01],[19.64,-34.0],[19.68,-34.01],[19.7,-34.05],[19.71,-34.05],[19.73,-34.04],[19.76,-34.05],[19.81,-34.06],[19.85,-34.06],[19.89,-34.07],[19.91,-34.08],[19.94,-34.08],[19.99,-34.08],[19.99,-34.09],[20.0,-34.09],[20.01,-34.09],[20.01,-34.06],[20.03,-34.06],[20.05,-34.06],[20.06,-34.06],[20.08,-34.06],[20.09,-34.06],[20.11,-34.06],[20.12,-34.06],[20.13,-34.06],[20.14,-34.06],[20.15,-34.05],[20.15,-34.04],[20.16,-34.04],[20.17,-34.04],[20.18,-34.03],[20.19,-34.04],[20.2,-34.04],[20.19,-34.05],[20.2,-34.05],[20.2,-34.06],[20.2,-34.07],[20.2,-34.08],[20.18,-34.08],[20.17,-34.08],[20.15,-34.08],[20.14,-34.08],[20.14,-34.09],[20.15,-34.09],[20.16,-34.09],[20.18,-34.09],[20.19,-34.1],[20.2,-34.1],[20.2,-34.09],[20.23,-34.1],[20.22,-34.1],[20.22,-34.11],[20.25,-34.12],[20.25,-34.11],[20.27,-34.11],[20.27,-34.09],[20.28,-34.09],[20.29,-34.09],[20.31,-34.08],[20.3,-34.08],[20.29,-34.08],[20.29,-34.07],[20.29,-34.06],[20.3,-34.06],[20.29,-34.05],[20.28,-34.05],[20.28,-34.04],[20.29,-34.04],[20.3,-34.04],[20.31,-34.03],[20.3,-34.02],[20.3,-34.01],[20.31,-34.01],[20.31,-34.0],[20.32,-34.0],[20.32,-33.99],[20.32,-33.98],[20.33,-33.97],[20.32,-33.97],[20.31,-33.97],[20.3,-33.97],[20.3,-33.96],[20.29,-33.96],[20.28,-33.95],[20.28,-33.96],[20.27,-33.95],[20.26,-33.94],[20.25,-33.94],[20.25,-33.93],[20.23,-33.92],[20.23,-33.91],[20.22,-33.91],[20.23,-33.9],[20.24,-33.9],[20.32,-33.95],[20.39,-33.95],[20.44,-33.96],[20.44,-33.94],[20.45,-33.93],[20.45,-33.92],[20.46,-33.91],[20.47,-33.9],[20.47,-33.89],[20.47,-33.88],[20.46,-33.88],[20.45,-33.87],[20.45,-33.86],[20.44,-33.86],[20.44,-33.84],[20.44,-33.83],[20.44,-33.82],[20.43,-33.81],[20.44,-33.81],[20.45,-33.81],[20.47,-33.81],[20.47,-33.82],[20.48,-33.82],[20.51,-33.8],[20.5,-33.8],[20.49,-33.79],[20.48,-33.79],[20.45,-33.77],[20.46,-33.76],[20.47,-33.73],[20.47,-33.7],[20.47,-33.68],[20.5,-33.68],[20.54,-33.66],[20.5,-33.64],[20.51,-33.64],[20.53,-33.63],[20.55,-33.63],[20.57,-33.62],[20.58,-33.62],[20.58,-33.65],[20.59,-33.67],[20.6,-33.66],[20.61,-33.65],[20.65,-33.64],[20.66,-33.63],[20.67,-33.62],[20.7,-33.63],[20.72,-33.64],[20.74,-33.66],[20.75,-33.67],[20.78,-33.69],[20.81,-33.69],[20.81,-33.7],[20.8,-33.72],[20.83,-33.72],[20.89,-33.72],[20.88,-33.69],[20.89,-33.69],[20.91,-33.7],[20.93,-33.7],[20.94,-33.7],[20.93,-33.72],[20.96,-33.74],[20.97,-33.74],[20.98,-33.74],[21.01,-33.76],[21.0,-33.76],[20.99,-33.78],[20.98,-33.78],[20.97,-33.8],[20.96,-33.81],[20.94,-33.85],[20.94,-33.87],[20.94,-33.88],[20.93,-33.88],[20.92,-33.89],[20.93,-33.89],[20.94,-33.89],[20.95,-33.9],[20.94,-33.92],[20.93,-33.95],[20.94,-33.96],[20.92,-33.95],[20.9,-33.96],[20.88,-33.96],[20.87,-33.96],[20.87,-33.95],[20.86,-33.96],[20.85,-33.96],[20.84,-33.96],[20.84,-33.97],[20.83,-33.97],[20.83,-33.96],[20.82,-33.96],[20.82,-33.95],[20.82,-33.94],[20.81,-33.94],[20.81,-33.95],[20.8,-33.95],[20.78,-33.95],[20.77,-33.95],[20.74,-33.95],[20.73,-33.95],[20.72,-33.95],[20.71,-33.95],[20.71,-33.96],[20.7,-33.96],[20.7,-33.97],[20.7,-33.98],[20.69,-33.98],[20.7,-33.98],[20.71,-33.98],[20.71,-33.99],[20.72,-33.99],[20.73,-33.99],[20.73,-34.0],[20.73,-34.01],[20.73,-34.02],[20.72,-34.02],[20.71,-34.02],[20.71,-34.01],[20.7,-34.01],[20.69,-34.01],[20.7,-34.02],[20.7,-34.03],[20.7,-34.04],[20.71,-34.04],[20.72,-34.04],[20.73,-34.04],[20.73,-34.05],[20.73,-34.06],[20.74,-34.06],[20.75,-34.07],[20.74,-34.07],[20.74,-34.08],[20.75,-34.1],[20.73,-34.09],[20.72,-34.09],[20.7,-34.09],[20.69,-34.1],[20.69,-34.09],[20.68,-34.09],[20.67,-34.09],[20.66,-34.09],[20.65,-34.09],[20.64,-34.09],[20.64,-34.1],[20.65,-34.11],[20.65,-34.12],[20.65,-34.13],[20.64,-34.14],[20.66,-34.14],[20.65,-34.15],[20.65,-34.16],[20.65,-34.18],[20.65,-34.17],[20.66,-34.17],[20.66,-34.19],[20.68,-34.19],[20.69,-34.19],[20.7,-34.18],[20.72,-34.2],[20.71,-34.21],[20.7,-34.21],[20.69,-34.2],[20.68,-34.21],[20.67,-34.22],[20.65,-34.22],[20.64,-34.23],[20.64,-34.24],[20.62,-34.26],[20.61,-34.27],[20.6,-34.27],[20.59,-34.28],[20.58,-34.28],[20.57,-34.28],[20.57,-34.29],[20.57,-34.3],[20.58,-34.3],[20.58,-34.29],[20.58,-34.3],[20.59,-34.3],[20.6,-34.3],[20.6,-34.31],[20.6,-34.3],[20.61,-34.3],[20.62,-34.3],[20.62,-34.31],[20.62,-34.32],[20.61,-34.32],[20.6,-34.32],[20.6,-34.33],[20.6,-34.34],[20.6,-34.35],[20.61,-34.35],[20.62,-34.35],[20.62,-34.34],[20.63,-34.34],[20.63,-34.35],[20.64,-34.35],[20.64,-34.36],[20.65,-34.36],[20.65,-34.35],[20.66,-34.35],[20.67,-34.35],[20.68,-34.35],[20.69,-34.35],[20.69,-34.36],[20.7,-34.36],[20.71,-34.36],[20.71,-34.37],[20.72,-34.37],[20.72,-34.38],[20.73,-34.38],[20.73,-34.39],[20.74,-34.39],[20.75,-34.39],[20.76,-34.39],[20.77,-34.39],[20.77,-34.4],[20.78,-34.4],[20.79,-34.4],[20.79,-34.41],[20.8,-34.41],[20.81,-34.41],[20.81,-34.4],[20.82,-34.4],[20.83,-34.4],[20.84,-34.4],[20.85,-34.4],[20.85,-34.41],[20.85,-34.42],[20.86,-34.42],[20.86,-34.43],[20.86,-34.42],[20.86,-34.43],[20.87,-34.43],[20.87,-34.44],[20.87,-34.45],[20.87,-34.46],[20.87,-34.47],[20.86,-34.47],[20.86,-34.46],[20.86,-34.47],[20.86,-34.46],[20.86,-34.47],[20.85,-34.47],[20.84,-34.47],[20.83,-34.47],[20.82,-34.47],[20.81,-34.47],[20.8,-34.47],[20.79,-34.47],[20.79,-34.46],[20.78,-34.46],[20.77,-34.46],[20.76,-34.46],[20.75,-34.46],[20.74,-34.46],[20.74,-34.45],[20.74,-34.46],[20.73,-34.46],[20.73,-34.45],[20.74,-34.45],[20.73,-34.45],[20.72,-34.45],[20.71,-34.45],[20.7,-34.45],[20.69,-34.45],[20.68,-34.45],[20.67,-34.45],[20.66,-34.45],[20.65,-34.45],[20.64,-34.45],[20.63,-34.45],[20.62,-34.45],[20.61,-34.45],[20.6,-34.46],[20.6,-34.45],[20.6,-34.46],[20.6,-34.45],[20.6,-34.46],[20.59,-34.46],[20.58,-34.46],[20.57,-34.46],[20.56,-34.46],[20.56,-34.47],[20.56,-34.46],[20.56,-34.47],[20.55,-34.47],[20.54,-34.47],[20.53,-34.47],[20.52,-34.47],[20.52,-34.48],[20.51,-34.48],[20.5,-34.48],[20.49,-34.48],[20.49,-34.49],[20.48,-34.49],[20.47,-34.49],[20.47,-34.5],[20.46,-34.5],[20.45,-34.5],[20.45,-34.51],[20.44,-34.51],[20.44,-34.52],[20.43,-34.52],[20.43,-34.53],[20.42,-34.53],[20.42,-34.54],[20.42,-34.55],[20.41,-34.55],[20.41,-34.56],[20.4,-34.56],[20.4,-34.57],[20.39,-34.57],[20.38,-34.57],[20.38,-34.58],[20.37,-34.58],[20.36,-34.58],[20.36,-34.59],[20.35,-34.59],[20.34,-34.59],[20.34,-34.6],[20.33,-34.6],[20.33,-34.61],[20.32,-34.61],[20.32,-34.62],[20.31,-34.62],[20.3,-34.62],[20.3,-34.63],[20.29,-34.63],[20.28,-34.63],[20.27,-34.63],[20.27,-34.64],[20.26,-34.64],[20.25,-34.64],[20.25,-34.65],[20.24,-34.65],[20.24,-34.66],[20.23,-34.66],[20.23,-34.67],[20.24,-34.67],[20.23,-34.67],[20.23,-34.68],[20.23,-34.69],[20.24,-34.69],[20.23,-34.69],[20.22,-34.69],[20.21,-34.69],[20.2,-34.69],[20.19,-34.69],[20.18,-34.69],[20.17,-34.69],[20.17,-34.7],[20.16,-34.7],[20.15,-34.7],[20.14,-34.71],[20.13,-34.71],[20.12,-34.71],[20.12,-34.72],[20.1,-34.72],[20.09,-34.73],[20.08,-34.73],[20.08,-34.74],[20.07,-34.74],[20.07,-34.75],[20.06,-34.75],[20.06,-34.76],[20.05,-34.76],[20.05,-34.77],[20.05,-34.78],[20.05,-34.79],[20.05,-34.8],[20.06,-34.8],[20.07,-34.8],[20.06,-34.8],[20.06,-34.81],[20.05,-34.81],[20.04,-34.81],[20.03,-34.81],[20.03,-34.82],[20.03,-34.83],[20.03,-34.82],[20.02,-34.82],[20.02,-34.83],[20.01,-34.83],[20.0,-34.83],[19.99,-34.83],[19.98,-34.83],[19.97,-34.83],[19.97,-34.82],[19.97,-34.83],[19.96,-34.83],[19.97,-34.83],[19.97,-34.82],[19.96,-34.82],[19.96,-34.81],[19.96,-34.82],[19.95,-34.82],[19.95,-34.81],[19.95,-34.82],[19.95,-34.81],[19.95,-34.82],[19.95,-34.81],[19.95,-34.82],[19.95,-34.81],[19.95,-34.82],[19.95,-34.81],[19.94,-34.81],[19.94,-34.82],[19.94,-34.81],[19.93,-34.81],[19.93,-34.8],[19.92,-34.8],[19.92,-34.79],[19.91,-34.79],[19.9,-34.79],[19.9,-34.78],[19.89,-34.78],[19.89,-34.77],[19.88,-34.77],[19.87,-34.77],[19.86,-34.77],[19.87,-34.77],[19.86,-34.77],[19.85,-34.77],[19.86,-34.77],[19.85,-34.77],[19.84,-34.77],[19.83,-34.77],[19.83,-34.76],[19.83,-34.77],[19.83,-34.76],[19.83,-34.77],[19.83,-34.76],[19.83,-34.77],[19.83,-34.76],[19.83,-34.77],[19.83,-34.76],[19.83,-34.77],[19.83,-34.76],[19.82,-34.76],[19.81,-34.76],[19.82,-34.76],[19.81,-34.76],[19.81,-34.77],[19.8,-34.77],[19.81,-34.77],[19.8,-34.77],[19.79,-34.77],[19.78,-34.77],[19.78,-34.76],[19.77,-34.76],[19.77,-34.77],[19.76,-34.77],[19.75,-34.77],[19.74,-34.77],[19.73,-34.77],[19.72,-34.77],[19.72,-34.76],[19.71,-34.76],[19.7,-34.76],[19.69,-34.76],[19.69,-34.77],[19.68,-34.77],[19.67,-34.78],[19.68,-34.78],[19.67,-34.78],[19.67,-34.79],[19.66,-34.78],[19.66,-34.79],[19.65,-34.79],[19.65,-34.78],[19.64,-34.78],[19.64,-34.77],[19.64,-34.76],[19.63,-34.76],[19.63,-34.75],[19.62,-34.75],[19.62,-34.76],[19.61,-34.76],[19.61,-34.75],[19.6,-34.75],[19.6,-34.74],[19.6,-34.73],[19.59,-34.73],[19.59,-34.72],[19.59,-34.73],[19.58,-34.73],[19.57,-34.72],[19.58,-34.72],[19.57,-34.72],[19.58,-34.72],[19.57,-34.72],[19.57,-34.71],[19.56,-34.71],[19.55,-34.71],[19.55,-34.7],[19.54,-34.69],[19.53,-34.69],[19.53,-34.68],[19.53,-34.67],[19.52,-34.67],[19.51,-34.67],[19.5,-34.67],[19.49,-34.67],[19.49,-34.66],[19.48,-34.66],[19.47,-34.66],[19.46,-34.66],[19.45,-34.66],[19.45,-34.65],[19.44,-34.65],[19.44,-34.64],[19.44,-34.63],[19.43,-34.63],[19.43,-34.62],[19.42,-34.61],[19.41,-34.61],[19.4,-34.61],[19.39,-34.61],[19.38,-34.61],[19.37,-34.61],[19.37,-34.62],[19.36,-34.62],[19.36,-34.61],[19.36,-34.62],[19.36,-34.61],[19.36,-34.62],[19.36,-34.61],[19.36,-34.62],[19.35,-34.62],[19.35,-34.63],[19.34,-34.63],[19.34,-34.62],[19.33,-34.62],[19.32,-34.63],[19.32,-34.62],[19.31,-34.62],[19.31,-34.63],[19.3,-34.63],[19.29,-34.63],[19.3,-34.63],[19.3,-34.62],[19.31,-34.62],[19.31,-34.61],[19.32,-34.61],[19.33,-34.61],[19.33,-34.6],[19.33,-34.59],[19.33,-34.6],[19.34,-34.6],[19.34,-34.59],[19.33,-34.59],[19.34,-34.59],[19.35,-34.59],[19.34,-34.59],[19.35,-34.59],[19.34,-34.59],[19.35,-34.59],[19.34,-34.59],[19.35,-34.59],[19.34,-34.59],[19.35,-34.58],[19.34,-34.58],[19.35,-34.58],[19.34,-34.58],[19.35,-34.58],[19.34,-34.58],[19.34,-34.57],[19.34,-34.58],[19.35,-34.58],[19.35,-34.57],[19.35,-34.56],[19.36,-34.56],[19.36,-34.55],[19.37,-34.55],[19.38,-34.55],[19.38,-34.54],[19.38,-34.53],[19.37,-34.53],[19.38,-34.53],[19.37,-34.53],[19.37,-34.52],[19.37,-34.51],[19.37,-34.5],[19.36,-34.5],[19.36,-34.49],[19.36,-34.48],[19.35,-34.48],[19.35,-34.47],[19.34,-34.46],[19.34,-34.45],[19.33,-34.45],[19.33,-34.44],[19.32,-34.44],[19.32,-34.43],[19.31,-34.43],[19.3,-34.43],[19.3,-34.42],[19.29,-34.42],[19.29,-34.41],[19.28,-34.41],[19.27,-34.41],[19.26,-34.41],[19.25,-34.41],[19.25,-34.42],[19.24,-34.42],[19.25,-34.42],[19.24,-34.42],[19.24,-34.43],[19.23,-34.43],[19.22,-34.43],[19.23,-34.43],[19.23,-34.44],[19.22,-34.44],[19.21,-34.44],[19.2,-34.44],[19.2,-34.43],[19.19,-34.43],[19.19,-34.42],[19.18,-34.42],[19.17,-34.42],[19.16,-34.42],[19.15,-34.42],[19.14,-34.42],[19.13,-34.42],[19.14,-34.42],[19.13,-34.42],[19.12,-34.42],[19.12,-34.41],[19.12,-34.4],[19.13,-34.4],[19.12,-34.4],[19.12,-34.39],[19.12,-34.38],[19.11,-34.38],[19.1,-34.37],[19.09,-34.37],[19.09,-34.36],[19.08,-34.36],[19.08,-34.35],[19.07,-34.35],[19.06,-34.35],[19.05,-34.34],[19.04,-34.34],[19.03,-34.34],[19.03,-34.35],[19.04,-34.35],[19.03,-34.35],[19.03,-34.34],[19.03,-34.35],[19.03,-34.34],[19.03,-34.35],[19.03,-34.34],[19.03,-34.35],[19.02,-34.35],[19.01,-34.35],[19.0,-34.35],[19.0,-34.34],[18.99,-34.34],[18.99,-34.35],[18.98,-34.35],[18.98,-34.36],[18.97,-34.36],[18.96,-34.36],[18.95,-34.36],[18.94,-34.36],[18.93,-34.36],[18.92,-34.36],[18.91,-34.36],[18.9,-34.36],[18.91,-34.36],[18.9,-34.36],[18.9,-34.37],[18.89,-34.37],[18.9,-34.37],[18.89,-34.37],[18.89,-34.38],[18.89,-34.37],[18.88,-34.37],[18.89,-34.37],[18.88,-34.37],[18.87,-34.37],[18.86,-34.37],[18.86,-34.38],[18.86,-34.37],[18.86,-34.38],[18.86,-34.39],[18.85,-34.39],[18.85,-34.38],[18.86,-34.38],[18.85,-34.38],[18.84,-34.38],[18.83,-34.38],[18.83,-34.39],[18.84,-34.39],[18.83,-34.39],[18.83,-34.38],[18.82,-34.38],[18.83,-34.38],[18.83,-34.37],[18.82,-34.37],[18.82,-34.36],[18.82,-34.35],[18.81,-34.35]]],[[[19.41,-34.68],[19.42,-34.68],[19.42,-34.69],[19.41,-34.69],[19.41,-34.68]]]]},"properties":{"name":"Overberg District"}},{"type":"Feature","geometry":{"type":"MultiPolygon","coordinates":[[[[21.07,-30.33],[21.07,-30.32],[21.07,-30.3],[21.08,-30.3],[21.09,-30.29],[21.1,-30.29],[21.11,-30.28],[21.12,-30.27],[21.13,-30.27],[21.14,-30.26],[21.14,-30.25],[21.14,-30.24],[21.15,-30.24],[21.15,-30.23],[21.15,-30.22],[21.15,-30.21],[21.26,-30.2],[21.25,-30.2],[21.24,-30.19],[21.22,-30.18],[21.21,-30.18],[21.2,-30.18],[21.19,-30.18],[21.18,-30.19],[21.17,-30.19],[21.16,-30.19],[21.15,-30.19],[21.15,-30.18],[21.16,-30.16],[21.16,-30.15],[21.16,-30.14],[21.16,-30.13],[21.16,-30.12],[21.16,-30.11],[21.16,-30.09],[21.17,-30.09],[21.19,-30.07],[21.21,-30.06],[21.24,-30.04],[21.25,-30.04],[21.26,-30.04],[21.27,-30.03],[21.28,-30.03],[21.29,-30.03],[21.3,-30.03],[21.31,-30.03],[21.32,-30.03],[21.33,-30.02],[21.34,-30.02],[21.35,-30.02],[21.37,-30.02],[21.38,-30.01],[21.39,-30.01],[21.39,-30.0],[21.4,-30.0],[21.41,-30.0],[21.41,-29.99],[21.42,-29.99],[21.43,-29.99],[21.44,-29.99],[21.44,-30.0],[21.45,-30.0],[21.46,-30.0],[21.46,-30.01],[21.47,-30.01],[21.48,-30.02],[21.49,-30.02],[21.5,-30.03],[21.51,-30.03],[21.52,-30.03],[21.53,-30.03],[21.53,-30.04],[21.54,-30.04],[21.55,-30.04],[21.56,-30.04],[21.57,-30.04],[21.58,-30.04],[21.58,-30.03],[21.59,-30.02],[21.59,-30.01],[21.6,-30.01],[21.61,-30.01],[21.62,-30.01],[21.63,-30.01],[21.64,-30.01],[21.65,-30.01],[21.65,-30.0],[21.66,-30.0],[21.67,-30.0],[21.68,-30.0],[21.69,-30.0],[21.7,-30.0],[21.71,-30.0],[21.72,-30.0],[21.73,-30.0],[21.74,-30.01],[21.75,-30.01],[21.76,-30.01],[21.77,-30.01],[21.78,-30.01],[21.78,-30.02],[21.79,-30.02],[21.8,-30.02],[21.81,-30.02],[21.82,-30.02],[21.82,-30.03],[21.83,-30.03],[21.84,-30.03],[21.84,-30.02],[21.85,-30.02],[21.86,-30.02],[21.86,-30.01],[21.87,-30.01],[21.88,-30.01],[21.89,-30.0],[21.9,-30.0],[21.91,-29.99],[21.92,-29.99],[21.92,-30.0],[21.92,-30.01],[21.93,-30.01],[21.93,-30.02],[21.94,-30.02],[21.95,-30.02],[21.96,-30.02],[21.97,-30.02],[21.98,-30.02],[21.98,-30.01],[21.99,-30.01],[22.0,-30.01],[22.01,-30.01],[22.01,-30.0],[22.01,-29.99],[22.01,-29.98],[22.0,-29.98],[22.0,-29.97],[22.0,-29.96],[21.99,-29.95],[22.0,-29.95],[22.0,-29.94],[22.0,-29.93],[22.0,-29.92],[22.01,-29.92],[22.01,-29.91],[22.01,-29.9],[22.0,-29.9],[21.99,-29.9],[21.98,-29.89],[21.97,-29.89],[21.96,-29.89],[21.95,-29.89],[21.94,-29.88],[21.93,-29.88],[21.92,-29.88],[21.91,-29.87],[21.9,-29.87],[21.89,-29.87],[21.88,-29.87],[21.88,-29.86],[21.87,-29.86],[21.86,-29.86],[21.85,-29.86],[21.85,-29.85],[21.84,-29.85],[21.83,-29.85],[21.82,-29.85],[21.82,-29.84],[21.81,-29.84],[21.8,-29.84],[21.8,-29.83],[21.79,-29.83],[21.79,-29.82],[21.78,-29.82],[21.77,-29.81],[21.76,-29.81],[21.76,-29.8],[21.75,-29.8],[21.75,-29.79],[21.74,-29.79],[21.73,-29.78],[21.72,-29.78],[21.72,-29.77],[21.73,-29.77],[21.73,-29.76],[21.73,-29.75],[21.74,-29.75],[21.74,-29.74],[21.74,-29.73],[21.75,-29.73],[21.75,-29.72],[21.75,-29.71],[21.76,-29.71],[21.76,-29.7],[21.76,-29.69],[21.77,-29.69],[21.77,-29.68],[21.78,-29.67],[21.78,-29.66],[21.79,-29.66],[21.8,-29.65],[21.8,-29.64],[21.81,-29.64],[21.82,-29.63],[21.83,-29.62],[21.82,-29.62],[21.82,-29.61],[21.82,-29.6],[21.81,-29.6],[21.81,-29.59],[21.8,-29.59],[21.8,-29.58],[21.8,-29.57],[21.79,-29.57],[21.79,-29.56],[21.78,-29.56],[21.79,-29.56],[21.79,-29.55],[21.8,-29.55],[21.8,-29.54],[21.81,-29.54],[21.81,-29.53],[21.82,-29.53],[21.82,-29.52],[21.83,-29.52],[21.83,-29.51],[21.84,-29.51],[21.84,-29.5],[21.85,-29.5],[21.85,-29.49],[21.86,-29.49],[21.86,-29.48],[21.87,-29.48],[21.87,-29.47],[21.88,-29.47],[21.88,-29.46],[21.89,-29.46],[21.89,-29.45],[21.9,-29.45],[21.89,-29.44],[21.88,-29.43],[21.87,-29.42],[21.86,-29.41],[21.85,-29.4],[21.85,-29.39],[21.86,-29.39],[21.87,-29.38],[21.88,-29.38],[21.88,-29.37],[21.89,-29.37],[21.9,-29.36],[21.91,-29.36],[21.91,-29.35],[21.92,-29.35],[21.92,-29.34],[21.93,-29.34],[21.93,-29.33],[21.94,-29.33],[21.94,-29.32],[21.95,-29.32],[21.95,-29.31],[21.96,-29.3],[21.97,-29.29],[21.97,-29.28],[21.98,-29.28],[21.98,-29.27],[21.97,-29.27],[21.97,-29.26],[21.96,-29.26],[21.96,-29.25],[21.96,-29.24],[21.95,-29.24],[21.95,-29.23],[21.94,-29.23],[21.94,-29.22],[21.93,-29.21],[21.93,-29.2],[21.92,-29.2],[21.92,-29.19],[21.91,-29.19],[21.91,-29.18],[21.91,-29.17],[21.9,-29.17],[21.9,-29.16],[21.89,-29.16],[21.89,-29.15],[21.88,-29.15],[21.88,-29.14],[21.87,-29.14],[21.87,-29.13],[21.86,-29.12],[21.85,-29.12],[21.85,-29.11],[21.84,-29.1],[21.85,-29.1],[21.85,-29.09],[21.86,-29.09],[21.86,-29.08],[21.87,-29.08],[21.88,-29.07],[21.89,-29.07],[21.89,-29.06],[21.9,-29.06],[21.9,-29.05],[21.91,-29.05],[21.92,-29.04],[21.93,-29.04],[21.93,-29.03],[21.94,-29.03],[21.95,-29.02],[21.96,-29.02],[21.96,-29.01],[21.96,-29.0],[21.97,-29.0],[21.97,-28.99],[21.97,-28.98],[21.98,-28.98],[21.98,-28.97],[21.98,-28.96],[21.99,-28.96],[21.99,-28.95],[22.0,-28.95],[22.01,-28.95],[22.02,-28.95],[22.03,-28.95],[22.04,-28.95],[22.05,-28.95],[22.06,-28.95],[22.07,-28.95],[22.08,-28.95],[22.09,-28.95],[22.09,-28.96],[22.09,-28.97],[22.1,-28.97],[22.1,-28.98],[22.1,-28.99],[22.11,-28.99],[22.11,-29.0],[22.11,-29.01],[22.12,-29.01],[22.18,-29.06],[22.2,-29.11],[22.21,-29.11],[22.22,-29.1],[22.21,-29.09],[22.2,-29.08],[22.21,-29.07],[22.21,-29.06],[22.21,-29.05],[22.2,-29.04],[22.19,-29.03],[22.18,-29.03],[22.18,-29.02],[22.17,-29.02],[22.17,-29.01],[22.16,-29.01],[22.16,-29.0],[22.17,-28.99],[22.18,-28.99],[22.18,-28.98],[22.18,-28.97],[22.17,-28.97],[22.17,-28.96],[22.16,-28.96],[22.16,-28.95],[22.16,-28.94],[22.15,-28.94],[22.15,-28.93],[22.15,-28.92],[22.14,-28.92],[22.14,-28.91],[22.13,-28.91],[22.13,-28.9],[22.12,-28.9],[22.11,-28.9],[22.11,-28.89],[22.1,-28.89],[22.1,-28.88],[22.09,-28.88],[22.09,-28.87],[22.09,-28.86],[22.08,-28.86],[22.08,-28.85],[22.08,-28.84],[22.07,-28.84],[22.06,-28.84],[22.06,-28.85],[22.05,-28.85],[22.04,-28.84],[22.05,-28.83],[22.06,-28.83],[22.06,-28.82],[22.07,-28.82],[22.07,-28.81],[22.08,-28.81],[22.08,-28.8],[22.09,-28.8],[22.09,-28.79],[22.1,-28.79],[22.1,-28.78],[22.11,-28.78],[22.11,-28.77],[22.12,-28.77],[22.12,-28.76],[22.13,-28.76],[22.13,-28.75],[22.14,-28.75],[22.14,-28.74],[22.15,-28.74],[22.15,-28.73],[22.16,-28.73],[22.16,-28.72],[22.17,-28.72],[22.18,-28.71],[22.19,-28.7],[22.2,-28.69],[22.21,-28.69],[22.21,-28.68],[22.22,-28.67],[22.23,-28.67],[22.23,-28.66],[22.24,-28.66],[22.24,-28.65],[22.25,-28.65],[22.25,-28.64],[22.26,-28.64],[22.26,-28.63],[22.27,-28.63],[22.27,-28.62],[22.28,-28.62],[22.28,-28.61],[22.29,-28.61],[22.29,-28.6],[22.3,-28.6],[22.3,-28.59],[22.31,-28.59],[22.31,-28.58],[22.32,-28.58],[22.32,-28.57],[22.33,-28.57],[22.33,-28.56],[22.34,-28.56],[22.35,-28.55],[22.36,-28.54],[22.37,-28.53],[22.38,-28.53],[22.38,-28.52],[22.39,-28.52],[22.39,-28.51],[22.4,-28.51],[22.4,-28.5],[22.41,-28.5],[22.41,-28.49],[22.42,-28.49],[22.42,-28.48],[22.43,-28.48],[22.43,-28.47],[22.44,-28.47],[22.44,-28.46],[22.45,-28.46],[22.45,-28.45],[22.46,-28.45],[22.46,-28.44],[22.46,-28.45],[22.47,-28.45],[22.47,-28.46],[22.48,-28.46],[22.49,-28.47],[22.5,-28.48],[22.51,-28.48],[22.51,-28.49],[22.52,-28.49],[22.52,-28.5],[22.53,-28.5],[22.54,-28.5],[22.55,-28.5],[22.56,-28.5],[22.57,-28.5],[22.58,-28.5],[22.59,-28.51],[22.6,-28.51],[22.6,-28.5],[22.61,-28.5],[22.62,-28.5],[22.64,-28.5],[22.65,-28.5],[22.67,-28.5],[22.68,-28.51],[22.69,-28.51],[22.7,-28.51],[22.72,-28.52],[22.73,-28.52],[22.75,-28.53],[22.76,-28.54],[22.77,-28.54],[22.77,-28.55],[22.78,-28.55],[22.78,-28.56],[22.79,-28.57],[22.79,-28.58],[22.8,-28.58],[22.81,-28.58],[22.82,-28.58],[22.83,-28.58],[22.84,-28.58],[22.85,-28.58],[22.86,-28.58],[22.87,-28.58],[22.88,-28.58],[22.89,-28.58],[22.9,-28.58],[22.91,-28.58],[22.92,-28.58],[22.93,-28.57],[22.94,-28.57],[22.95,-28.57],[22.96,-28.56],[22.97,-28.56],[22.97,-28.57],[22.98,-28.57],[22.99,-28.58],[23.0,-28.58],[23.01,-28.58],[23.02,-28.58],[23.03,-28.58],[23.03,-28.59],[23.04,-28.59],[23.05,-28.59],[23.06,-28.59],[23.07,-28.59],[23.08,-28.59],[23.08,-28.6],[23.09,-28.6],[23.1,-28.6],[23.11,-28.6],[23.12,-28.6],[23.13,-28.6],[23.13,-28.59],[23.14,-28.59],[23.15,-28.59],[23.16,-28.58],[23.17,-28.58],[23.17,-28.57],[23.18,-28.57],[23.19,-28.56],[23.19,-28.55],[23.2,-28.55],[23.21,-28.55],[23.22,-28.56],[23.22,-28.58],[23.21,-28.59],[23.21,-28.6],[23.21,-28.61],[23.2,-28.62],[23.2,-28.63],[23.21,-28.63],[23.22,-28.63],[23.23,-28.64],[23.24,-28.63],[23.25,-28.62],[23.25,-28.61],[23.26,-28.61],[23.26,-28.62],[23.27,-28.62],[23.28,-28.64],[23.29,-28.65],[23.3,-28.65],[23.31,-28.65],[23.32,-28.65],[23.34,-28.65],[23.35,-28.65],[23.36,-28.65],[23.37,-28.64],[23.38,-28.64],[23.38,-28.65],[23.39,-28.65],[23.39,-28.66],[23.4,-28.67],[23.4,-28.68],[23.41,-28.69],[23.41,-28.7],[23.42,-28.7],[23.43,-28.7],[23.44,-28.7],[23.47,-28.71],[23.48,-28.71],[23.48,-28.72],[23.49,-28.72],[23.5,-28.72],[23.5,-28.73],[23.51,-28.73],[23.52,-28.73],[23.52,-28.74],[23.53,-28.74],[23.54,-28.75],[23.55,-28.75],[23.56,-28.75],[23.57,-28.75],[23.58,-28.75],[23.59,-28.75],[23.6,-28.76],[23.61,-28.76],[23.63,-28.76],[23.64,-28.76],[23.65,-28.76],[23.66,-28.76],[23.67,-28.77],[23.67,-28.76],[23.68,-28.76],[23.68,-28.75],[23.69,-28.75],[23.69,-28.74],[23.68,-28.73],[23.67,-28.73],[23.66,-28.72],[23.65,-28.72],[23.64,-28.72],[23.62,-28.71],[23.63,-28.7],[23.63,-28.69],[23.64,-28.69],[23.64,-28.68],[23.65,-28.67],[23.65,-28.66],[23.66,-28.65],[23.66,-28.64],[23.67,-28.64],[23.67,-28.63],[23.68,-28.62],[23.68,-28.61],[23.69,-28.61],[23.69,-28.6],[23.7,-28.6],[23.71,-28.59],[23.71,-28.58],[23.72,-28.57],[23.73,-28.56],[23.74,-28.55],[23.74,-28.54],[23.75,-28.53],[23.76,-28.53],[23.77,-28.54],[23.78,-28.54],[23.78,-28.55],[23.79,-28.55],[23.8,-28.55],[23.81,-28.56],[23.82,-28.57],[23.83,-28.58],[23.84,-28.59],[23.85,-28.59],[23.85,-28.6],[23.86,-28.6],[23.87,-28.61],[23.88,-28.61],[23.91,-28.64],[23.92,-28.65],[23.93,-28.65],[23.94,-28.66],[23.95,-28.66],[23.96,-28.67],[23.97,-28.67],[23.98,-28.67],[23.99,-28.66],[24.0,-28.66],[23.99,-28.65],[23.98,-28.64],[23.97,-28.63],[23.96,-28.62],[23.96,-28.61],[23.95,-28.61],[23.95,-28.6],[23.96,-28.6],[23.97,-28.6],[23.98,-28.6],[23.99,-28.6],[24.0,-28.6],[24.01,-28.6],[24.02,-28.6],[24.03,-28.6],[24.04,-28.6],[24.05,-28.6],[24.05,-28.59],[24.06,-28.59],[24.06,-28.58],[24.07,-28.58],[24.07,-28.57],[24.08,-28.57],[24.08,-28.56],[24.09,-28.56],[24.09,-28.57],[24.1,-28.57],[24.1,-28.58],[24.11,-28.59],[24.12,-28.6],[24.11,-28.6],[24.11,-28.61],[24.11,-28.62],[24.1,-28.62],[24.09,-28.62],[24.09,-28.63],[24.09,-28.64],[24.08,-28.64],[24.08,-28.65],[24.08,-28.66],[24.07,-28.66],[24.06,-28.66],[24.06,-28.67],[24.06,-28.68],[24.06,-28.69],[24.07,-28.69],[24.07,-28.7],[24.08,-28.7],[24.08,-28.71],[24.07,-28.71],[24.08,-28.72],[24.08,-28.74],[24.09,-28.76],[24.1,-28.76],[24.11,-28.77],[24.11,-28.78],[24.12,-28.78],[24.12,-28.79],[24.13,-28.79],[24.14,-28.79],[24.15,-28.79],[24.16,-28.8],[24.17,-28.81],[24.18,-28.81],[24.19,-28.81],[24.2,-28.81],[24.21,-28.82],[24.22,-28.82],[24.23,-28.82],[24.24,-28.82],[24.25,-28.83],[24.26,-28.83],[24.27,-28.83],[24.27,-28.84],[24.26,-28.85],[24.25,-28.86],[24.24,-28.87],[24.23,-28.88],[24.23,-28.89],[24.24,-28.89],[24.24,-28.9],[24.25,-28.92],[24.26,-28.93],[24.26,-28.95],[24.27,-28.95],[24.27,-28.94],[24.27,-28.95],[24.28,-28.95],[24.28,-28.94],[24.28,-28.93],[24.29,-28.93],[24.3,-28.93],[24.31,-28.93],[24.31,-28.92],[24.31,-28.93],[24.32,-28.93],[24.33,-28.93],[24.34,-28.93],[24.35,-28.93],[24.36,-28.93],[24.37,-28.93],[24.37,-28.94],[24.38,-28.94],[24.38,-28.95],[24.38,-28.94],[24.39,-28.94],[24.4,-28.94],[24.4,-28.95],[24.41,-28.95],[24.41,-28.96],[24.41,-28.97],[24.42,-28.97],[24.42,-28.98],[24.42,-28.99],[24.43,-28.99],[24.43,-29.0],[24.44,-29.0],[24.45,-29.0],[24.46,-29.0],[24.47,-29.0],[24.48,-29.0],[24.49,-29.0],[24.49,-29.01],[24.5,-29.01],[24.5,-29.02],[24.51,-29.02],[24.51,-29.03],[24.51,-29.04],[24.5,-29.04],[24.5,-29.05],[24.51,-29.05],[24.52,-29.05],[24.53,-29.05],[24.53,-29.04],[24.54,-29.04],[24.54,-29.05],[24.55,-29.05],[24.55,-29.04],[24.56,-29.04],[24.57,-29.04],[24.58,-29.04],[24.58,-29.05],[24.58,-29.04],[24.58,-29.05],[24.59,-29.05],[24.59,-29.04],[24.6,-29.04],[24.61,-29.04],[24.62,-29.04],[24.63,-29.04],[24.64,-29.04],[24.64,-29.03],[24.65,-29.03],[24.66,-29.03],[24.65,-29.03],[24.65,-29.04],[24.66,-29.04],[24.67,-29.04],[24.67,-29.03],[24.68,-29.03],[24.69,-29.03],[24.68,-29.04],[24.67,-29.06],[24.67,-29.07],[24.66,-29.08],[24.66,-29.09],[24.65,-29.11],[24.64,-29.12],[24.64,-29.13],[24.63,-29.13],[24.63,-29.14],[24.62,-29.16],[24.61,-29.18],[24.6,-29.19],[24.6,-29.2],[24.59,-29.21],[24.58,-29.22],[24.58,-29.23],[24.58,-29.24],[24.56,-29.27],[24.55,-29.29],[24.54,-29.31],[24.53,-29.31],[24.52,-29.33],[24.52,-29.34],[24.52,-29.35],[24.51,-29.36],[24.49,-29.39],[24.48,-29.42],[24.47,-29.42],[24.47,-29.43],[24.45,-29.47],[24.43,-29.5],[24.42,-29.53],[24.41,-29.53],[24.41,-29.54],[24.41,-29.55],[24.4,-29.56],[24.39,-29.57],[24.39,-29.58],[24.38,-29.6],[24.37,-29.61],[24.37,-29.62],[24.36,-29.63],[24.35,-29.64],[24.35,-29.65],[24.35,-29.66],[24.35,-29.67],[24.35,-29.68],[24.35,-29.69],[24.35,-29.7],[24.35,-29.71],[24.36,-29.71],[24.36,-29.72],[24.37,-29.72],[24.37,-29.73],[24.38,-29.73],[24.38,-29.74],[24.38,-29.75],[24.39,-29.75],[24.39,-29.76],[24.4,-29.77],[24.4,-29.78],[24.41,-29.78],[24.41,-29.79],[24.42,-29.79],[24.42,-29.8],[24.43,-29.8],[24.43,-29.81],[24.44,-29.81],[24.44,-29.82],[24.45,-29.82],[24.45,-29.81],[24.46,-29.81],[24.47,-29.81],[24.48,-29.81],[24.49,-29.81],[24.5,-29.81],[24.5,-29.82],[24.5,-29.83],[24.5,-29.84],[24.51,-29.84],[24.52,-29.84],[24.52,-29.85],[24.53,-29.85],[24.53,-29.84],[24.54,-29.84],[24.55,-29.84],[24.55,-29.85],[24.55,-29.86],[24.56,-29.86],[24.56,-29.87],[24.56,-29.88],[24.57,-29.88],[24.57,-29.89],[24.58,-29.89],[24.58,-29.9],[24.59,-29.9],[24.6,-29.9],[24.6,-29.91],[24.61,-29.91],[24.62,-29.91],[24.63,-29.91],[24.64,-29.91],[24.65,-29.91],[24.65,-29.9],[24.66,-29.9],[24.67,-29.9],[24.67,-29.91],[24.67,-29.92],[24.67,-29.93],[24.66,-29.93],[24.66,-29.94],[24.66,-29.95],[24.67,-29.95],[24.67,-29.96],[24.67,-29.97],[24.67,-29.98],[24.68,-29.98],[24.69,-29.98],[24.7,-29.98],[24.71,-29.98],[24.71,-29.99],[24.72,-29.99],[24.73,-29.99],[24.74,-29.99],[24.75,-29.99],[24.76,-29.99],[24.77,-29.99],[24.78,-29.99],[24.78,-30.0],[24.79,-30.0],[24.8,-30.0],[24.8,-30.01],[24.81,-30.01],[24.81,-30.02],[24.81,-30.03],[24.8,-30.03],[24.8,-30.04],[24.8,-30.05],[24.8,-30.06],[24.81,-30.06],[24.81,-30.07],[24.82,-30.07],[24.82,-30.08],[24.83,-30.08],[24.83,-30.09],[24.84,-30.09],[24.84,-30.1],[24.84,-30.11],[24.84,-30.12],[24.85,-30.12],[24.85,-30.13],[24.86,-30.13],[24.87,-30.13],[24.87,-30.14],[24.88,-30.14],[24.88,-30.15],[24.88,-30.16],[24.88,-30.17],[24.88,-30.18],[24.89,-30.18],[24.9,-30.18],[24.9,-30.19],[24.9,-30.2],[24.9,-30.21],[24.91,-30.21],[24.92,-30.21],[24.92,-30.2],[24.93,-30.2],[24.93,-30.21],[24.93,-30.22],[24.94,-30.22],[24.95,-30.22],[24.95,-30.23],[24.95,-30.22],[24.95,-30.23],[24.96,-30.23],[24.96,-30.24],[24.95,-30.24],[24.95,-30.25],[24.95,-30.26],[24.96,-30.26],[24.96,-30.27],[24.97,-30.27],[24.98,-30.27],[24.98,-30.28],[24.98,-30.29],[24.99,-30.29],[25.0,-30.29],[25.01,-30.29],[25.02,-30.29],[25.02,-30.28],[25.03,-30.28],[25.03,-30.29],[25.04,-30.29],[25.04,-30.3],[25.04,-30.31],[25.05,-30.31],[25.05,-30.32],[25.05,-30.33],[25.04,-30.33],[25.04,-30.34],[25.04,-30.35],[25.04,-30.36],[25.05,-30.36],[25.06,-30.36],[25.07,-30.36],[25.08,-30.36],[25.08,-30.37],[25.09,-30.37],[25.1,-30.37],[25.1,-30.38],[25.1,-30.39],[25.11,-30.4],[25.11,-30.41],[25.12,-30.41],[25.12,-30.42],[25.13,-30.42],[25.14,-30.42],[25.14,-30.43],[25.15,-30.43],[25.15,-30.44],[25.16,-30.44],[25.16,-30.45],[25.15,-30.45],[25.15,-30.46],[25.16,-30.46],[25.16,-30.47],[25.17,-30.47],[25.17,-30.48],[25.18,-30.48],[25.19,-30.49],[25.19,-30.5],[25.2,-30.5],[25.21,-30.5],[25.21,-30.51],[25.21,-30.5],[25.22,-30.5],[25.23,-30.5],[25.24,-30.5],[25.24,-30.51],[25.25,-30.52],[25.26,-30.52],[25.26,-30.53],[25.27,-30.53],[25.27,-30.54],[25.28,-30.54],[25.28,-30.55],[25.28,-30.56],[25.29,-30.56],[25.29,-30.57],[25.3,-30.57],[25.3,-30.58],[25.31,-30.58],[25.32,-30.58],[25.32,-30.57],[25.33,-30.57],[25.33,-30.56],[25.34,-30.56],[25.35,-30.56],[25.36,-30.56],[25.37,-30.56],[25.38,-30.56],[25.39,-30.56],[25.39,-30.57],[25.4,-30.57],[25.41,-30.57],[25.41,-30.58],[25.42,-30.58],[25.42,-30.59],[25.43,-30.59],[25.43,-30.6],[25.44,-30.6],[25.45,-30.6],[25.45,-30.61],[25.46,-30.61],[25.46,-30.62],[25.47,-30.62],[25.47,-30.63],[25.46,-30.63],[25.46,-30.64],[25.46,-30.65],[25.46,-30.66],[25.47,-30.66],[25.47,-30.67],[25.46,-30.68],[25.46,-30.69],[25.46,-30.7],[25.47,-30.71],[25.46,-30.72],[25.47,-30.72],[25.48,-30.73],[25.48,-30.74],[25.47,-30.74],[25.48,-30.76],[25.48,-30.77],[25.48,-30.78],[25.49,-30.78],[25.5,-30.78],[25.51,-30.79],[25.52,-30.8],[25.55,-30.79],[25.53,-30.81],[25.52,-30.83],[25.49,-30.85],[25.47,-30.87],[25.48,-30.87],[25.5,-30.89],[25.51,-30.89],[25.51,-30.9],[25.52,-30.9],[25.52,-30.91],[25.51,-30.92],[25.51,-30.93],[25.5,-30.93],[25.51,-30.94],[25.51,-30.95],[25.51,-30.96],[25.49,-30.97],[25.48,-30.97],[25.48,-30.98],[25.48,-30.99],[25.48,-31.01],[25.5,-31.01],[25.49,-31.04],[25.48,-31.04],[25.48,-31.05],[25.46,-31.05],[25.45,-31.05],[25.44,-31.06],[25.45,-31.08],[25.45,-31.1],[25.44,-31.11],[25.43,-31.12],[25.42,-31.13],[25.4,-31.13],[25.39,-31.14],[25.38,-31.15],[25.38,-31.17],[25.38,-31.19],[25.38,-31.2],[25.39,-31.22],[25.38,-31.22],[25.37,-31.23],[25.36,-31.23],[25.36,-31.24],[25.35,-31.24],[25.34,-31.23],[25.33,-31.23],[25.31,-31.22],[25.29,-31.21],[25.29,-31.22],[25.28,-31.22],[25.27,-31.22],[25.27,-31.21],[25.26,-31.21],[25.24,-31.2],[25.23,-31.2],[25.22,-31.19],[25.21,-31.19],[25.21,-31.2],[25.2,-31.2],[25.21,-31.2],[25.21,-31.21],[25.2,-31.22],[25.2,-31.21],[25.19,-31.21],[25.19,-31.22],[25.18,-31.22],[25.18,-31.23],[25.18,-31.24],[25.17,-31.24],[25.16,-31.24],[25.16,-31.23],[25.15,-31.24],[25.13,-31.24],[25.12,-31.24],[25.12,-31.25],[25.11,-31.25],[25.11,-31.26],[25.1,-31.26],[25.09,-31.26],[25.08,-31.26],[25.07,-31.25],[25.07,-31.26],[25.06,-31.26],[25.06,-31.27],[25.05,-31.27],[25.04,-31.27],[25.03,-31.27],[25.03,-31.26],[25.02,-31.26],[25.01,-31.26],[25.0,-31.26],[25.0,-31.27],[24.99,-31.27],[24.98,-31.27],[24.98,-31.28],[24.97,-31.28],[24.96,-31.28],[24.96,-31.29],[24.95,-31.29],[24.95,-31.3],[24.95,-31.31],[24.94,-31.31],[24.94,-31.32],[24.93,-31.32],[24.92,-31.31],[24.91,-31.31],[24.91,-31.32],[24.9,-31.32],[24.9,-31.31],[24.89,-31.31],[24.89,-31.32],[24.88,-31.32],[24.87,-31.32],[24.86,-31.33],[24.85,-31.33],[24.86,-31.34],[24.86,-31.35],[24.86,-31.36],[24.86,-31.37],[24.85,-31.37],[24.84,-31.36],[24.83,-31.36],[24.82,-31.36],[24.81,-31.37],[24.8,-31.38],[24.79,-31.38],[24.79,-31.39],[24.78,-31.39],[24.77,-31.39],[24.76,-31.39],[24.75,-31.4],[24.74,-31.4],[24.73,-31.4],[24.72,-31.4],[24.71,-31.41],[24.7,-31.4],[24.69,-31.4],[24.69,-31.39],[24.68,-31.39],[24.67,-31.39],[24.67,-31.38],[24.66,-31.38],[24.66,-31.39],[24.65,-31.39],[24.64,-31.39],[24.63,-31.39],[24.62,-31.39],[24.61,-31.4],[24.6,-31.4],[24.59,-31.4],[24.58,-31.41],[24.57,-31.41],[24.57,-31.42],[24.57,-31.43],[24.56,-31.47],[24.56,-31.48],[24.55,-31.48],[24.54,-31.49],[24.52,-31.5],[24.53,-31.51],[24.53,-31.53],[24.53,-31.54],[24.52,-31.54],[24.52,-31.55],[24.5,-31.57],[24.51,-31.57],[24.52,-31.6],[24.52,-31.61],[24.52,-31.64],[24.52,-31.65],[24.52,-31.67],[24.51,-31.69],[24.51,-31.7],[24.51,-31.71],[24.47,-31.71],[24.44,-31.71],[24.41,-31.69],[24.42,-31.71],[24.35,-31.71],[24.34,-31.71],[24.34,-31.72],[24.32,-31.72],[24.32,-31.74],[24.32,-31.75],[24.31,-31.75],[24.31,-31.76],[24.3,-31.76],[24.29,-31.76],[24.29,-31.77],[24.28,-31.77],[24.28,-31.76],[24.27,-31.76],[24.27,-31.77],[24.26,-31.76],[24.25,-31.76],[24.24,-31.76],[24.24,-31.75],[24.23,-31.75],[24.21,-31.75],[24.16,-31.74],[24.15,-31.75],[24.15,-31.77],[24.15,-31.79],[24.14,-31.79],[24.13,-31.79],[24.12,-31.79],[24.11,-31.79],[24.1,-31.79],[24.1,-31.8],[24.09,-31.8],[24.07,-31.81],[24.06,-31.78],[24.04,-31.77],[24.04,-31.76],[24.03,-31.73],[24.03,-31.72],[24.04,-31.71],[24.05,-31.71],[24.01,-31.71],[23.99,-31.71],[23.96,-31.71],[23.97,-31.71],[23.97,-31.72],[23.95,-31.75],[23.95,-31.76],[23.95,-31.77],[23.94,-31.78],[23.93,-31.79],[23.92,-31.8],[23.92,-31.81],[23.92,-31.82],[23.91,-31.82],[23.91,-31.83],[23.9,-31.83],[23.89,-31.84],[23.88,-31.83],[23.84,-31.78],[23.83,-31.78],[23.84,-31.77],[23.81,-31.76],[23.85,-31.73],[23.85,-31.72],[23.84,-31.72],[23.83,-31.71],[23.82,-31.71],[23.8,-31.71],[23.78,-31.7],[23.76,-31.7],[23.73,-31.65],[23.72,-31.65],[23.71,-31.65],[23.69,-31.65],[23.67,-31.65],[23.66,-31.66],[23.65,-31.66],[23.64,-31.66],[23.62,-31.65],[23.61,-31.65],[23.59,-31.66],[23.58,-31.68],[23.57,-31.69],[23.54,-31.69],[23.53,-31.69],[23.52,-31.71],[23.5,-31.7],[23.45,-31.69],[23.42,-31.68],[23.42,-31.67],[23.41,-31.69],[23.4,-31.7],[23.41,-31.71],[23.4,-31.71],[23.39,-31.71],[23.38,-31.71],[23.37,-31.71],[23.36,-31.71],[23.35,-31.71],[23.3,-31.73],[23.3,-31.74],[23.29,-31.74],[23.28,-31.75],[23.28,-31.76],[23.27,-31.77],[23.26,-31.78],[23.26,-31.79],[23.26,-31.8],[23.26,-31.82],[23.25,-31.83],[23.24,-31.83],[23.24,-31.84],[23.23,-31.85],[23.23,-31.86],[23.23,-31.87],[23.23,-31.88],[23.19,-31.9],[23.17,-31.92],[23.16,-31.93],[23.15,-31.94],[23.14,-31.94],[23.14,-31.95],[23.13,-31.96],[23.12,-31.96],[23.1,-31.96],[23.1,-31.98],[23.09,-31.97],[23.07,-31.96],[23.07,-31.95],[23.06,-31.95],[23.05,-31.94],[23.05,-31.93],[23.05,-31.92],[23.05,-31.91],[23.06,-31.91],[23.06,-31.9],[23.07,-31.89],[23.04,-31.88],[23.01,-31.87],[22.98,-31.86],[22.95,-31.86],[22.9,-31.88],[22.87,-31.86],[22.86,-31.83],[22.86,-31.82],[22.83,-31.84],[22.78,-31.86],[22.76,-31.83],[22.74,-31.8],[22.7,-31.81],[22.68,-31.82],[22.67,-31.82],[22.66,-31.82],[22.65,-31.82],[22.65,-31.81],[22.64,-31.81],[22.64,-31.82],[22.64,-31.81],[22.63,-31.82],[22.62,-31.82],[22.61,-31.82],[22.59,-31.81],[22.58,-31.81],[22.59,-31.77],[22.61,-31.74],[22.62,-31.72],[22.57,-31.71],[22.57,-31.7],[22.57,-31.69],[22.57,-31.68],[22.56,-31.68],[22.55,-31.68],[22.54,-31.68],[22.53,-31.67],[22.52,-31.67],[22.51,-31.67],[22.5,-31.67],[22.49,-31.67],[22.43,-31.64],[22.42,-31.63],[22.36,-31.61],[22.35,-31.6],[22.31,-31.58],[22.29,-31.59],[22.27,-31.59],[22.26,-31.66],[22.25,-31.66],[22.24,-31.7],[22.22,-31.73],[22.2,-31.76],[22.19,-31.77],[22.19,-31.78],[22.18,-31.78],[22.17,-31.78],[22.16,-31.77],[22.15,-31.77],[22.14,-31.77],[22.13,-31.76],[22.12,-31.76],[22.11,-31.76],[22.1,-31.76],[22.09,-31.76],[22.08,-31.76],[22.07,-31.77],[22.06,-31.77],[22.05,-31.77],[22.04,-31.77],[22.04,-31.76],[22.03,-31.76],[22.03,-31.75],[22.01,-31.74],[22.0,-31.73],[21.99,-31.72],[21.99,-31.71],[21.99,-31.7],[21.98,-31.69],[21.97,-31.69],[21.96,-31.69],[21.95,-31.68],[21.94,-31.68],[21.94,-31.67],[21.93,-31.67],[21.93,-31.66],[21.92,-31.66],[21.92,-31.65],[21.92,-31.64],[21.92,-31.63],[21.93,-31.63],[21.93,-31.62],[21.94,-31.62],[21.94,-31.61],[21.95,-31.6],[21.96,-31.6],[21.97,-31.6],[21.98,-31.6],[22.0,-31.59],[22.01,-31.59],[22.01,-31.58],[22.0,-31.58],[22.0,-31.57],[22.0,-31.56],[21.99,-31.56],[21.99,-31.55],[21.98,-31.55],[21.98,-31.54],[21.97,-31.53],[21.97,-31.52],[21.96,-31.51],[21.96,-31.5],[21.96,-31.49],[21.95,-31.48],[21.95,-31.47],[21.94,-31.47],[21.94,-31.48],[21.93,-31.48],[21.93,-31.49],[21.92,-31.49],[21.91,-31.49],[21.9,-31.49],[21.88,-31.5],[21.87,-31.5],[21.86,-31.49],[21.86,-31.48],[21.86,-31.47],[21.85,-31.47],[21.85,-31.46],[21.87,-31.45],[21.89,-31.45],[21.9,-31.44],[21.91,-31.44],[21.93,-31.43],[21.94,-31.43],[21.93,-31.42],[21.92,-31.42],[21.9,-31.41],[21.89,-31.4],[21.88,-31.4],[21.86,-31.4],[21.84,-31.4],[21.83,-31.4],[21.82,-31.4],[21.81,-31.4],[21.82,-31.39],[21.82,-31.35],[21.81,-31.33],[21.8,-31.32],[21.77,-31.32],[21.75,-31.32],[21.75,-31.31],[21.75,-31.3],[21.76,-31.29],[21.76,-31.28],[21.76,-31.27],[21.75,-31.27],[21.74,-31.27],[21.73,-31.26],[21.71,-31.26],[21.7,-31.26],[21.69,-31.26],[21.68,-31.26],[21.67,-31.26],[21.66,-31.26],[21.65,-31.26],[21.64,-31.25],[21.63,-31.25],[21.62,-31.25],[21.61,-31.25],[21.61,-31.21],[21.61,-31.2],[21.61,-31.18],[21.62,-31.15],[21.63,-31.15],[21.69,-31.17],[21.7,-31.16],[21.7,-31.15],[21.69,-31.15],[21.69,-31.13],[21.68,-31.12],[21.68,-31.11],[21.67,-31.1],[21.66,-31.09],[21.65,-31.09],[21.64,-31.09],[21.64,-31.08],[21.63,-31.08],[21.62,-31.08],[21.62,-31.07],[21.61,-31.07],[21.6,-31.07],[21.59,-31.06],[21.59,-31.07],[21.58,-31.07],[21.58,-31.08],[21.57,-31.09],[21.57,-31.1],[21.56,-31.09],[21.55,-31.09],[21.55,-31.08],[21.54,-31.08],[21.54,-31.07],[21.53,-31.07],[21.52,-31.07],[21.52,-31.06],[21.51,-31.06],[21.51,-31.05],[21.51,-31.04],[21.52,-31.04],[21.52,-31.03],[21.52,-31.02],[21.52,-31.01],[21.53,-31.0],[21.52,-31.0],[21.49,-31.0],[21.49,-30.99],[21.48,-30.99],[21.48,-30.97],[21.49,-30.96],[21.49,-30.95],[21.48,-30.95],[21.48,-30.94],[21.49,-30.94],[21.49,-30.93],[21.5,-30.92],[21.5,-30.91],[21.5,-30.9],[21.5,-30.89],[21.49,-30.89],[21.48,-30.89],[21.48,-30.88],[21.47,-30.88],[21.47,-30.87],[21.48,-30.85],[21.49,-30.83],[21.48,-30.83],[21.48,-30.82],[21.47,-30.82],[21.46,-30.82],[21.46,-30.81],[21.46,-30.8],[21.45,-30.8],[21.45,-30.79],[21.45,-30.78],[21.46,-30.77],[21.47,-30.77],[21.47,-30.76],[21.48,-30.75],[21.47,-30.74],[21.46,-30.74],[21.45,-30.74],[21.44,-30.73],[21.43,-30.73],[21.42,-30.73],[21.42,-30.72],[21.41,-30.72],[21.4,-30.71],[21.39,-30.7],[21.38,-30.7],[21.38,-30.69],[21.37,-30.68],[21.36,-30.67],[21.36,-30.66],[21.35,-30.66],[21.35,-30.65],[21.34,-30.65],[21.34,-30.64],[21.27,-30.59],[21.31,-30.54],[21.3,-30.54],[21.3,-30.53],[21.29,-30.52],[21.29,-30.51],[21.28,-30.5],[21.27,-30.49],[21.27,-30.48],[21.27,-30.47],[21.26,-30.47],[21.26,-30.46],[21.26,-30.45],[21.26,-30.44],[21.26,-30.43],[21.26,-30.42],[21.25,-30.41],[21.25,-30.4],[21.25,-30.39],[21.22,-30.33],[21.21,-30.34],[21.2,-30.34],[21.19,-30.34],[21.17,-30.34],[21.16,-30.34],[21.14,-30.34],[21.11,-30.34],[21.1,-30.34],[21.09,-30.33],[21.08,-30.33],[21.07,-30.33]]]]},"properties":{"name":"Pixley ka Seme District"}},{"type":"Feature","geometry":{"type":"MultiPolygon","coordinates":[[[[22.74,-33.39],[22.74,-33.38],[22.74,-33.32],[22.77,-33.33],[22.77,-33.31],[22.79,-33.31],[22.81,-33.27],[22.81,-33.26],[22.82,-33.26],[22.83,-33.24],[22.83,-33.23],[22.84,-33.23],[22.84,-33.22],[22.85,-33.21],[22.86,-33.2],[22.88,-33.19],[22.89,-33.14],[22.92,-33.11],[22.95,-33.08],[22.96,-33.07],[22.96,-33.05],[22.95,-33.04],[22.94,-33.03],[22.93,-33.02],[22.94,-33.01],[22.97,-32.99],[22.96,-32.98],[22.95,-32.95],[23.0,-32.9],[23.01,-32.87],[23.07,-32.87],[23.1,-32.87],[23.12,-32.86],[23.11,-32.85],[23.11,-32.84],[23.1,-32.83],[23.09,-32.8],[23.1,-32.79],[23.15,-32.77],[23.16,-32.77],[23.19,-32.77],[23.19,-32.78],[23.2,-32.78],[23.2,-32.79],[23.25,-32.79],[23.3,-32.81],[23.31,-32.81],[23.38,-32.82],[23.38,-32.83],[23.4,-32.76],[23.35,-32.76],[23.35,-32.75],[23.35,-32.73],[23.34,-32.71],[23.33,-32.7],[23.28,-32.68],[23.27,-32.67],[23.29,-32.66],[23.3,-32.65],[23.31,-32.61],[23.3,-32.58],[23.29,-32.55],[23.26,-32.53],[23.24,-32.51],[23.25,-32.48],[23.25,-32.47],[23.22,-32.43],[23.27,-32.4],[23.28,-32.4],[23.29,-32.4],[23.31,-32.4],[23.31,-32.39],[23.32,-32.38],[23.33,-32.35],[23.34,-32.36],[23.35,-32.36],[23.35,-32.37],[23.36,-32.37],[23.37,-32.37],[23.39,-32.38],[23.41,-32.39],[23.42,-32.37],[23.42,-32.36],[23.43,-32.35],[23.45,-32.32],[23.48,-32.33],[23.5,-32.33],[23.52,-32.33],[23.53,-32.33],[23.56,-32.34],[23.58,-32.34],[23.59,-32.34],[23.66,-32.34],[23.67,-32.34],[23.68,-32.33],[23.67,-32.32],[23.66,-32.3],[23.65,-32.3],[23.66,-32.26],[23.67,-32.25],[23.67,-32.24],[23.69,-32.23],[23.71,-32.22],[23.72,-32.21],[23.73,-32.21],[23.74,-32.21],[23.75,-32.2],[23.77,-32.18],[23.78,-32.18],[23.79,-32.19],[23.8,-32.19],[23.82,-32.21],[23.84,-32.23],[23.84,-32.24],[23.85,-32.24],[23.86,-32.25],[23.88,-32.25],[23.89,-32.25],[23.9,-32.25],[23.92,-32.24],[23.92,-32.23],[23.93,-32.23],[23.94,-32.23],[23.94,-32.22],[23.95,-32.22],[23.95,-32.21],[23.96,-32.21],[23.98,-32.2],[23.99,-32.2],[24.03,-32.19],[24.04,-32.18],[24.04,-32.17],[24.04,-32.16],[24.05,-32.16],[24.07,-32.16],[24.09,-32.16],[24.1,-32.16],[24.11,-32.15],[24.1,-32.15],[24.11,-32.14],[24.12,-32.14],[24.13,-32.13],[24.14,-32.12],[24.14,-32.1],[24.13,-32.1],[24.11,-32.08],[24.11,-32.09],[24.1,-32.11],[24.1,-32.09],[24.1,-32.07],[24.11,-32.07],[24.11,-32.06],[24.12,-32.06],[24.13,-32.06],[24.14,-32.05],[24.13,-32.04],[24.14,-32.03],[24.14,-32.01],[24.15,-32.01],[24.17,-32.02],[24.17,-32.01],[24.18,-32.01],[24.19,-32.01],[24.19,-32.0],[24.18,-32.0],[24.2,-31.98],[24.21,-31.97],[24.22,-31.96],[24.21,-31.95],[24.21,-31.94],[24.2,-31.94],[24.19,-31.93],[24.2,-31.92],[24.19,-31.92],[24.18,-31.91],[24.16,-31.9],[24.15,-31.9],[24.14,-31.91],[24.12,-31.91],[24.11,-31.91],[24.1,-31.89],[24.11,-31.89],[24.12,-31.85],[24.15,-31.85],[24.15,-31.84],[24.15,-31.82],[24.16,-31.82],[24.18,-31.82],[24.18,-31.81],[24.15,-31.8],[24.15,-31.79],[24.15,-31.77],[24.15,-31.75],[24.16,-31.74],[24.21,-31.75],[24.23,-31.75],[24.24,-31.75],[24.24,-31.76],[24.25,-31.76],[24.26,-31.76],[24.27,-31.77],[24.27,-31.76],[24.28,-31.76],[24.28,-31.77],[24.29,-31.77],[24.29,-31.76],[24.3,-31.76],[24.31,-31.76],[24.31,-31.75],[24.32,-31.75],[24.32,-31.74],[24.32,-31.72],[24.34,-31.72],[24.34,-31.71],[24.35,-31.71],[24.42,-31.71],[24.41,-31.69],[24.44,-31.71],[24.47,-31.71],[24.51,-31.71],[24.51,-31.72],[24.51,-31.73],[24.51,-31.74],[24.51,-31.75],[24.52,-31.75],[24.52,-31.76],[24.54,-31.76],[24.55,-31.76],[24.56,-31.75],[24.57,-31.74],[24.58,-31.74],[24.58,-31.73],[24.59,-31.73],[24.6,-31.73],[24.62,-31.73],[24.62,-31.72],[24.62,-31.71],[24.63,-31.7],[24.64,-31.69],[24.63,-31.71],[24.64,-31.72],[24.65,-31.72],[24.66,-31.72],[24.64,-31.73],[24.66,-31.73],[24.67,-31.73],[24.68,-31.73],[24.68,-31.74],[24.7,-31.74],[24.7,-31.75],[24.7,-31.76],[24.7,-31.77],[24.71,-31.77],[24.72,-31.78],[24.73,-31.78],[24.73,-31.79],[24.74,-31.78],[24.75,-31.78],[24.75,-31.79],[24.77,-31.79],[24.77,-31.8],[24.76,-31.81],[24.78,-31.8],[24.79,-31.79],[24.8,-31.78],[24.8,-31.79],[24.81,-31.79],[24.82,-31.8],[24.83,-31.8],[24.83,-31.81],[24.84,-31.81],[24.85,-31.82],[24.85,-31.83],[24.86,-31.83],[24.87,-31.84],[24.88,-31.84],[24.89,-31.83],[24.9,-31.83],[24.9,-31.84],[24.9,-31.85],[24.9,-31.86],[24.9,-31.87],[24.91,-31.87],[24.92,-31.86],[24.92,-31.87],[24.92,-31.88],[24.93,-31.89],[24.94,-31.9],[24.94,-31.91],[24.94,-31.92],[24.94,-31.93],[24.93,-31.94],[24.92,-31.94],[24.92,-31.95],[24.93,-31.95],[24.93,-31.96],[24.93,-31.97],[24.94,-31.97],[24.94,-31.98],[24.95,-31.99],[24.95,-32.0],[24.95,-32.01],[24.95,-32.02],[24.94,-32.03],[24.94,-32.04],[24.94,-32.05],[24.94,-32.06],[24.95,-32.07],[24.96,-32.07],[24.96,-32.08],[24.96,-32.09],[24.96,-32.1],[24.97,-32.11],[24.96,-32.12],[24.95,-32.12],[24.95,-32.13],[24.95,-32.14],[24.94,-32.15],[24.94,-32.16],[24.94,-32.17],[24.93,-32.17],[24.92,-32.17],[24.91,-32.18],[24.91,-32.19],[24.91,-32.2],[24.91,-32.21],[24.91,-32.22],[24.9,-32.22],[24.91,-32.23],[24.92,-32.24],[24.93,-32.24],[24.94,-32.24],[24.95,-32.24],[24.96,-32.25],[24.97,-32.25],[24.98,-32.26],[25.0,-32.25],[25.01,-32.25],[25.02,-32.25],[25.02,-32.26],[25.03,-32.27],[25.05,-32.27],[25.05,-32.28],[25.06,-32.28],[25.07,-32.28],[25.08,-32.27],[25.09,-32.28],[25.1,-32.28],[25.12,-32.29],[25.13,-32.29],[25.14,-32.3],[25.15,-32.31],[25.16,-32.31],[25.16,-32.32],[25.17,-32.33],[25.18,-32.33],[25.19,-32.32],[25.19,-32.33],[25.2,-32.33],[25.21,-32.34],[25.21,-32.35],[25.22,-32.35],[25.23,-32.34],[25.24,-32.34],[25.25,-32.34],[25.27,-32.34],[25.28,-32.35],[25.28,-32.34],[25.29,-32.34],[25.3,-32.33],[25.31,-32.32],[25.31,-32.31],[25.32,-32.31],[25.33,-32.31],[25.34,-32.31],[25.35,-32.31],[25.36,-32.31],[25.36,-32.32],[25.36,-32.33],[25.36,-32.34],[25.37,-32.34],[25.38,-32.35],[25.39,-32.36],[25.4,-32.37],[25.41,-32.37],[25.42,-32.37],[25.41,-32.38],[25.41,-32.39],[25.41,-32.4],[25.4,-32.4],[25.4,-32.41],[25.41,-32.42],[25.42,-32.42],[25.43,-32.42],[25.44,-32.42],[25.45,-32.42],[25.47,-32.41],[25.48,-32.41],[25.49,-32.41],[25.51,-32.4],[25.53,-32.39],[25.54,-32.4],[25.55,-32.41],[25.55,-32.42],[25.56,-32.43],[25.57,-32.44],[25.57,-32.45],[25.57,-32.46],[25.59,-32.46],[25.6,-32.45],[25.62,-32.46],[25.63,-32.46],[25.64,-32.48],[25.65,-32.49],[25.65,-32.5],[25.65,-32.51],[25.66,-32.51],[25.67,-32.5],[25.68,-32.5],[25.69,-32.5],[25.69,-32.51],[25.7,-32.52],[25.71,-32.53],[25.73,-32.53],[25.74,-32.53],[25.75,-32.53],[25.77,-32.54],[25.78,-32.54],[25.79,-32.54],[25.79,-32.53],[25.79,-32.52],[25.79,-32.51],[25.79,-32.5],[25.79,-32.49],[25.8,-32.49],[25.8,-32.48],[25.81,-32.48],[25.82,-32.49],[25.83,-32.49],[25.84,-32.49],[25.85,-32.49],[25.86,-32.49],[25.87,-32.49],[25.88,-32.49],[25.89,-32.49],[25.92,-32.48],[25.93,-32.48],[25.93,-32.49],[25.93,-32.51],[25.94,-32.52],[25.94,-32.53],[25.94,-32.54],[25.95,-32.54],[25.95,-32.55],[25.96,-32.55],[25.97,-32.55],[25.98,-32.55],[25.99,-32.55],[26.0,-32.55],[26.01,-32.55],[26.02,-32.55],[26.03,-32.55],[26.03,-32.54],[26.05,-32.54],[26.07,-32.54],[26.08,-32.55],[26.09,-32.56],[26.1,-32.56],[26.09,-32.56],[26.11,-32.57],[26.12,-32.58],[26.12,-32.59],[26.13,-32.6],[26.12,-32.6],[26.11,-32.61],[26.12,-32.6],[26.11,-32.61],[26.1,-32.62],[26.09,-32.62],[26.09,-32.63],[26.08,-32.63],[26.07,-32.64],[26.05,-32.63],[26.04,-32.64],[26.05,-32.65],[26.04,-32.66],[26.03,-32.67],[26.04,-32.68],[26.06,-32.69],[26.06,-32.7],[26.05,-32.71],[26.05,-32.72],[26.05,-32.73],[26.04,-32.74],[26.04,-32.75],[26.03,-32.76],[26.05,-32.78],[26.06,-32.79],[26.07,-32.79],[26.07,-32.78],[26.09,-32.77],[26.09,-32.76],[26.1,-32.76],[26.11,-32.77],[26.13,-32.77],[26.14,-32.77],[26.16,-32.76],[26.18,-32.76],[26.2,-32.75],[26.21,-32.75],[26.21,-32.77],[26.22,-32.78],[26.24,-32.79],[26.25,-32.81],[26.25,-32.82],[26.23,-32.81],[26.21,-32.81],[26.19,-32.81],[26.18,-32.83],[26.17,-32.84],[26.17,-32.85],[26.17,-32.86],[26.18,-32.85],[26.18,-32.84],[26.18,-32.85],[26.19,-32.85],[26.19,-32.86],[26.18,-32.87],[26.19,-32.87],[26.19,-32.86],[26.2,-32.86],[26.2,-32.85],[26.2,-32.86],[26.21,-32.86],[26.22,-32.86],[26.23,-32.86],[26.23,-32.87],[26.22,-32.87],[26.22,-32.88],[26.23,-32.88],[26.23,-32.87],[26.24,-32.87],[26.24,-32.88],[26.25,-32.88],[26.25,-32.89],[26.26,-32.89],[26.26,-32.88],[26.27,-32.88],[26.28,-32.88],[26.28,-32.89],[26.28,-32.9],[26.29,-32.9],[26.28,-32.92],[26.27,-32.94],[26.3,-32.93],[26.32,-32.94],[26.35,-32.93],[26.36,-32.93],[26.36,-32.96],[26.39,-32.97],[26.42,-32.96],[26.43,-32.95],[26.44,-32.95],[26.44,-32.94],[26.44,-32.95],[26.45,-32.95],[26.45,-32.96],[26.46,-32.96],[26.46,-32.95],[26.47,-32.95],[26.47,-32.96],[26.47,-32.97],[26.47,-32.98],[26.48,-32.98],[26.49,-32.98],[26.5,-32.98],[26.5,-32.97],[26.49,-32.97],[26.49,-32.96],[26.49,-32.95],[26.5,-32.95],[26.5,-32.94],[26.51,-32.94],[26.52,-32.94],[26.52,-32.95],[26.52,-32.96],[26.52,-32.97],[26.52,-32.98],[26.52,-32.99],[26.53,-32.99],[26.53,-32.98],[26.54,-32.98],[26.55,-32.98],[26.56,-32.98],[26.56,-32.99],[26.57,-32.99],[26.58,-32.99],[26.58,-32.98],[26.58,-32.97],[26.58,-32.96],[26.59,-32.96],[26.59,-32.97],[26.59,-32.98],[26.6,-32.98],[26.6,-32.99],[26.59,-32.99],[26.59,-33.0],[26.59,-33.01],[26.58,-33.01],[26.58,-33.02],[26.59,-33.02],[26.6,-33.02],[26.6,-33.01],[26.61,-33.01],[26.61,-33.0],[26.62,-33.0],[26.63,-33.0],[26.63,-33.01],[26.63,-33.02],[26.63,-33.03],[26.64,-33.03],[26.64,-33.04],[26.64,-33.05],[26.65,-33.05],[26.66,-33.05],[26.66,-33.04],[26.66,-33.03],[26.67,-33.03],[26.67,-33.04],[26.68,-33.04],[26.68,-33.05],[26.69,-33.05],[26.69,-33.06],[26.7,-33.06],[26.7,-33.05],[26.71,-33.05],[26.71,-33.04],[26.72,-33.04],[26.72,-33.05],[26.73,-33.05],[26.73,-33.06],[26.74,-33.06],[26.74,-33.05],[26.75,-33.04],[26.75,-33.03],[26.76,-33.03],[26.77,-33.03],[26.77,-33.04],[26.78,-33.04],[26.78,-33.03],[26.78,-33.02],[26.78,-33.01],[26.78,-33.0],[26.78,-32.99],[26.79,-32.99],[26.8,-32.99],[26.8,-33.0],[26.8,-33.01],[26.8,-33.02],[26.8,-33.03],[26.79,-33.03],[26.8,-33.03],[26.79,-33.03],[26.8,-33.03],[26.8,-33.04],[26.8,-33.05],[26.79,-33.05],[26.79,-33.06],[26.78,-33.06],[26.78,-33.07],[26.77,-33.07],[26.77,-33.08],[26.77,-33.09],[26.78,-33.09],[26.77,-33.09],[26.78,-33.09],[26.79,-33.08],[26.79,-33.07],[26.8,-33.07],[26.8,-33.06],[26.8,-33.05],[26.81,-33.05],[26.81,-33.04],[26.82,-33.04],[26.83,-33.04],[26.83,-33.05],[26.83,-33.06],[26.83,-33.07],[26.83,-33.08],[26.84,-33.08],[26.85,-33.08],[26.86,-33.08],[26.86,-33.07],[26.86,-33.06],[26.86,-33.05],[26.86,-33.04],[26.87,-33.05],[26.87,-33.06],[26.88,-33.06],[26.87,-33.06],[26.88,-33.06],[26.88,-33.07],[26.88,-33.08],[26.87,-33.08],[26.87,-33.09],[26.86,-33.09],[26.86,-33.1],[26.86,-33.11],[26.86,-33.12],[26.85,-33.12],[26.85,-33.13],[26.84,-33.13],[26.84,-33.12],[26.83,-33.12],[26.82,-33.12],[26.82,-33.13],[26.82,-33.14],[26.83,-33.14],[26.83,-33.15],[26.83,-33.16],[26.84,-33.16],[26.84,-33.15],[26.84,-33.16],[26.84,-33.17],[26.84,-33.18],[26.85,-33.18],[26.86,-33.18],[26.87,-33.18],[26.86,-33.18],[26.86,-33.19],[26.85,-33.19],[26.84,-33.19],[26.84,-33.2],[26.84,-33.21],[26.85,-33.21],[26.86,-33.21],[26.87,-33.21],[26.87,-33.2],[26.87,-33.19],[26.88,-33.19],[26.88,-33.18],[26.88,-33.17],[26.89,-33.17],[26.9,-33.17],[26.89,-33.17],[26.89,-33.18],[26.9,-33.18],[26.9,-33.19],[26.9,-33.2],[26.91,-33.2],[26.92,-33.2],[26.93,-33.2],[26.93,-33.19],[26.92,-33.19],[26.93,-33.19],[26.92,-33.19],[26.92,-33.18],[26.92,-33.17],[26.93,-33.16],[26.94,-33.16],[26.94,-33.17],[26.95,-33.17],[26.96,-33.17],[26.96,-33.18],[26.95,-33.18],[26.96,-33.18],[26.96,-33.19],[26.96,-33.2],[26.97,-33.2],[26.97,-33.21],[26.98,-33.21],[26.98,-33.22],[26.97,-33.22],[26.97,-33.23],[26.96,-33.23],[26.96,-33.24],[26.97,-33.24],[26.98,-33.24],[26.98,-33.23],[26.99,-33.23],[26.99,-33.24],[27.0,-33.24],[27.0,-33.25],[27.01,-33.25],[27.01,-33.26],[27.0,-33.26],[26.99,-33.26],[26.99,-33.25],[26.98,-33.25],[26.98,-33.26],[26.97,-33.26],[26.97,-33.27],[26.98,-33.27],[26.99,-33.27],[26.99,-33.28],[27.0,-33.28],[27.0,-33.29],[27.0,-33.3],[27.0,-33.31],[27.0,-33.32],[27.0,-33.33],[26.99,-33.33],[26.99,-33.34],[26.98,-33.34],[26.98,-33.35],[26.98,-33.36],[26.99,-33.36],[27.0,-33.36],[27.0,-33.37],[27.01,-33.37],[27.01,-33.38],[27.02,-33.38],[27.02,-33.39],[27.02,-33.4],[27.03,-33.4],[27.04,-33.4],[27.04,-33.41],[27.05,-33.42],[27.05,-33.43],[27.06,-33.43],[27.06,-33.44],[27.07,-33.44],[27.07,-33.45],[27.07,-33.46],[27.07,-33.47],[27.08,-33.47],[27.09,-33.47],[27.09,-33.48],[27.1,-33.48],[27.11,-33.48],[27.12,-33.48],[27.12,-33.49],[27.13,-33.49],[27.14,-33.49],[27.14,-33.5],[27.13,-33.5],[27.14,-33.5],[27.13,-33.5],[27.13,-33.51],[27.13,-33.5],[27.13,-33.51],[27.13,-33.5],[27.13,-33.51],[27.12,-33.51],[27.12,-33.52],[27.11,-33.52],[27.11,-33.53],[27.1,-33.53],[27.09,-33.53],[27.08,-33.53],[27.07,-33.53],[27.06,-33.53],[27.06,-33.54],[27.05,-33.54],[27.04,-33.54],[27.04,-33.55],[27.04,-33.56],[27.03,-33.56],[27.02,-33.56],[27.01,-33.56],[27.01,-33.57],[27.0,-33.57],[26.99,-33.57],[26.98,-33.57],[26.97,-33.57],[26.96,-33.57],[26.96,-33.58],[26.95,-33.58],[26.94,-33.58],[26.93,-33.58],[26.93,-33.59],[26.92,-33.59],[26.92,-33.6],[26.91,-33.6],[26.9,-33.6],[26.9,-33.61],[26.89,-33.61],[26.88,-33.61],[26.88,-33.62],[26.87,-33.62],[26.87,-33.63],[26.86,-33.63],[26.85,-33.63],[26.84,-33.63],[26.83,-33.63],[26.82,-33.63],[26.81,-33.63],[26.81,-33.64],[26.8,-33.64],[26.79,-33.64],[26.78,-33.64],[26.77,-33.64],[26.77,-33.65],[26.76,-33.65],[26.75,-33.65],[26.74,-33.65],[26.74,-33.66],[26.73,-33.66],[26.72,-33.66],[26.72,-33.67],[26.71,-33.67],[26.7,-33.67],[26.7,-33.68],[26.69,-33.68],[26.68,-33.68],[26.68,-33.69],[26.67,-33.69],[26.67,-33.7],[26.66,-33.7],[26.66,-33.69],[26.66,-33.7],[26.65,-33.7],[26.64,-33.7],[26.64,-33.71],[26.63,-33.71],[26.63,-33.72],[26.62,-33.72],[26.61,-33.72],[26.6,-33.72],[26.59,-33.72],[26.59,-33.73],[26.58,-33.73],[26.58,-33.74],[26.57,-33.74],[26.56,-33.74],[26.56,-33.75],[26.55,-33.75],[26.54,-33.75],[26.53,-33.75],[26.53,-33.76],[26.52,-33.76],[26.51,-33.76],[26.5,-33.76],[26.5,-33.77],[26.49,-33.77],[26.49,-33.76],[26.49,-33.77],[26.48,-33.77],[26.47,-33.77],[26.46,-33.77],[26.45,-33.77],[26.44,-33.77],[26.43,-33.77],[26.43,-33.76],[26.42,-33.76],[26.41,-33.76],[26.4,-33.76],[26.39,-33.76],[26.38,-33.76],[26.37,-33.76],[26.36,-33.76],[26.35,-33.76],[26.34,-33.76],[26.34,-33.77],[26.34,-33.76],[26.34,-33.77],[26.33,-33.77],[26.32,-33.77],[26.31,-33.77],[26.31,-33.76],[26.3,-33.76],[26.29,-33.76],[26.28,-33.76],[26.27,-33.75],[26.26,-33.75],[26.25,-33.75],[26.25,-33.74],[26.24,-33.74],[26.23,-33.74],[26.22,-33.74],[26.22,-33.73],[26.21,-33.73],[26.2,-33.73],[26.19,-33.73],[26.18,-33.73],[26.18,-33.72],[26.17,-33.72],[26.16,-33.72],[26.15,-33.72],[26.14,-33.72],[26.14,-33.71],[26.13,-33.71],[26.12,-33.71],[26.11,-33.71],[26.1,-33.71],[26.09,-33.71],[26.08,-33.71],[26.07,-33.71],[26.06,-33.71],[26.05,-33.71],[26.04,-33.71],[26.03,-33.71],[26.02,-33.71],[26.01,-33.71],[26.0,-33.71],[25.99,-33.71],[25.98,-33.71],[25.97,-33.71],[25.96,-33.71],[25.95,-33.71],[25.94,-33.71],[25.93,-33.71],[25.92,-33.71],[25.91,-33.71],[25.9,-33.71],[25.89,-33.71],[25.89,-33.72],[25.88,-33.72],[25.87,-33.72],[25.86,-33.72],[25.85,-33.72],[25.87,-33.7],[25.86,-33.69],[25.86,-33.68],[25.85,-33.67],[25.84,-33.67],[25.83,-33.67],[25.82,-33.68],[25.81,-33.68],[25.79,-33.68],[25.79,-33.69],[25.78,-33.69],[25.77,-33.69],[25.77,-33.68],[25.76,-33.67],[25.75,-33.67],[25.75,-33.66],[25.74,-33.66],[25.74,-33.65],[25.74,-33.64],[25.74,-33.63],[25.73,-33.63],[25.73,-33.62],[25.72,-33.62],[25.71,-33.62],[25.7,-33.62],[25.7,-33.63],[25.7,-33.62],[25.69,-33.62],[25.69,-33.61],[25.69,-33.6],[25.68,-33.61],[25.68,-33.62],[25.68,-33.63],[25.67,-33.62],[25.67,-33.61],[25.66,-33.62],[25.66,-33.61],[25.65,-33.61],[25.64,-33.61],[25.63,-33.61],[25.63,-33.6],[25.63,-33.59],[25.62,-33.59],[25.61,-33.59],[25.6,-33.59],[25.59,-33.59],[25.58,-33.59],[25.57,-33.6],[25.56,-33.6],[25.55,-33.61],[25.55,-33.62],[25.56,-33.63],[25.55,-33.63],[25.53,-33.62],[25.52,-33.62],[25.51,-33.62],[25.49,-33.61],[25.5,-33.59],[25.51,-33.58],[25.51,-33.57],[25.5,-33.57],[25.49,-33.57],[25.48,-33.56],[25.47,-33.56],[25.45,-33.56],[25.44,-33.55],[25.43,-33.56],[25.41,-33.56],[25.4,-33.56],[25.39,-33.56],[25.37,-33.56],[25.36,-33.56],[25.35,-33.56],[25.34,-33.56],[25.34,-33.57],[25.34,-33.58],[25.33,-33.59],[25.33,-33.61],[25.32,-33.62],[25.34,-33.63],[25.34,-33.64],[25.32,-33.64],[25.31,-33.64],[25.32,-33.65],[25.33,-33.66],[25.35,-33.67],[25.34,-33.68],[25.33,-33.69],[25.34,-33.69],[25.35,-33.7],[25.35,-33.71],[25.35,-33.72],[25.34,-33.71],[25.33,-33.71],[25.33,-33.72],[25.33,-33.73],[25.31,-33.72],[25.3,-33.71],[25.3,-33.7],[25.29,-33.7],[25.27,-33.7],[25.28,-33.69],[25.26,-33.69],[25.25,-33.68],[25.25,-33.69],[25.24,-33.69],[25.25,-33.69],[25.26,-33.69],[25.26,-33.7],[25.27,-33.7],[25.27,-33.71],[25.28,-33.71],[25.29,-33.72],[25.3,-33.73],[25.29,-33.74],[25.29,-33.75],[25.28,-33.75],[25.3,-33.76],[25.31,-33.76],[25.3,-33.77],[25.28,-33.77],[25.27,-33.77],[25.27,-33.78],[25.27,-33.79],[25.26,-33.8],[25.25,-33.81],[25.25,-33.82],[25.24,-33.83],[25.24,-33.84],[25.23,-33.84],[25.23,-33.85],[25.25,-33.86],[25.23,-33.87],[25.22,-33.88],[25.21,-33.88],[25.21,-33.89],[25.2,-33.89],[25.2,-33.9],[25.2,-33.91],[25.19,-33.91],[25.19,-33.92],[25.2,-33.92],[25.2,-33.93],[25.21,-33.92],[25.22,-33.93],[25.22,-33.94],[25.23,-33.95],[25.23,-33.96],[25.22,-33.96],[25.21,-33.96],[25.22,-33.97],[25.21,-33.97],[25.2,-33.97],[25.19,-33.97],[25.18,-33.97],[25.18,-33.96],[25.17,-33.96],[25.16,-33.96],[25.15,-33.96],[25.14,-33.96],[25.13,-33.96],[25.12,-33.96],[25.11,-33.96],[25.1,-33.96],[25.09,-33.96],[25.08,-33.96],[25.08,-33.97],[25.08,-33.96],[25.08,-33.97],[25.07,-33.97],[25.06,-33.97],[25.05,-33.97],[25.04,-33.97],[25.03,-33.97],[25.02,-33.97],[25.01,-33.97],[25.01,-33.98],[25.0,-33.98],[24.99,-33.98],[24.98,-33.98],[24.98,-33.99],[24.97,-33.99],[24.96,-33.99],[24.95,-33.99],[24.95,-34.0],[24.94,-34.0],[24.94,-34.01],[24.93,-34.01],[24.93,-34.02],[24.93,-34.03],[24.93,-34.04],[24.93,-34.05],[24.93,-34.06],[24.92,-34.06],[24.92,-34.07],[24.92,-34.08],[24.91,-34.08],[24.91,-34.09],[24.9,-34.09],[24.9,-34.1],[24.89,-34.1],[24.89,-34.11],[24.88,-34.11],[24.88,-34.12],[24.87,-34.12],[24.86,-34.12],[24.86,-34.13],[24.85,-34.13],[24.85,-34.14],[24.84,-34.14],[24.84,-34.15],[24.84,-34.16],[24.83,-34.16],[24.83,-34.17],[24.84,-34.17],[24.84,-34.18],[24.85,-34.18],[24.86,-34.18],[24.86,-34.19],[24.87,-34.19],[24.87,-34.2],[24.86,-34.2],[24.86,-34.19],[24.85,-34.19],[24.85,-34.2],[24.84,-34.2],[24.83,-34.2],[24.83,-34.21],[24.84,-34.21],[24.83,-34.21],[24.82,-34.21],[24.81,-34.21],[24.81,-34.2],[24.8,-34.2],[24.79,-34.2],[24.78,-34.2],[24.77,-34.2],[24.76,-34.2],[24.76,-34.19],[24.75,-34.19],[24.74,-34.19],[24.73,-34.19],[24.72,-34.19],[24.71,-34.19],[24.7,-34.19],[24.69,-34.19],[24.68,-34.19],[24.69,-34.19],[24.69,-34.18],[24.68,-34.18],[24.67,-34.18],[24.66,-34.18],[24.66,-34.17],[24.65,-34.17],[24.64,-34.17],[24.63,-34.17],[24.62,-34.17],[24.62,-34.18],[24.61,-34.18],[24.61,-34.19],[24.6,-34.19],[24.59,-34.19],[24.58,-34.19],[24.58,-34.18],[24.58,-34.19],[24.58,-34.18],[24.58,-34.19],[24.58,-34.18],[24.57,-34.18],[24.56,-34.18],[24.55,-34.18],[24.55,-34.17],[24.54,-34.17],[24.53,-34.17],[24.52,-34.17],[24.51,-34.17],[24.5,-34.17],[24.49,-34.17],[24.49,-34.16],[24.49,-34.17],[24.48,-34.17],[24.48,-34.16],[24.47,-34.16],[24.46,-34.16],[24.46,-34.15],[24.45,-34.15],[24.45,-34.14],[24.44,-34.14],[24.44,-34.13],[24.43,-34.13],[24.42,-34.13],[24.42,-34.12],[24.41,-34.12],[24.4,-34.12],[24.4,-34.11],[24.39,-34.11],[24.38,-34.11],[24.38,-34.1],[24.38,-34.11],[24.38,-34.1],[24.37,-34.1],[24.36,-34.1],[24.35,-34.1],[24.34,-34.1],[24.33,-34.1],[24.32,-34.1],[24.31,-34.1],[24.3,-34.1],[24.3,-34.09],[24.29,-34.09],[24.28,-34.09],[24.27,-34.09],[24.26,-34.09],[24.26,-34.08],[24.25,-34.08],[24.24,-34.08],[24.25,-34.08],[24.24,-34.08],[24.23,-34.08],[24.23,-34.07],[24.22,-34.07],[24.21,-34.07],[24.2,-34.07],[24.2,-34.06],[24.19,-34.06],[24.18,-34.06],[24.17,-34.06],[24.16,-34.06],[24.16,-34.05],[24.15,-34.05],[24.14,-34.05],[24.13,-34.05],[24.12,-34.05],[24.12,-34.06],[24.12,-34.05],[24.11,-34.05],[24.1,-34.05],[24.09,-34.05],[24.08,-34.05],[24.08,-34.04],[24.08,-34.05],[24.07,-34.05],[24.06,-34.05],[24.06,-34.04],[24.05,-34.04],[24.04,-34.04],[24.03,-34.04],[24.02,-34.04],[24.01,-34.04],[24.0,-34.04],[23.99,-34.04],[23.99,-34.03],[23.98,-34.03],[23.97,-34.03],[23.96,-34.03],[23.95,-34.03],[23.94,-34.03],[23.93,-34.03],[23.93,-34.02],[23.92,-34.02],[23.91,-34.02],[23.9,-34.02],[23.89,-34.02],[23.88,-34.02],[23.87,-34.02],[23.86,-34.02],[23.85,-34.02],[23.84,-34.02],[23.83,-34.02],[23.82,-34.02],[23.82,-34.01],[23.81,-34.01],[23.8,-34.01],[23.79,-34.01],[23.78,-34.01],[23.77,-34.01],[23.77,-34.0],[23.76,-34.0],[23.75,-34.0],[23.74,-34.0],[23.73,-34.0],[23.73,-33.99],[23.72,-33.99],[23.71,-33.99],[23.7,-33.99],[23.69,-33.99],[23.68,-33.99],[23.67,-33.99],[23.67,-33.98],[23.66,-33.98],[23.65,-33.98],[23.65,-33.97],[23.64,-33.97],[23.64,-33.96],[23.65,-33.96],[23.64,-33.96],[23.64,-33.95],[23.64,-33.96],[23.64,-33.95],[23.63,-33.95],[23.64,-33.95],[23.63,-33.95],[23.64,-33.95],[23.64,-33.94],[23.64,-33.93],[23.64,-33.92],[23.64,-33.91],[23.65,-33.91],[23.66,-33.91],[23.66,-33.9],[23.65,-33.9],[23.65,-33.89],[23.66,-33.89],[23.67,-33.89],[23.67,-33.88],[23.67,-33.89],[23.67,-33.88],[23.68,-33.88],[23.69,-33.88],[23.69,-33.87],[23.7,-33.87],[23.7,-33.86],[23.68,-33.86],[23.62,-33.84],[23.61,-33.83],[23.56,-33.83],[23.55,-33.8],[23.56,-33.8],[23.56,-33.79],[23.55,-33.79],[23.54,-33.79],[23.53,-33.79],[23.52,-33.78],[23.52,-33.79],[23.51,-33.79],[23.5,-33.79],[23.49,-33.79],[23.49,-33.81],[23.47,-33.81],[23.45,-33.8],[23.43,-33.8],[23.42,-33.79],[23.4,-33.79],[23.41,-33.78],[23.42,-33.78],[23.43,-33.76],[23.43,-33.75],[23.43,-33.74],[23.44,-33.74],[23.44,-33.73],[23.44,-33.72],[23.45,-33.72],[23.46,-33.72],[23.47,-33.72],[23.48,-33.72],[23.5,-33.71],[23.51,-33.71],[23.52,-33.71],[23.53,-33.7],[23.54,-33.7],[23.54,-33.68],[23.56,-33.67],[23.56,-33.65],[23.59,-33.67],[23.63,-33.67],[23.65,-33.67],[23.67,-33.67],[23.67,-33.65],[23.67,-33.63],[23.62,-33.59],[23.62,-33.57],[23.6,-33.57],[23.6,-33.53],[23.61,-33.5],[23.6,-33.5],[23.58,-33.49],[23.58,-33.48],[23.56,-33.48],[23.55,-33.47],[23.51,-33.46],[23.5,-33.45],[23.5,-33.44],[23.47,-33.45],[23.46,-33.45],[23.42,-33.44],[23.41,-33.44],[23.39,-33.45],[23.37,-33.45],[23.36,-33.44],[23.35,-33.44],[23.36,-33.46],[23.35,-33.44],[23.34,-33.44],[23.34,-33.43],[23.33,-33.42],[23.33,-33.41],[23.32,-33.41],[23.31,-33.4],[23.3,-33.39],[23.28,-33.39],[23.26,-33.39],[23.25,-33.39],[23.2,-33.39],[23.18,-33.39],[23.15,-33.39],[23.13,-33.39],[23.11,-33.4],[23.07,-33.4],[23.02,-33.41],[22.98,-33.42],[22.97,-33.42],[22.93,-33.43],[22.91,-33.43],[22.87,-33.42],[22.83,-33.42],[22.82,-33.42],[22.79,-33.42],[22.77,-33.42],[22.78,-33.42],[22.75,-33.4],[22.74,-33.39]]]]},"properties":{"name":"Sarah Baartman District"}},{"type":"Feature","geometry":{"type":"MultiPolygon","coordinates":[[[[27.57,-26.65],[27.57,-26.64],[27.57,-26.63],[27.58,-26.62],[27.58,-26.61],[27.6,-26.61],[27.61,-26.61],[27.62,-26.61],[27.63,-26.61],[27.64,-26.61],[27.65,-26.61],[27.65,-26.62],[27.66,-26.62],[27.66,-26.61],[27.66,-26.6],[27.66,-26.61],[27.67,-26.61],[27.67,-26.6],[27.67,-26.59],[27.67,-26.58],[27.68,-26.58],[27.68,-26.57],[27.68,-26.56],[27.68,-26.55],[27.68,-26.54],[27.68,-26.53],[27.68,-26.52],[27.68,-26.53],[27.69,-26.53],[27.71,-26.53],[27.71,-26.52],[27.71,-26.51],[27.71,-26.5],[27.71,-26.49],[27.71,-26.48],[27.71,-26.46],[27.71,-26.45],[27.71,-26.44],[27.72,-26.44],[27.73,-26.43],[27.73,-26.44],[27.74,-26.44],[27.75,-26.44],[27.75,-26.43],[27.75,-26.42],[27.76,-26.42],[27.77,-26.42],[27.79,-26.42],[27.79,-26.43],[27.79,-26.44],[27.79,-26.45],[27.78,-26.45],[27.77,-26.45],[27.76,-26.44],[27.76,-26.46],[27.76,-26.48],[27.78,-26.49],[27.78,-26.48],[27.8,-26.48],[27.81,-26.48],[27.82,-26.48],[27.83,-26.49],[27.83,-26.5],[27.83,-26.49],[27.84,-26.49],[27.85,-26.5],[27.86,-26.5],[27.86,-26.51],[27.87,-26.51],[27.87,-26.52],[27.88,-26.52],[27.89,-26.52],[27.89,-26.53],[27.89,-26.52],[27.89,-26.51],[27.89,-26.5],[27.88,-26.5],[27.88,-26.49],[27.88,-26.48],[27.87,-26.48],[27.87,-26.47],[27.87,-26.46],[27.87,-26.45],[27.87,-26.44],[27.88,-26.44],[27.88,-26.45],[27.89,-26.45],[27.89,-26.44],[27.9,-26.44],[27.91,-26.44],[27.91,-26.45],[27.91,-26.46],[27.92,-26.46],[27.92,-26.45],[27.92,-26.44],[27.92,-26.43],[27.93,-26.42],[27.93,-26.41],[27.94,-26.41],[27.94,-26.4],[27.93,-26.4],[27.92,-26.4],[27.91,-26.4],[27.9,-26.4],[27.89,-26.4],[27.89,-26.39],[27.9,-26.39],[27.9,-26.38],[27.9,-26.37],[27.91,-26.36],[27.93,-26.36],[27.94,-26.36],[27.95,-26.35],[27.96,-26.34],[27.97,-26.34],[27.98,-26.34],[27.98,-26.35],[27.99,-26.35],[28.01,-26.35],[28.01,-26.34],[28.02,-26.34],[28.03,-26.34],[28.04,-26.34],[28.04,-26.35],[28.05,-26.36],[28.05,-26.35],[28.07,-26.34],[28.08,-26.34],[28.09,-26.34],[28.09,-26.35],[28.09,-26.36],[28.1,-26.36],[28.09,-26.37],[28.09,-26.38],[28.09,-26.39],[28.08,-26.39],[28.08,-26.4],[28.08,-26.41],[28.08,-26.42],[28.09,-26.42],[28.1,-26.42],[28.11,-26.42],[28.12,-26.42],[28.13,-26.43],[28.14,-26.43],[28.13,-26.42],[28.14,-26.42],[28.15,-26.42],[28.15,-26.43],[28.16,-26.44],[28.17,-26.43],[28.18,-26.42],[28.18,-26.43],[28.19,-26.43],[28.2,-26.43],[28.18,-26.44],[28.19,-26.45],[28.2,-26.44],[28.21,-26.43],[28.22,-26.44],[28.22,-26.43],[28.22,-26.44],[28.22,-26.43],[28.23,-26.43],[28.24,-26.43],[28.25,-26.43],[28.26,-26.44],[28.27,-26.41],[28.26,-26.41],[28.26,-26.4],[28.25,-26.39],[28.25,-26.38],[28.24,-26.38],[28.25,-26.38],[28.25,-26.37],[28.26,-26.37],[28.26,-26.36],[28.27,-26.36],[28.28,-26.36],[28.29,-26.37],[28.29,-26.38],[28.3,-26.38],[28.3,-26.37],[28.31,-26.37],[28.32,-26.38],[28.33,-26.38],[28.33,-26.39],[28.34,-26.39],[28.34,-26.4],[28.35,-26.4],[28.35,-26.41],[28.36,-26.41],[28.36,-26.4],[28.37,-26.4],[28.37,-26.39],[28.38,-26.39],[28.39,-26.39],[28.38,-26.39],[28.38,-26.4],[28.39,-26.4],[28.4,-26.4],[28.41,-26.41],[28.4,-26.42],[28.39,-26.42],[28.38,-26.43],[28.37,-26.44],[28.38,-26.44],[28.38,-26.45],[28.4,-26.44],[28.4,-26.43],[28.41,-26.43],[28.41,-26.42],[28.42,-26.42],[28.42,-26.43],[28.43,-26.43],[28.44,-26.43],[28.44,-26.44],[28.45,-26.44],[28.46,-26.44],[28.47,-26.44],[28.48,-26.44],[28.49,-26.44],[28.5,-26.44],[28.5,-26.45],[28.5,-26.46],[28.51,-26.46],[28.51,-26.47],[28.52,-26.47],[28.52,-26.45],[28.52,-26.44],[28.53,-26.44],[28.52,-26.44],[28.52,-26.43],[28.51,-26.43],[28.51,-26.42],[28.51,-26.41],[28.51,-26.4],[28.51,-26.39],[28.51,-26.38],[28.52,-26.36],[28.52,-26.35],[28.51,-26.35],[28.52,-26.34],[28.52,-26.33],[28.52,-26.32],[28.52,-26.31],[28.52,-26.3],[28.52,-26.29],[28.52,-26.28],[28.52,-26.27],[28.52,-26.26],[28.52,-26.25],[28.52,-26.24],[28.51,-26.23],[28.51,-26.22],[28.52,-26.22],[28.52,-26.21],[28.52,-26.2],[28.52,-26.19],[28.53,-26.18],[28.53,-26.17],[28.53,-26.18],[28.53,-26.19],[28.53,-26.2],[28.53,-26.21],[28.53,-26.22],[28.53,-26.23],[28.54,-26.23],[28.55,-26.23],[28.56,-26.23],[28.58,-26.24],[28.59,-26.24],[28.6,-26.24],[28.61,-26.24],[28.62,-26.25],[28.62,-26.26],[28.62,-26.27],[28.63,-26.28],[28.63,-26.29],[28.64,-26.3],[28.65,-26.3],[28.66,-26.3],[28.66,-26.31],[28.67,-26.31],[28.67,-26.32],[28.68,-26.32],[28.69,-26.33],[28.7,-26.33],[28.71,-26.34],[28.73,-26.33],[28.74,-26.32],[28.75,-26.32],[28.77,-26.32],[28.78,-26.32],[28.79,-26.31],[28.8,-26.31],[28.81,-26.31],[28.81,-26.33],[28.82,-26.35],[28.83,-26.34],[28.84,-26.34],[28.84,-26.35],[28.85,-26.36],[28.85,-26.37],[28.85,-26.38],[28.86,-26.38],[28.86,-26.39],[28.86,-26.4],[28.85,-26.4],[28.83,-26.41],[28.81,-26.42],[28.8,-26.42],[28.79,-26.43],[28.78,-26.44],[28.79,-26.45],[28.78,-26.45],[28.78,-26.46],[28.77,-26.46],[28.77,-26.47],[28.77,-26.48],[28.77,-26.49],[28.76,-26.49],[28.76,-26.51],[28.76,-26.52],[28.75,-26.52],[28.74,-26.52],[28.72,-26.52],[28.71,-26.51],[28.7,-26.51],[28.69,-26.51],[28.68,-26.51],[28.66,-26.51],[28.65,-26.51],[28.64,-26.51],[28.64,-26.52],[28.63,-26.52],[28.63,-26.53],[28.63,-26.54],[28.64,-26.54],[28.64,-26.55],[28.63,-26.55],[28.62,-26.54],[28.61,-26.54],[28.6,-26.54],[28.59,-26.54],[28.58,-26.54],[28.59,-26.53],[28.59,-26.52],[28.58,-26.52],[28.58,-26.53],[28.57,-26.53],[28.57,-26.52],[28.57,-26.51],[28.56,-26.51],[28.55,-26.51],[28.54,-26.51],[28.54,-26.5],[28.53,-26.5],[28.53,-26.51],[28.53,-26.52],[28.52,-26.53],[28.52,-26.54],[28.53,-26.54],[28.53,-26.55],[28.53,-26.56],[28.53,-26.57],[28.53,-26.58],[28.53,-26.59],[28.52,-26.59],[28.51,-26.59],[28.51,-26.6],[28.5,-26.6],[28.5,-26.61],[28.49,-26.61],[28.48,-26.61],[28.48,-26.62],[28.49,-26.64],[28.45,-26.64],[28.44,-26.64],[28.44,-26.65],[28.42,-26.65],[28.41,-26.66],[28.4,-26.66],[28.39,-26.67],[28.38,-26.72],[28.39,-26.72],[28.4,-26.73],[28.4,-26.74],[28.4,-26.75],[28.41,-26.76],[28.4,-26.76],[28.39,-26.76],[28.38,-26.77],[28.36,-26.77],[28.35,-26.77],[28.35,-26.78],[28.34,-26.78],[28.34,-26.79],[28.32,-26.79],[28.32,-26.81],[28.32,-26.82],[28.32,-26.83],[28.33,-26.84],[28.32,-26.84],[28.32,-26.85],[28.32,-26.86],[28.32,-26.87],[28.31,-26.87],[28.31,-26.88],[28.3,-26.88],[28.29,-26.88],[28.28,-26.88],[28.28,-26.87],[28.28,-26.86],[28.27,-26.87],[28.26,-26.87],[28.26,-26.88],[28.26,-26.87],[28.24,-26.87],[28.25,-26.88],[28.24,-26.88],[28.23,-26.88],[28.23,-26.89],[28.23,-26.9],[28.23,-26.91],[28.24,-26.91],[28.24,-26.92],[28.23,-26.92],[28.22,-26.92],[28.22,-26.91],[28.21,-26.91],[28.2,-26.91],[28.2,-26.9],[28.19,-26.9],[28.19,-26.89],[28.18,-26.89],[28.19,-26.88],[28.19,-26.87],[28.18,-26.87],[28.18,-26.86],[28.18,-26.85],[28.17,-26.85],[28.16,-26.85],[28.15,-26.85],[28.16,-26.85],[28.16,-26.86],[28.17,-26.86],[28.17,-26.87],[28.17,-26.88],[28.17,-26.89],[28.16,-26.89],[28.16,-26.88],[28.15,-26.88],[28.15,-26.89],[28.14,-26.89],[28.13,-26.89],[28.12,-26.89],[28.12,-26.88],[28.12,-26.87],[28.12,-26.86],[28.12,-26.85],[28.12,-26.84],[28.11,-26.84],[28.1,-26.84],[28.09,-26.84],[28.08,-26.84],[28.08,-26.83],[28.07,-26.83],[28.07,-26.82],[28.06,-26.82],[28.05,-26.82],[28.05,-26.81],[28.05,-26.8],[28.04,-26.8],[28.04,-26.79],[28.03,-26.79],[28.03,-26.8],[28.02,-26.8],[28.02,-26.79],[28.01,-26.79],[28.02,-26.79],[28.03,-26.78],[28.02,-26.78],[28.02,-26.77],[28.01,-26.77],[28.01,-26.76],[28.0,-26.76],[28.0,-26.75],[28.0,-26.74],[27.99,-26.74],[27.99,-26.73],[27.99,-26.72],[28.0,-26.72],[28.0,-26.71],[28.0,-26.7],[28.0,-26.69],[27.99,-26.69],[27.99,-26.68],[27.98,-26.68],[27.98,-26.67],[27.97,-26.67],[27.96,-26.67],[27.95,-26.67],[27.94,-26.67],[27.94,-26.68],[27.94,-26.69],[27.93,-26.69],[27.93,-26.7],[27.92,-26.7],[27.92,-26.71],[27.91,-26.71],[27.9,-26.71],[27.89,-26.71],[27.89,-26.72],[27.9,-26.72],[27.89,-26.72],[27.89,-26.73],[27.88,-26.73],[27.88,-26.74],[27.88,-26.75],[27.87,-26.75],[27.86,-26.75],[27.85,-26.75],[27.84,-26.75],[27.83,-26.75],[27.82,-26.75],[27.81,-26.75],[27.8,-26.75],[27.79,-26.75],[27.78,-26.75],[27.78,-26.76],[27.77,-26.76],[27.77,-26.77],[27.77,-26.78],[27.77,-26.79],[27.77,-26.8],[27.76,-26.8],[27.76,-26.79],[27.75,-26.79],[27.75,-26.78],[27.74,-26.78],[27.74,-26.77],[27.74,-26.76],[27.73,-26.76],[27.72,-26.76],[27.71,-26.76],[27.7,-26.76],[27.69,-26.76],[27.68,-26.76],[27.68,-26.77],[27.67,-26.77],[27.66,-26.77],[27.65,-26.77],[27.64,-26.77],[27.63,-26.77],[27.63,-26.76],[27.63,-26.75],[27.64,-26.75],[27.63,-26.75],[27.63,-26.74],[27.63,-26.73],[27.62,-26.73],[27.61,-26.73],[27.61,-26.74],[27.6,-26.74],[27.59,-26.74],[27.58,-26.73],[27.59,-26.73],[27.59,-26.72],[27.6,-26.72],[27.6,-26.71],[27.6,-26.7],[27.6,-26.69],[27.59,-26.7],[27.58,-26.72],[27.57,-26.72],[27.57,-26.71],[27.57,-26.7],[27.57,-26.69],[27.57,-26.68],[27.57,-26.67],[27.57,-26.66],[27.57,-26.65]]]]},"properties":{"name":"Sedibeng District"}},{"type":"Feature","geometry":{"type":"MultiPolygon","coordinates":[[[[28.89,-24.96],[28.89,-24.95],[28.9,-24.95],[28.91,-24.95],[28.92,-24.94],[28.93,-24.94],[28.94,-24.94],[28.94,-24.93],[28.94,-24.92],[28.93,-24.91],[28.92,-24.9],[28.91,-24.89],[28.92,-24.88],[28.93,-24.88],[28.94,-24.88],[28.94,-24.87],[28.94,-24.88],[28.95,-24.89],[28.95,-24.9],[28.96,-24.91],[28.97,-24.91],[28.98,-24.91],[28.99,-24.9],[28.99,-24.91],[29.02,-24.91],[29.03,-24.91],[29.04,-24.91],[29.05,-24.91],[29.06,-24.91],[29.06,-24.92],[29.06,-24.93],[29.07,-24.94],[29.08,-24.96],[29.08,-24.98],[29.1,-24.98],[29.1,-24.97],[29.11,-24.97],[29.12,-24.97],[29.13,-24.96],[29.14,-24.96],[29.15,-24.96],[29.16,-24.95],[29.17,-24.95],[29.18,-24.94],[29.18,-24.91],[29.18,-24.9],[29.2,-24.9],[29.21,-24.87],[29.22,-24.85],[29.23,-24.81],[29.25,-24.81],[29.26,-24.81],[29.27,-24.81],[29.27,-24.8],[29.28,-24.79],[29.27,-24.78],[29.27,-24.74],[29.25,-24.71],[29.26,-24.71],[29.28,-24.7],[29.3,-24.69],[29.33,-24.68],[29.34,-24.68],[29.35,-24.67],[29.36,-24.67],[29.37,-24.66],[29.39,-24.66],[29.39,-24.65],[29.39,-24.64],[29.37,-24.62],[29.38,-24.62],[29.38,-24.61],[29.39,-24.61],[29.4,-24.61],[29.41,-24.61],[29.41,-24.6],[29.42,-24.6],[29.43,-24.6],[29.45,-24.63],[29.46,-24.63],[29.47,-24.64],[29.47,-24.63],[29.47,-24.62],[29.48,-24.62],[29.48,-24.61],[29.48,-24.6],[29.49,-24.6],[29.5,-24.6],[29.5,-24.59],[29.51,-24.59],[29.51,-24.58],[29.52,-24.58],[29.52,-24.57],[29.53,-24.57],[29.53,-24.56],[29.54,-24.56],[29.54,-24.55],[29.55,-24.55],[29.55,-24.54],[29.55,-24.53],[29.54,-24.53],[29.55,-24.53],[29.55,-24.52],[29.56,-24.52],[29.57,-24.52],[29.57,-24.51],[29.56,-24.51],[29.56,-24.5],[29.57,-24.5],[29.58,-24.49],[29.59,-24.49],[29.59,-24.48],[29.59,-24.47],[29.6,-24.47],[29.6,-24.46],[29.61,-24.46],[29.62,-24.46],[29.62,-24.47],[29.62,-24.48],[29.63,-24.48],[29.64,-24.48],[29.64,-24.47],[29.64,-24.48],[29.65,-24.48],[29.65,-24.47],[29.66,-24.47],[29.67,-24.47],[29.67,-24.46],[29.68,-24.46],[29.68,-24.47],[29.69,-24.47],[29.7,-24.47],[29.7,-24.46],[29.71,-24.46],[29.72,-24.46],[29.72,-24.45],[29.73,-24.45],[29.73,-24.44],[29.73,-24.43],[29.74,-24.43],[29.74,-24.42],[29.74,-24.41],[29.74,-24.4],[29.74,-24.39],[29.74,-24.38],[29.75,-24.38],[29.75,-24.37],[29.76,-24.37],[29.76,-24.36],[29.77,-24.36],[29.77,-24.35],[29.76,-24.35],[29.75,-24.35],[29.75,-24.34],[29.75,-24.33],[29.74,-24.33],[29.75,-24.33],[29.76,-24.33],[29.76,-24.32],[29.76,-24.31],[29.75,-24.3],[29.75,-24.29],[29.76,-24.29],[29.76,-24.28],[29.77,-24.27],[29.78,-24.27],[29.79,-24.27],[29.8,-24.27],[29.8,-24.26],[29.81,-24.26],[29.81,-24.25],[29.82,-24.25],[29.83,-24.25],[29.84,-24.25],[29.85,-24.25],[29.86,-24.25],[29.87,-24.25],[29.88,-24.25],[29.88,-24.24],[29.88,-24.23],[29.87,-24.23],[29.87,-24.22],[29.88,-24.22],[29.89,-24.22],[29.9,-24.22],[29.91,-24.22],[29.92,-24.22],[29.93,-24.22],[29.94,-24.22],[29.94,-24.23],[29.94,-24.22],[29.95,-24.22],[29.96,-24.22],[29.97,-24.22],[29.97,-24.23],[29.98,-24.23],[29.98,-24.22],[29.98,-24.21],[29.99,-24.21],[30.0,-24.21],[30.01,-24.21],[30.01,-24.2],[30.02,-24.2],[30.03,-24.2],[30.03,-24.21],[30.04,-24.21],[30.05,-24.21],[30.05,-24.22],[30.06,-24.23],[30.07,-24.24],[30.08,-24.24],[30.09,-24.24],[30.1,-24.24],[30.11,-24.24],[30.12,-24.25],[30.13,-24.25],[30.14,-24.25],[30.15,-24.25],[30.15,-24.26],[30.14,-24.26],[30.15,-24.27],[30.15,-24.28],[30.14,-24.28],[30.14,-24.29],[30.15,-24.29],[30.15,-24.3],[30.16,-24.3],[30.17,-24.3],[30.18,-24.3],[30.19,-24.3],[30.19,-24.29],[30.2,-24.29],[30.21,-24.29],[30.22,-24.29],[30.22,-24.28],[30.23,-24.28],[30.24,-24.28],[30.24,-24.29],[30.25,-24.3],[30.26,-24.3],[30.26,-24.31],[30.27,-24.31],[30.27,-24.32],[30.28,-24.32],[30.29,-24.32],[30.33,-24.31],[30.37,-24.28],[30.38,-24.29],[30.41,-24.33],[30.41,-24.34],[30.43,-24.35],[30.44,-24.35],[30.44,-24.36],[30.45,-24.36],[30.47,-24.37],[30.48,-24.38],[30.49,-24.39],[30.5,-24.4],[30.52,-24.41],[30.53,-24.44],[30.54,-24.44],[30.55,-24.44],[30.55,-24.43],[30.55,-24.42],[30.56,-24.42],[30.56,-24.43],[30.56,-24.44],[30.56,-24.45],[30.57,-24.45],[30.57,-24.44],[30.58,-24.44],[30.59,-24.44],[30.6,-24.44],[30.61,-24.44],[30.62,-24.44],[30.62,-24.43],[30.63,-24.44],[30.64,-24.45],[30.65,-24.45],[30.66,-24.45],[30.67,-24.45],[30.7,-24.45],[30.73,-24.45],[30.74,-24.45],[30.76,-24.46],[30.73,-24.5],[30.73,-24.51],[30.73,-24.55],[30.73,-24.57],[30.73,-24.6],[30.73,-24.61],[30.72,-24.6],[30.7,-24.59],[30.68,-24.62],[30.68,-24.63],[30.69,-24.65],[30.7,-24.65],[30.71,-24.67],[30.71,-24.69],[30.72,-24.71],[30.69,-24.73],[30.68,-24.74],[30.64,-24.73],[30.63,-24.75],[30.63,-24.76],[30.65,-24.77],[30.66,-24.77],[30.66,-24.78],[30.66,-24.81],[30.64,-24.85],[30.63,-24.85],[30.62,-24.84],[30.61,-24.86],[30.61,-24.87],[30.6,-24.88],[30.59,-24.88],[30.58,-24.89],[30.58,-24.9],[30.58,-24.92],[30.58,-24.91],[30.57,-24.9],[30.56,-24.9],[30.55,-24.9],[30.54,-24.9],[30.53,-24.9],[30.52,-24.91],[30.51,-24.91],[30.5,-24.91],[30.5,-24.92],[30.5,-24.93],[30.5,-24.94],[30.49,-24.94],[30.49,-24.95],[30.49,-24.94],[30.48,-24.94],[30.47,-24.93],[30.46,-24.92],[30.45,-24.91],[30.45,-24.9],[30.44,-24.89],[30.44,-24.87],[30.44,-24.86],[30.43,-24.85],[30.39,-24.85],[30.39,-24.86],[30.4,-24.86],[30.4,-24.87],[30.37,-24.86],[30.35,-24.85],[30.35,-24.86],[30.35,-24.87],[30.35,-24.88],[30.32,-24.88],[30.32,-24.87],[30.31,-24.87],[30.31,-24.88],[30.31,-24.89],[30.31,-24.88],[30.3,-24.87],[30.29,-24.87],[30.28,-24.87],[30.25,-24.86],[30.23,-24.86],[30.22,-24.86],[30.2,-24.86],[30.19,-24.86],[30.19,-24.87],[30.19,-24.88],[30.19,-24.89],[30.18,-24.92],[30.18,-24.93],[30.18,-24.94],[30.17,-24.95],[30.17,-24.96],[30.17,-24.97],[30.17,-24.99],[30.18,-24.99],[30.18,-25.0],[30.18,-25.01],[30.19,-25.02],[30.2,-25.03],[30.2,-25.04],[30.18,-25.03],[30.16,-25.03],[30.15,-25.03],[30.15,-25.05],[30.15,-25.09],[30.14,-25.09],[30.14,-25.1],[30.14,-25.11],[30.14,-25.12],[30.12,-25.12],[30.09,-25.13],[30.09,-25.11],[30.08,-25.1],[30.06,-25.08],[30.03,-25.06],[30.03,-25.08],[30.0,-25.09],[29.98,-25.09],[30.0,-25.12],[30.0,-25.13],[30.0,-25.14],[30.01,-25.14],[30.01,-25.15],[30.01,-25.16],[30.01,-25.17],[30.01,-25.18],[30.01,-25.19],[30.01,-25.2],[30.01,-25.21],[30.01,-25.23],[30.01,-25.24],[30.01,-25.25],[30.01,-25.26],[30.0,-25.27],[30.0,-25.28],[30.0,-25.29],[30.0,-25.3],[30.0,-25.31],[30.0,-25.32],[30.01,-25.33],[30.01,-25.34],[30.0,-25.34],[29.99,-25.34],[29.98,-25.34],[29.97,-25.34],[29.97,-25.33],[29.96,-25.33],[29.95,-25.33],[29.94,-25.33],[29.92,-25.33],[29.91,-25.33],[29.91,-25.34],[29.9,-25.34],[29.89,-25.34],[29.89,-25.35],[29.89,-25.36],[29.88,-25.37],[29.87,-25.37],[29.86,-25.38],[29.85,-25.38],[29.84,-25.39],[29.84,-25.38],[29.84,-25.37],[29.83,-25.37],[29.83,-25.36],[29.83,-25.37],[29.83,-25.36],[29.82,-25.36],[29.81,-25.36],[29.8,-25.36],[29.79,-25.36],[29.78,-25.39],[29.77,-25.4],[29.76,-25.4],[29.75,-25.39],[29.74,-25.39],[29.73,-25.38],[29.71,-25.38],[29.7,-25.38],[29.69,-25.38],[29.67,-25.37],[29.65,-25.38],[29.64,-25.39],[29.63,-25.39],[29.62,-25.4],[29.61,-25.4],[29.6,-25.4],[29.59,-25.4],[29.58,-25.4],[29.56,-25.4],[29.55,-25.4],[29.52,-25.41],[29.52,-25.42],[29.51,-25.42],[29.49,-25.42],[29.48,-25.41],[29.47,-25.41],[29.46,-25.41],[29.45,-25.41],[29.44,-25.41],[29.43,-25.41],[29.41,-25.41],[29.4,-25.41],[29.39,-25.41],[29.38,-25.41],[29.37,-25.41],[29.36,-25.41],[29.35,-25.41],[29.35,-25.4],[29.35,-25.39],[29.34,-25.38],[29.34,-25.37],[29.33,-25.38],[29.32,-25.38],[29.31,-25.38],[29.26,-25.38],[29.25,-25.38],[29.25,-25.39],[29.24,-25.4],[29.21,-25.41],[29.2,-25.37],[29.13,-25.39],[29.14,-25.39],[29.15,-25.38],[29.16,-25.37],[29.16,-25.35],[29.17,-25.32],[29.17,-25.31],[29.17,-25.3],[29.15,-25.31],[29.14,-25.31],[29.13,-25.31],[29.12,-25.31],[29.11,-25.32],[29.1,-25.32],[29.09,-25.3],[29.09,-25.29],[29.08,-25.29],[29.08,-25.28],[29.08,-25.29],[29.07,-25.29],[29.06,-25.28],[29.05,-25.28],[29.04,-25.28],[29.03,-25.26],[29.04,-25.26],[29.04,-25.25],[29.03,-25.25],[29.03,-25.24],[29.04,-25.24],[29.04,-25.23],[29.04,-25.22],[29.04,-25.21],[29.04,-25.2],[29.04,-25.19],[29.04,-25.18],[29.04,-25.17],[29.04,-25.16],[29.04,-25.15],[29.04,-25.14],[29.05,-25.14],[29.06,-25.14],[29.07,-25.15],[29.08,-25.15],[29.09,-25.15],[29.09,-25.14],[29.1,-25.13],[29.11,-25.12],[29.12,-25.12],[29.13,-25.11],[29.12,-25.11],[29.11,-25.1],[29.1,-25.1],[29.09,-25.1],[29.08,-25.1],[29.09,-25.1],[29.09,-25.09],[29.08,-25.09],[29.08,-25.08],[29.08,-25.07],[29.07,-25.07],[29.07,-25.06],[29.06,-25.06],[29.05,-25.06],[29.04,-25.06],[29.03,-25.06],[29.02,-25.06],[29.02,-25.05],[29.02,-25.06],[29.01,-25.06],[29.0,-25.06],[28.99,-25.06],[28.99,-25.07],[28.98,-25.07],[28.97,-25.07],[28.97,-25.06],[28.96,-25.06],[28.96,-25.05],[28.96,-25.04],[28.95,-25.04],[28.95,-25.03],[28.95,-25.02],[28.93,-25.0],[28.91,-25.01],[28.91,-25.0],[28.9,-24.98],[28.89,-24.96]]]]},"properties":{"name":"Sekhukhune District"}},{"type":"Feature","geometry":{"type":"MultiPolygon","coordinates":[[[[29.01,-30.0],[29.02,-30.0],[29.03,-30.0],[29.03,-29.99],[29.04,-29.99],[29.04,-29.98],[29.04,-29.99],[29.04,-29.98],[29.05,-29.98],[29.06,-29.98],[29.06,-29.97],[29.07,-29.97],[29.08,-29.96],[29.08,-29.95],[29.1,-29.96],[29.1,-29.97],[29.1,-29.96],[29.1,-29.95],[29.11,-29.95],[29.11,-29.94],[29.12,-29.94],[29.12,-29.93],[29.13,-29.93],[29.14,-29.93],[29.15,-29.93],[29.15,-29.92],[29.15,-29.93],[29.16,-29.93],[29.16,-29.92],[29.17,-29.92],[29.17,-29.91],[29.16,-29.91],[29.16,-29.9],[29.16,-29.89],[29.16,-29.88],[29.15,-29.88],[29.14,-29.88],[29.14,-29.87],[29.15,-29.87],[29.14,-29.87],[29.14,-29.86],[29.13,-29.86],[29.12,-29.86],[29.12,-29.85],[29.11,-29.85],[29.1,-29.85],[29.1,-29.84],[29.11,-29.84],[29.12,-29.84],[29.12,-29.83],[29.13,-29.83],[29.13,-29.82],[29.13,-29.81],[29.12,-29.81],[29.12,-29.8],[29.13,-29.79],[29.13,-29.78],[29.13,-29.77],[29.12,-29.77],[29.13,-29.77],[29.13,-29.76],[29.13,-29.77],[29.14,-29.76],[29.13,-29.76],[29.14,-29.76],[29.14,-29.75],[29.14,-29.74],[29.15,-29.74],[29.15,-29.73],[29.15,-29.72],[29.15,-29.71],[29.16,-29.71],[29.16,-29.7],[29.16,-29.69],[29.16,-29.68],[29.17,-29.68],[29.18,-29.68],[29.18,-29.67],[29.19,-29.67],[29.2,-29.67],[29.2,-29.66],[29.21,-29.66],[29.21,-29.65],[29.22,-29.65],[29.23,-29.65],[29.23,-29.64],[29.24,-29.64],[29.25,-29.64],[29.26,-29.64],[29.27,-29.64],[29.28,-29.64],[29.28,-29.63],[29.29,-29.63],[29.28,-29.62],[29.29,-29.62],[29.29,-29.61],[29.29,-29.6],[29.29,-29.59],[29.28,-29.59],[29.29,-29.59],[29.29,-29.58],[29.3,-29.58],[29.3,-29.59],[29.3,-29.58],[29.31,-29.58],[29.32,-29.58],[29.32,-29.57],[29.33,-29.57],[29.32,-29.57],[29.32,-29.56],[29.31,-29.56],[29.31,-29.55],[29.31,-29.54],[29.31,-29.53],[29.3,-29.53],[29.3,-29.52],[29.29,-29.52],[29.3,-29.52],[29.31,-29.52],[29.31,-29.51],[29.3,-29.51],[29.31,-29.51],[29.3,-29.51],[29.3,-29.5],[29.31,-29.5],[29.33,-29.51],[29.36,-29.51],[29.36,-29.52],[29.37,-29.52],[29.38,-29.53],[29.4,-29.52],[29.4,-29.53],[29.41,-29.53],[29.42,-29.53],[29.43,-29.53],[29.43,-29.54],[29.44,-29.55],[29.44,-29.54],[29.45,-29.54],[29.45,-29.55],[29.45,-29.56],[29.46,-29.56],[29.48,-29.57],[29.47,-29.58],[29.49,-29.59],[29.5,-29.59],[29.5,-29.58],[29.51,-29.58],[29.52,-29.58],[29.53,-29.58],[29.53,-29.57],[29.52,-29.57],[29.53,-29.57],[29.53,-29.56],[29.54,-29.56],[29.54,-29.57],[29.56,-29.56],[29.56,-29.57],[29.57,-29.57],[29.57,-29.58],[29.58,-29.58],[29.59,-29.58],[29.59,-29.59],[29.58,-29.59],[29.57,-29.59],[29.57,-29.6],[29.56,-29.6],[29.57,-29.61],[29.56,-29.64],[29.55,-29.65],[29.57,-29.66],[29.58,-29.66],[29.59,-29.66],[29.59,-29.67],[29.6,-29.68],[29.61,-29.67],[29.62,-29.67],[29.63,-29.67],[29.64,-29.67],[29.65,-29.67],[29.66,-29.67],[29.67,-29.67],[29.68,-29.67],[29.69,-29.67],[29.69,-29.68],[29.72,-29.68],[29.73,-29.68],[29.74,-29.67],[29.73,-29.66],[29.74,-29.66],[29.73,-29.66],[29.74,-29.66],[29.74,-29.65],[29.74,-29.64],[29.75,-29.64],[29.76,-29.64],[29.77,-29.64],[29.77,-29.65],[29.78,-29.65],[29.78,-29.66],[29.78,-29.67],[29.79,-29.67],[29.79,-29.66],[29.8,-29.66],[29.81,-29.66],[29.83,-29.67],[29.84,-29.68],[29.85,-29.68],[29.86,-29.68],[29.87,-29.69],[29.87,-29.66],[29.87,-29.65],[29.87,-29.64],[29.88,-29.63],[29.89,-29.63],[29.9,-29.63],[29.91,-29.63],[29.91,-29.64],[29.91,-29.65],[29.92,-29.65],[29.91,-29.66],[29.91,-29.67],[29.9,-29.67],[29.9,-29.68],[29.91,-29.68],[29.91,-29.69],[29.91,-29.7],[29.93,-29.71],[29.94,-29.72],[29.94,-29.71],[29.95,-29.71],[29.95,-29.7],[29.95,-29.71],[29.96,-29.71],[29.97,-29.71],[29.97,-29.72],[29.98,-29.72],[29.99,-29.72],[30.0,-29.72],[30.0,-29.73],[30.01,-29.73],[30.02,-29.73],[30.02,-29.71],[30.03,-29.71],[30.04,-29.72],[30.05,-29.72],[30.07,-29.72],[30.07,-29.71],[30.07,-29.7],[30.08,-29.7],[30.09,-29.7],[30.09,-29.71],[30.1,-29.71],[30.1,-29.72],[30.1,-29.73],[30.1,-29.74],[30.09,-29.74],[30.09,-29.75],[30.09,-29.76],[30.08,-29.76],[30.07,-29.76],[30.07,-29.77],[30.08,-29.78],[30.07,-29.79],[30.06,-29.8],[30.05,-29.8],[30.05,-29.81],[30.05,-29.82],[30.05,-29.83],[30.05,-29.84],[30.04,-29.84],[30.04,-29.85],[30.04,-29.86],[30.04,-29.87],[30.05,-29.87],[30.06,-29.87],[30.06,-29.86],[30.07,-29.86],[30.07,-29.87],[30.06,-29.87],[30.06,-29.88],[30.07,-29.88],[30.07,-29.89],[30.06,-29.89],[30.06,-29.9],[30.07,-29.9],[30.07,-29.89],[30.07,-29.9],[30.08,-29.91],[30.09,-29.91],[30.09,-29.9],[30.09,-29.91],[30.1,-29.91],[30.1,-29.92],[30.09,-29.92],[30.08,-29.92],[30.08,-29.93],[30.09,-29.93],[30.09,-29.94],[30.09,-29.95],[30.1,-29.95],[30.1,-29.94],[30.11,-29.94],[30.1,-29.94],[30.1,-29.95],[30.11,-29.95],[30.12,-29.95],[30.11,-29.95],[30.11,-29.96],[30.11,-29.97],[30.1,-29.97],[30.11,-29.97],[30.11,-29.98],[30.12,-29.98],[30.13,-29.98],[30.14,-29.98],[30.15,-29.98],[30.15,-29.99],[30.16,-29.99],[30.16,-30.0],[30.17,-30.0],[30.18,-30.0],[30.19,-30.0],[30.19,-30.01],[30.2,-30.01],[30.2,-30.02],[30.21,-30.02],[30.22,-30.02],[30.22,-30.01],[30.23,-30.01],[30.24,-30.01],[30.25,-30.01],[30.26,-30.01],[30.27,-30.01],[30.27,-30.02],[30.28,-30.02],[30.28,-30.01],[30.27,-30.01],[30.27,-30.0],[30.28,-30.0],[30.28,-30.01],[30.29,-30.02],[30.3,-30.02],[30.3,-30.01],[30.31,-30.01],[30.31,-30.02],[30.31,-30.03],[30.32,-30.03],[30.32,-30.04],[30.31,-30.04],[30.32,-30.04],[30.32,-30.05],[30.32,-30.04],[30.32,-30.03],[30.33,-30.03],[30.33,-30.04],[30.34,-30.04],[30.34,-30.05],[30.35,-30.05],[30.35,-30.04],[30.36,-30.04],[30.36,-30.05],[30.35,-30.05],[30.35,-30.06],[30.36,-30.06],[30.37,-30.06],[30.36,-30.06],[30.36,-30.07],[30.37,-30.07],[30.38,-30.07],[30.38,-30.08],[30.38,-30.09],[30.37,-30.09],[30.38,-30.09],[30.39,-30.09],[30.39,-30.1],[30.4,-30.1],[30.4,-30.09],[30.41,-30.09],[30.42,-30.09],[30.42,-30.1],[30.42,-30.09],[30.42,-30.08],[30.43,-30.08],[30.43,-30.09],[30.44,-30.09],[30.44,-30.08],[30.45,-30.08],[30.44,-30.09],[30.42,-30.13],[30.42,-30.14],[30.42,-30.15],[30.42,-30.16],[30.43,-30.16],[30.42,-30.16],[30.43,-30.16],[30.43,-30.17],[30.44,-30.17],[30.44,-30.18],[30.43,-30.18],[30.43,-30.19],[30.42,-30.19],[30.41,-30.19],[30.42,-30.19],[30.42,-30.2],[30.41,-30.2],[30.41,-30.21],[30.4,-30.21],[30.4,-30.2],[30.4,-30.21],[30.4,-30.2],[30.39,-30.2],[30.39,-30.21],[30.38,-30.22],[30.38,-30.24],[30.38,-30.25],[30.37,-30.25],[30.36,-30.25],[30.36,-30.26],[30.36,-30.27],[30.35,-30.28],[30.35,-30.29],[30.34,-30.3],[30.33,-30.33],[30.32,-30.33],[30.31,-30.35],[30.3,-30.35],[30.3,-30.36],[30.3,-30.37],[30.29,-30.38],[30.28,-30.37],[30.27,-30.37],[30.26,-30.36],[30.26,-30.37],[30.25,-30.37],[30.24,-30.37],[30.24,-30.38],[30.23,-30.38],[30.23,-30.39],[30.22,-30.39],[30.21,-30.39],[30.21,-30.4],[30.2,-30.4],[30.19,-30.4],[30.18,-30.4],[30.17,-30.4],[30.16,-30.4],[30.15,-30.4],[30.14,-30.4],[30.13,-30.4],[30.12,-30.4],[30.11,-30.4],[30.11,-30.41],[30.12,-30.41],[30.12,-30.42],[30.12,-30.43],[30.11,-30.43],[30.11,-30.42],[30.1,-30.42],[30.09,-30.42],[30.09,-30.43],[30.08,-30.43],[30.08,-30.44],[30.08,-30.45],[30.07,-30.45],[30.06,-30.45],[30.06,-30.44],[30.05,-30.44],[30.05,-30.43],[30.04,-30.43],[30.04,-30.44],[30.05,-30.45],[30.05,-30.46],[30.06,-30.46],[30.06,-30.47],[30.05,-30.47],[30.04,-30.47],[30.03,-30.47],[30.02,-30.47],[30.02,-30.48],[30.01,-30.48],[30.01,-30.49],[30.0,-30.49],[30.0,-30.5],[30.0,-30.51],[30.0,-30.52],[30.0,-30.53],[29.99,-30.53],[30.0,-30.53],[30.0,-30.54],[29.99,-30.54],[29.99,-30.55],[29.98,-30.55],[29.97,-30.55],[29.97,-30.56],[29.96,-30.56],[29.96,-30.57],[29.95,-30.57],[29.96,-30.57],[29.95,-30.57],[29.96,-30.57],[29.96,-30.58],[29.95,-30.58],[29.95,-30.59],[29.95,-30.58],[29.94,-30.58],[29.94,-30.57],[29.93,-30.57],[29.93,-30.56],[29.92,-30.55],[29.91,-30.55],[29.9,-30.56],[29.89,-30.56],[29.88,-30.56],[29.87,-30.56],[29.86,-30.56],[29.86,-30.55],[29.86,-30.54],[29.85,-30.54],[29.84,-30.54],[29.83,-30.54],[29.82,-30.54],[29.82,-30.53],[29.81,-30.53],[29.81,-30.54],[29.81,-30.53],[29.8,-30.53],[29.8,-30.52],[29.79,-30.52],[29.79,-30.51],[29.78,-30.51],[29.77,-30.51],[29.76,-30.51],[29.75,-30.52],[29.74,-30.52],[29.73,-30.52],[29.72,-30.51],[29.71,-30.52],[29.7,-30.52],[29.69,-30.52],[29.67,-30.52],[29.66,-30.52],[29.65,-30.52],[29.65,-30.53],[29.65,-30.54],[29.65,-30.55],[29.64,-30.56],[29.64,-30.57],[29.63,-30.57],[29.63,-30.58],[29.62,-30.58],[29.61,-30.59],[29.6,-30.6],[29.59,-30.62],[29.58,-30.64],[29.58,-30.65],[29.57,-30.65],[29.57,-30.66],[29.55,-30.65],[29.54,-30.65],[29.53,-30.64],[29.52,-30.64],[29.51,-30.62],[29.5,-30.62],[29.49,-30.62],[29.48,-30.62],[29.47,-30.62],[29.46,-30.63],[29.45,-30.64],[29.44,-30.64],[29.43,-30.64],[29.42,-30.64],[29.41,-30.64],[29.4,-30.64],[29.39,-30.65],[29.38,-30.65],[29.37,-30.65],[29.36,-30.66],[29.35,-30.67],[29.34,-30.67],[29.34,-30.66],[29.33,-30.66],[29.33,-30.65],[29.32,-30.65],[29.32,-30.64],[29.32,-30.65],[29.32,-30.64],[29.31,-30.64],[29.3,-30.64],[29.29,-30.64],[29.28,-30.64],[29.27,-30.63],[29.26,-30.62],[29.25,-30.62],[29.24,-30.62],[29.23,-30.62],[29.22,-30.62],[29.21,-30.62],[29.2,-30.62],[29.19,-30.63],[29.2,-30.63],[29.19,-30.63],[29.19,-30.64],[29.18,-30.64],[29.18,-30.63],[29.18,-30.62],[29.19,-30.62],[29.18,-30.62],[29.17,-30.62],[29.17,-30.61],[29.16,-30.61],[29.15,-30.61],[29.14,-30.61],[29.14,-30.6],[29.15,-30.6],[29.14,-30.59],[29.13,-30.59],[29.12,-30.59],[29.12,-30.58],[29.13,-30.57],[29.14,-30.57],[29.14,-30.56],[29.15,-30.56],[29.16,-30.56],[29.17,-30.56],[29.17,-30.55],[29.17,-30.54],[29.16,-30.54],[29.17,-30.54],[29.16,-30.54],[29.16,-30.55],[29.16,-30.56],[29.15,-30.56],[29.15,-30.55],[29.15,-30.54],[29.15,-30.53],[29.14,-30.53],[29.15,-30.52],[29.15,-30.51],[29.16,-30.51],[29.17,-30.51],[29.18,-30.52],[29.18,-30.51],[29.18,-30.5],[29.18,-30.49],[29.19,-30.49],[29.19,-30.48],[29.19,-30.47],[29.2,-30.47],[29.2,-30.46],[29.2,-30.45],[29.2,-30.44],[29.2,-30.43],[29.21,-30.43],[29.21,-30.42],[29.22,-30.42],[29.23,-30.43],[29.23,-30.42],[29.23,-30.41],[29.24,-30.41],[29.24,-30.4],[29.25,-30.4],[29.26,-30.4],[29.27,-30.4],[29.28,-30.4],[29.28,-30.39],[29.28,-30.38],[29.29,-30.38],[29.3,-30.38],[29.31,-30.38],[29.3,-30.38],[29.3,-30.37],[29.3,-30.36],[29.3,-30.35],[29.29,-30.35],[29.29,-30.34],[29.3,-30.34],[29.3,-30.33],[29.3,-30.32],[29.3,-30.31],[29.29,-30.31],[29.29,-30.3],[29.28,-30.3],[29.28,-30.29],[29.27,-30.29],[29.27,-30.28],[29.26,-30.28],[29.25,-30.27],[29.24,-30.27],[29.23,-30.27],[29.24,-30.28],[29.24,-30.29],[29.25,-30.29],[29.25,-30.3],[29.25,-30.31],[29.24,-30.31],[29.23,-30.31],[29.23,-30.3],[29.22,-30.3],[29.21,-30.29],[29.2,-30.29],[29.19,-30.29],[29.18,-30.29],[29.18,-30.28],[29.17,-30.28],[29.18,-30.28],[29.17,-30.28],[29.16,-30.28],[29.16,-30.27],[29.16,-30.28],[29.16,-30.27],[29.16,-30.26],[29.15,-30.26],[29.14,-30.26],[29.13,-30.26],[29.13,-30.25],[29.13,-30.24],[29.13,-30.23],[29.13,-30.22],[29.12,-30.22],[29.13,-30.22],[29.13,-30.21],[29.12,-30.21],[29.11,-30.21],[29.11,-30.2],[29.11,-30.19],[29.12,-30.19],[29.11,-30.19],[29.11,-30.18],[29.1,-30.18],[29.11,-30.18],[29.11,-30.17],[29.11,-30.16],[29.12,-30.16],[29.11,-30.16],[29.11,-30.15],[29.12,-30.15],[29.12,-30.14],[29.12,-30.13],[29.12,-30.12],[29.12,-30.11],[29.11,-30.11],[29.12,-30.11],[29.11,-30.11],[29.11,-30.1],[29.12,-30.1],[29.12,-30.11],[29.12,-30.1],[29.11,-30.1],[29.11,-30.09],[29.11,-30.08],[29.1,-30.07],[29.1,-30.06],[29.09,-30.06],[29.09,-30.05],[29.08,-30.05],[29.07,-30.05],[29.07,-30.04],[29.06,-30.04],[29.06,-30.03],[29.05,-30.02],[29.04,-30.01],[29.03,-30.01],[29.02,-30.01],[29.02,-30.0],[29.01,-30.0]]]]},"properties":{"name":"Sisonke District"}},{"type":"Feature","geometry":{"type":"MultiPolygon","coordinates":[[[[26.82,-28.93],[26.82,-28.92],[26.83,-28.91],[26.85,-28.9],[26.85,-28.89],[26.86,-28.88],[26.86,-28.87],[26.86,-28.86],[26.87,-28.86],[26.87,-28.85],[26.87,-28.84],[26.88,-28.84],[26.88,-28.83],[26.88,-28.82],[26.89,-28.82],[26.9,-28.8],[26.9,-28.79],[26.91,-28.78],[26.91,-28.77],[26.91,-28.76],[26.92,-28.76],[26.93,-28.76],[26.95,-28.75],[26.96,-28.75],[26.97,-28.75],[26.98,-28.75],[26.99,-28.75],[27.0,-28.75],[27.01,-28.75],[27.02,-28.75],[27.02,-28.74],[27.03,-28.74],[27.03,-28.75],[27.03,-28.76],[27.04,-28.76],[27.04,-28.77],[27.05,-28.77],[27.06,-28.76],[27.08,-28.77],[27.08,-28.76],[27.1,-28.76],[27.11,-28.77],[27.12,-28.75],[27.13,-28.74],[27.14,-28.73],[27.15,-28.73],[27.16,-28.73],[27.16,-28.74],[27.15,-28.74],[27.16,-28.74],[27.16,-28.75],[27.15,-28.75],[27.16,-28.75],[27.15,-28.75],[27.15,-28.76],[27.16,-28.76],[27.16,-28.77],[27.16,-28.78],[27.17,-28.78],[27.17,-28.79],[27.18,-28.79],[27.18,-28.8],[27.19,-28.8],[27.19,-28.81],[27.21,-28.77],[27.21,-28.78],[27.2,-28.78],[27.19,-28.78],[27.18,-28.78],[27.18,-28.77],[27.17,-28.77],[27.18,-28.77],[27.17,-28.76],[27.18,-28.75],[27.2,-28.73],[27.2,-28.72],[27.21,-28.71],[27.2,-28.7],[27.19,-28.7],[27.2,-28.68],[27.19,-28.67],[27.2,-28.66],[27.2,-28.65],[27.2,-28.64],[27.21,-28.63],[27.19,-28.62],[27.2,-28.62],[27.21,-28.62],[27.22,-28.6],[27.21,-28.6],[27.21,-28.59],[27.21,-28.58],[27.2,-28.58],[27.17,-28.56],[27.16,-28.56],[27.15,-28.55],[27.15,-28.54],[27.15,-28.53],[27.15,-28.52],[27.16,-28.52],[27.17,-28.52],[27.18,-28.51],[27.17,-28.51],[27.18,-28.49],[27.19,-28.48],[27.16,-28.48],[27.14,-28.48],[27.12,-28.46],[27.11,-28.46],[27.12,-28.45],[27.1,-28.44],[27.11,-28.43],[27.11,-28.42],[27.11,-28.41],[27.11,-28.4],[27.1,-28.4],[27.09,-28.4],[27.09,-28.41],[27.07,-28.41],[27.07,-28.42],[27.05,-28.4],[27.04,-28.4],[27.05,-28.37],[27.06,-28.35],[27.07,-28.34],[27.07,-28.33],[27.07,-28.32],[27.07,-28.3],[27.09,-28.29],[27.09,-28.28],[27.09,-28.27],[27.1,-28.28],[27.12,-28.26],[27.13,-28.26],[27.12,-28.26],[27.12,-28.27],[27.11,-28.28],[27.13,-28.28],[27.14,-28.28],[27.14,-28.27],[27.15,-28.27],[27.15,-28.26],[27.16,-28.27],[27.17,-28.27],[27.19,-28.26],[27.22,-28.25],[27.23,-28.24],[27.24,-28.25],[27.25,-28.26],[27.25,-28.27],[27.26,-28.27],[27.26,-28.28],[27.27,-28.28],[27.28,-28.28],[27.29,-28.27],[27.3,-28.27],[27.3,-28.26],[27.31,-28.26],[27.32,-28.27],[27.32,-28.24],[27.33,-28.23],[27.34,-28.23],[27.35,-28.22],[27.36,-28.22],[27.38,-28.22],[27.39,-28.21],[27.39,-28.22],[27.39,-28.24],[27.4,-28.24],[27.41,-28.24],[27.42,-28.24],[27.43,-28.24],[27.45,-28.24],[27.45,-28.25],[27.46,-28.25],[27.46,-28.26],[27.47,-28.26],[27.47,-28.27],[27.48,-28.27],[27.48,-28.26],[27.48,-28.25],[27.49,-28.25],[27.5,-28.25],[27.5,-28.26],[27.5,-28.27],[27.51,-28.27],[27.52,-28.27],[27.53,-28.27],[27.54,-28.27],[27.55,-28.27],[27.55,-28.28],[27.56,-28.28],[27.57,-28.28],[27.58,-28.28],[27.59,-28.27],[27.6,-28.26],[27.61,-28.27],[27.62,-28.25],[27.61,-28.24],[27.61,-28.22],[27.61,-28.21],[27.6,-28.19],[27.6,-28.18],[27.61,-28.17],[27.62,-28.17],[27.63,-28.17],[27.63,-28.18],[27.64,-28.18],[27.64,-28.19],[27.65,-28.19],[27.66,-28.18],[27.66,-28.19],[27.66,-28.17],[27.66,-28.16],[27.66,-28.15],[27.65,-28.13],[27.66,-28.13],[27.69,-28.12],[27.69,-28.11],[27.69,-28.1],[27.68,-28.09],[27.67,-28.08],[27.66,-28.07],[27.65,-28.06],[27.66,-28.06],[27.67,-28.05],[27.68,-28.05],[27.69,-28.05],[27.69,-28.04],[27.7,-28.04],[27.7,-28.03],[27.7,-28.02],[27.7,-28.01],[27.7,-28.0],[27.72,-27.98],[27.7,-27.98],[27.71,-27.98],[27.71,-27.97],[27.72,-27.96],[27.73,-27.96],[27.73,-27.95],[27.73,-27.94],[27.74,-27.93],[27.75,-27.92],[27.75,-27.91],[27.76,-27.91],[27.76,-27.9],[27.76,-27.91],[27.77,-27.91],[27.76,-27.91],[27.77,-27.91],[27.78,-27.91],[27.79,-27.91],[27.79,-27.92],[27.79,-27.93],[27.8,-27.93],[27.8,-27.94],[27.8,-27.95],[27.81,-27.95],[27.82,-27.94],[27.82,-27.93],[27.84,-27.93],[27.87,-27.93],[27.87,-27.92],[27.87,-27.91],[27.87,-27.9],[27.87,-27.89],[27.87,-27.87],[27.86,-27.85],[27.86,-27.83],[27.86,-27.82],[27.86,-27.8],[27.86,-27.79],[27.86,-27.78],[27.86,-27.77],[27.85,-27.76],[27.85,-27.75],[27.85,-27.74],[27.84,-27.73],[27.84,-27.72],[27.84,-27.71],[27.84,-27.7],[27.84,-27.69],[27.84,-27.68],[27.84,-27.67],[27.85,-27.67],[27.86,-27.66],[27.88,-27.66],[27.88,-27.65],[27.88,-27.64],[27.9,-27.64],[27.92,-27.64],[27.93,-27.64],[27.94,-27.64],[27.95,-27.64],[27.97,-27.64],[27.97,-27.63],[27.98,-27.63],[27.99,-27.63],[27.99,-27.62],[27.98,-27.61],[27.99,-27.61],[27.99,-27.6],[28.0,-27.59],[28.01,-27.58],[28.01,-27.56],[28.02,-27.56],[28.04,-27.56],[28.05,-27.56],[28.06,-27.56],[28.06,-27.58],[28.07,-27.57],[28.08,-27.56],[28.09,-27.55],[28.1,-27.53],[28.11,-27.53],[28.12,-27.53],[28.12,-27.52],[28.13,-27.52],[28.14,-27.52],[28.15,-27.51],[28.16,-27.5],[28.17,-27.5],[28.17,-27.49],[28.18,-27.49],[28.19,-27.48],[28.19,-27.49],[28.19,-27.5],[28.21,-27.5],[28.22,-27.49],[28.22,-27.5],[28.23,-27.5],[28.23,-27.49],[28.25,-27.5],[28.25,-27.51],[28.25,-27.52],[28.25,-27.53],[28.26,-27.53],[28.26,-27.54],[28.26,-27.56],[28.26,-27.57],[28.27,-27.57],[28.28,-27.57],[28.28,-27.56],[28.29,-27.55],[28.29,-27.54],[28.3,-27.55],[28.31,-27.55],[28.32,-27.55],[28.33,-27.54],[28.34,-27.54],[28.35,-27.54],[28.35,-27.53],[28.36,-27.53],[28.37,-27.52],[28.38,-27.52],[28.39,-27.52],[28.4,-27.52],[28.41,-27.51],[28.43,-27.51],[28.45,-27.51],[28.45,-27.52],[28.46,-27.52],[28.46,-27.53],[28.47,-27.53],[28.47,-27.54],[28.47,-27.55],[28.47,-27.56],[28.47,-27.57],[28.48,-27.57],[28.49,-27.57],[28.49,-27.58],[28.5,-27.59],[28.51,-27.6],[28.52,-27.59],[28.52,-27.58],[28.53,-27.59],[28.54,-27.58],[28.55,-27.58],[28.55,-27.57],[28.55,-27.56],[28.55,-27.55],[28.56,-27.54],[28.57,-27.54],[28.57,-27.55],[28.57,-27.56],[28.58,-27.56],[28.59,-27.57],[28.6,-27.56],[28.61,-27.58],[28.62,-27.59],[28.61,-27.59],[28.61,-27.6],[28.6,-27.6],[28.61,-27.6],[28.62,-27.61],[28.63,-27.61],[28.64,-27.6],[28.65,-27.6],[28.66,-27.59],[28.67,-27.58],[28.68,-27.58],[28.67,-27.59],[28.69,-27.59],[28.7,-27.59],[28.74,-27.6],[28.74,-27.59],[28.74,-27.58],[28.74,-27.57],[28.75,-27.57],[28.75,-27.56],[28.74,-27.56],[28.74,-27.55],[28.74,-27.54],[28.75,-27.54],[28.75,-27.53],[28.77,-27.53],[28.77,-27.52],[28.77,-27.5],[28.77,-27.48],[28.78,-27.47],[28.79,-27.46],[28.8,-27.46],[28.82,-27.47],[28.84,-27.48],[28.83,-27.45],[28.86,-27.45],[28.87,-27.43],[28.88,-27.44],[28.89,-27.42],[28.89,-27.41],[28.9,-27.41],[28.91,-27.41],[28.92,-27.42],[28.93,-27.41],[28.93,-27.4],[28.92,-27.38],[28.92,-27.35],[28.93,-27.3],[28.94,-27.29],[28.95,-27.28],[28.96,-27.28],[28.97,-27.28],[28.96,-27.26],[28.97,-27.26],[28.98,-27.25],[28.98,-27.26],[29.0,-27.26],[29.0,-27.25],[29.01,-27.25],[28.98,-27.24],[28.99,-27.23],[28.99,-27.22],[28.98,-27.22],[28.98,-27.21],[29.0,-27.18],[29.0,-27.17],[29.01,-27.17],[29.0,-27.15],[29.01,-27.11],[29.0,-27.11],[29.0,-27.08],[29.0,-27.07],[29.0,-27.05],[29.01,-27.03],[29.02,-27.01],[29.02,-27.02],[29.03,-27.02],[29.03,-27.03],[29.04,-27.03],[29.04,-27.02],[29.04,-27.01],[29.04,-27.0],[29.05,-27.0],[29.05,-27.01],[29.06,-27.01],[29.06,-27.02],[29.06,-27.03],[29.05,-27.03],[29.05,-27.04],[29.06,-27.04],[29.07,-27.04],[29.06,-27.04],[29.06,-27.05],[29.07,-27.05],[29.07,-27.06],[29.07,-27.07],[29.07,-27.06],[29.07,-27.07],[29.07,-27.06],[29.07,-27.07],[29.06,-27.07],[29.06,-27.08],[29.06,-27.09],[29.06,-27.08],[29.07,-27.08],[29.07,-27.09],[29.08,-27.09],[29.08,-27.1],[29.08,-27.11],[29.09,-27.11],[29.09,-27.12],[29.1,-27.12],[29.1,-27.13],[29.11,-27.13],[29.1,-27.13],[29.1,-27.14],[29.11,-27.14],[29.11,-27.15],[29.11,-27.16],[29.11,-27.17],[29.12,-27.17],[29.13,-27.17],[29.13,-27.16],[29.14,-27.16],[29.14,-27.15],[29.15,-27.15],[29.16,-27.15],[29.16,-27.14],[29.16,-27.15],[29.16,-27.14],[29.17,-27.14],[29.18,-27.15],[29.18,-27.14],[29.18,-27.15],[29.18,-27.14],[29.19,-27.14],[29.2,-27.14],[29.21,-27.14],[29.21,-27.15],[29.22,-27.15],[29.22,-27.14],[29.22,-27.15],[29.23,-27.15],[29.23,-27.16],[29.23,-27.17],[29.24,-27.17],[29.24,-27.18],[29.23,-27.18],[29.24,-27.18],[29.24,-27.19],[29.24,-27.18],[29.24,-27.19],[29.25,-27.19],[29.26,-27.19],[29.26,-27.18],[29.26,-27.19],[29.27,-27.19],[29.27,-27.18],[29.27,-27.19],[29.27,-27.2],[29.27,-27.19],[29.27,-27.2],[29.27,-27.19],[29.28,-27.19],[29.28,-27.2],[29.29,-27.2],[29.29,-27.19],[29.28,-27.19],[29.29,-27.19],[29.28,-27.19],[29.29,-27.19],[29.29,-27.2],[29.3,-27.2],[29.3,-27.21],[29.3,-27.22],[29.31,-27.22],[29.31,-27.21],[29.31,-27.22],[29.31,-27.21],[29.32,-27.21],[29.33,-27.21],[29.33,-27.2],[29.33,-27.21],[29.34,-27.21],[29.33,-27.21],[29.33,-27.22],[29.34,-27.22],[29.33,-27.22],[29.34,-27.21],[29.34,-27.22],[29.33,-27.22],[29.33,-27.23],[29.34,-27.23],[29.33,-27.23],[29.34,-27.23],[29.34,-27.24],[29.33,-27.24],[29.34,-27.24],[29.33,-27.24],[29.33,-27.25],[29.33,-27.26],[29.34,-27.26],[29.34,-27.25],[29.35,-27.25],[29.36,-27.25],[29.37,-27.25],[29.38,-27.25],[29.39,-27.25],[29.39,-27.24],[29.4,-27.24],[29.4,-27.25],[29.41,-27.25],[29.42,-27.25],[29.42,-27.26],[29.42,-27.25],[29.42,-27.26],[29.43,-27.26],[29.42,-27.26],[29.42,-27.25],[29.43,-27.25],[29.43,-27.26],[29.44,-27.26],[29.44,-27.27],[29.45,-27.27],[29.45,-27.28],[29.45,-27.27],[29.45,-27.28],[29.46,-27.28],[29.45,-27.28],[29.46,-27.28],[29.46,-27.29],[29.47,-27.29],[29.47,-27.3],[29.47,-27.31],[29.47,-27.32],[29.47,-27.33],[29.48,-27.33],[29.49,-27.33],[29.49,-27.34],[29.48,-27.34],[29.49,-27.34],[29.49,-27.35],[29.48,-27.35],[29.49,-27.35],[29.48,-27.35],[29.48,-27.36],[29.49,-27.36],[29.5,-27.36],[29.51,-27.37],[29.51,-27.38],[29.52,-27.38],[29.53,-27.38],[29.53,-27.39],[29.54,-27.39],[29.54,-27.4],[29.55,-27.4],[29.55,-27.41],[29.55,-27.42],[29.54,-27.42],[29.55,-27.42],[29.55,-27.43],[29.56,-27.43],[29.56,-27.44],[29.57,-27.44],[29.57,-27.45],[29.58,-27.45],[29.58,-27.46],[29.59,-27.46],[29.59,-27.47],[29.6,-27.47],[29.6,-27.48],[29.6,-27.49],[29.61,-27.49],[29.6,-27.49],[29.6,-27.5],[29.61,-27.5],[29.62,-27.5],[29.62,-27.51],[29.63,-27.51],[29.63,-27.5],[29.64,-27.5],[29.65,-27.5],[29.66,-27.5],[29.67,-27.5],[29.68,-27.5],[29.69,-27.5],[29.69,-27.49],[29.7,-27.49],[29.71,-27.49],[29.7,-27.49],[29.71,-27.49],[29.71,-27.48],[29.7,-27.48],[29.7,-27.47],[29.7,-27.46],[29.7,-27.45],[29.71,-27.45],[29.71,-27.44],[29.72,-27.44],[29.72,-27.43],[29.73,-27.43],[29.74,-27.43],[29.75,-27.43],[29.75,-27.44],[29.76,-27.44],[29.74,-27.45],[29.72,-27.46],[29.71,-27.46],[29.7,-27.47],[29.71,-27.47],[29.71,-27.48],[29.72,-27.48],[29.73,-27.49],[29.72,-27.49],[29.71,-27.5],[29.71,-27.51],[29.71,-27.52],[29.72,-27.52],[29.74,-27.52],[29.74,-27.53],[29.75,-27.53],[29.75,-27.52],[29.75,-27.53],[29.76,-27.53],[29.76,-27.54],[29.77,-27.54],[29.77,-27.55],[29.78,-27.56],[29.78,-27.57],[29.78,-27.58],[29.78,-27.59],[29.79,-27.6],[29.78,-27.6],[29.77,-27.6],[29.76,-27.6],[29.75,-27.61],[29.74,-27.61],[29.73,-27.61],[29.73,-27.62],[29.72,-27.62],[29.72,-27.63],[29.71,-27.63],[29.7,-27.64],[29.69,-27.64],[29.68,-27.64],[29.67,-27.65],[29.67,-27.66],[29.67,-27.67],[29.68,-27.68],[29.69,-27.68],[29.69,-27.69],[29.69,-27.7],[29.7,-27.7],[29.71,-27.7],[29.71,-27.71],[29.71,-27.72],[29.71,-27.73],[29.71,-27.74],[29.7,-27.75],[29.71,-27.75],[29.71,-27.76],[29.7,-27.76],[29.7,-27.77],[29.71,-27.77],[29.71,-27.78],[29.72,-27.78],[29.72,-27.79],[29.71,-27.79],[29.71,-27.8],[29.72,-27.8],[29.73,-27.8],[29.73,-27.81],[29.72,-27.81],[29.71,-27.82],[29.7,-27.82],[29.7,-27.83],[29.69,-27.83],[29.69,-27.84],[29.7,-27.84],[29.7,-27.85],[29.7,-27.86],[29.69,-27.86],[29.69,-27.87],[29.69,-27.88],[29.68,-27.88],[29.68,-27.89],[29.69,-27.89],[29.69,-27.9],[29.68,-27.9],[29.68,-27.91],[29.67,-27.92],[29.66,-27.92],[29.65,-27.92],[29.66,-27.92],[29.66,-27.93],[29.66,-27.94],[29.67,-27.94],[29.67,-27.95],[29.68,-27.95],[29.68,-27.96],[29.67,-27.96],[29.66,-27.96],[29.65,-27.96],[29.65,-27.97],[29.64,-27.98],[29.64,-27.99],[29.64,-28.0],[29.64,-28.02],[29.62,-28.04],[29.62,-28.05],[29.63,-28.07],[29.66,-28.09],[29.65,-28.1],[29.66,-28.12],[29.66,-28.13],[29.65,-28.14],[29.66,-28.14],[29.66,-28.15],[29.66,-28.16],[29.66,-28.17],[29.66,-28.18],[29.65,-28.18],[29.64,-28.18],[29.63,-28.18],[29.63,-28.19],[29.62,-28.19],[29.62,-28.2],[29.61,-28.21],[29.61,-28.22],[29.62,-28.22],[29.62,-28.23],[29.62,-28.24],[29.61,-28.24],[29.6,-28.25],[29.56,-28.26],[29.56,-28.25],[29.55,-28.25],[29.54,-28.25],[29.53,-28.26],[29.52,-28.26],[29.51,-28.26],[29.51,-28.27],[29.5,-28.27],[29.49,-28.27],[29.48,-28.27],[29.48,-28.28],[29.48,-28.29],[29.47,-28.29],[29.47,-28.3],[29.46,-28.3],[29.46,-28.31],[29.45,-28.31],[29.45,-28.32],[29.44,-28.32],[29.44,-28.33],[29.43,-28.33],[29.43,-28.34],[29.43,-28.35],[29.42,-28.35],[29.42,-28.36],[29.42,-28.37],[29.41,-28.38],[29.4,-28.37],[29.39,-28.37],[29.38,-28.37],[29.37,-28.37],[29.37,-28.38],[29.36,-28.38],[29.36,-28.39],[29.35,-28.39],[29.34,-28.4],[29.33,-28.4],[29.32,-28.41],[29.32,-28.42],[29.32,-28.43],[29.31,-28.43],[29.3,-28.43],[29.3,-28.44],[29.29,-28.44],[29.28,-28.44],[29.28,-28.43],[29.27,-28.43],[29.26,-28.43],[29.25,-28.43],[29.25,-28.42],[29.24,-28.44],[29.24,-28.45],[29.23,-28.46],[29.22,-28.46],[29.22,-28.47],[29.21,-28.48],[29.2,-28.48],[29.19,-28.49],[29.19,-28.5],[29.2,-28.5],[29.2,-28.51],[29.21,-28.51],[29.21,-28.52],[29.22,-28.52],[29.21,-28.52],[29.21,-28.53],[29.2,-28.54],[29.2,-28.55],[29.19,-28.54],[29.18,-28.54],[29.17,-28.53],[29.16,-28.54],[29.16,-28.55],[29.15,-28.55],[29.15,-28.56],[29.14,-28.57],[29.12,-28.56],[29.11,-28.55],[29.1,-28.55],[29.09,-28.55],[29.08,-28.55],[29.07,-28.55],[29.05,-28.56],[29.04,-28.56],[29.03,-28.56],[29.02,-28.56],[29.01,-28.57],[29.0,-28.57],[28.98,-28.57],[28.97,-28.57],[28.96,-28.6],[28.97,-28.61],[28.96,-28.61],[28.95,-28.61],[28.95,-28.62],[28.94,-28.62],[28.94,-28.63],[28.94,-28.64],[28.94,-28.65],[28.93,-28.66],[28.92,-28.66],[28.92,-28.67],[28.91,-28.67],[28.91,-28.68],[28.91,-28.69],[28.9,-28.69],[28.9,-28.7],[28.9,-28.71],[28.9,-28.72],[28.9,-28.73],[28.89,-28.74],[28.89,-28.75],[28.88,-28.75],[28.88,-28.76],[28.87,-28.77],[28.87,-28.76],[28.86,-28.76],[28.85,-28.76],[28.84,-28.76],[28.83,-28.76],[28.83,-28.77],[28.82,-28.77],[28.82,-28.78],[28.81,-28.77],[28.81,-28.76],[28.8,-28.76],[28.8,-28.75],[28.8,-28.74],[28.8,-28.73],[28.81,-28.73],[28.81,-28.72],[28.81,-28.71],[28.8,-28.71],[28.8,-28.7],[28.79,-28.7],[28.78,-28.7],[28.77,-28.7],[28.77,-28.69],[28.76,-28.69],[28.75,-28.69],[28.75,-28.68],[28.75,-28.69],[28.74,-28.69],[28.73,-28.69],[28.73,-28.68],[28.72,-28.68],[28.71,-28.68],[28.71,-28.67],[28.7,-28.67],[28.71,-28.67],[28.71,-28.66],[28.7,-28.66],[28.71,-28.65],[28.7,-28.65],[28.7,-28.64],[28.69,-28.64],[28.7,-28.64],[28.7,-28.63],[28.7,-28.62],[28.7,-28.61],[28.69,-28.61],[28.69,-28.6],[28.68,-28.6],[28.68,-28.59],[28.67,-28.59],[28.67,-28.58],[28.66,-28.58],[28.67,-28.58],[28.66,-28.58],[28.66,-28.57],[28.65,-28.57],[28.64,-28.57],[28.65,-28.57],[28.64,-28.57],[28.64,-28.58],[28.64,-28.57],[28.64,-28.58],[28.64,-28.57],[28.64,-28.58],[28.64,-28.57],[28.64,-28.58],[28.64,-28.57],[28.64,-28.58],[28.63,-28.58],[28.62,-28.58],[28.62,-28.59],[28.61,-28.59],[28.61,-28.6],[28.6,-28.6],[28.59,-28.6],[28.59,-28.61],[28.58,-28.61],[28.58,-28.6],[28.58,-28.61],[28.57,-28.61],[28.56,-28.61],[28.56,-28.6],[28.55,-28.6],[28.55,-28.61],[28.54,-28.61],[28.54,-28.6],[28.54,-28.61],[28.53,-28.61],[28.53,-28.6],[28.52,-28.6],[28.52,-28.61],[28.51,-28.61],[28.51,-28.62],[28.5,-28.62],[28.5,-28.61],[28.49,-28.61],[28.48,-28.61],[28.47,-28.61],[28.46,-28.61],[28.46,-28.62],[28.45,-28.62],[28.44,-28.62],[28.43,-28.62],[28.43,-28.63],[28.43,-28.62],[28.42,-28.62],[28.42,-28.63],[28.41,-28.63],[28.41,-28.62],[28.4,-28.62],[28.4,-28.63],[28.4,-28.64],[28.4,-28.65],[28.39,-28.65],[28.39,-28.64],[28.39,-28.65],[28.39,-28.66],[28.38,-28.66],[28.37,-28.66],[28.37,-28.67],[28.37,-28.68],[28.37,-28.69],[28.36,-28.69],[28.36,-28.7],[28.36,-28.69],[28.36,-28.7],[28.35,-28.7],[28.34,-28.7],[28.34,-28.69],[28.34,-28.7],[28.33,-28.7],[28.33,-28.71],[28.33,-28.7],[28.32,-28.7],[28.31,-28.7],[28.31,-28.69],[28.3,-28.69],[28.3,-28.7],[28.3,-28.71],[28.3,-28.7],[28.3,-28.71],[28.3,-28.7],[28.29,-28.7],[28.29,-28.71],[28.3,-28.71],[28.29,-28.71],[28.28,-28.71],[28.27,-28.71],[28.26,-28.71],[28.26,-28.7],[28.25,-28.7],[28.24,-28.7],[28.23,-28.7],[28.22,-28.7],[28.21,-28.7],[28.21,-28.71],[28.2,-28.71],[28.19,-28.71],[28.19,-28.7],[28.19,-28.69],[28.18,-28.69],[28.18,-28.7],[28.19,-28.7],[28.18,-28.7],[28.18,-28.71],[28.17,-28.71],[28.16,-28.71],[28.16,-28.72],[28.16,-28.73],[28.16,-28.72],[28.16,-28.73],[28.15,-28.73],[28.15,-28.72],[28.15,-28.73],[28.14,-28.73],[28.14,-28.74],[28.14,-28.73],[28.14,-28.74],[28.13,-28.74],[28.13,-28.75],[28.12,-28.74],[28.12,-28.75],[28.12,-28.76],[28.11,-28.76],[28.11,-28.77],[28.1,-28.77],[28.1,-28.78],[28.09,-28.78],[28.1,-28.78],[28.1,-28.79],[28.09,-28.79],[28.08,-28.79],[28.09,-28.79],[28.09,-28.8],[28.08,-28.8],[28.08,-28.81],[28.08,-28.82],[28.07,-28.82],[28.07,-28.81],[28.06,-28.81],[28.06,-28.82],[28.05,-28.82],[28.05,-28.83],[28.05,-28.84],[28.04,-28.85],[28.03,-28.85],[28.03,-28.86],[28.03,-28.85],[28.03,-28.86],[28.02,-28.86],[28.03,-28.86],[28.03,-28.87],[28.03,-28.88],[28.03,-28.87],[28.02,-28.87],[28.02,-28.88],[28.01,-28.88],[28.01,-28.87],[28.0,-28.87],[28.0,-28.88],[28.0,-28.87],[27.99,-28.87],[27.99,-28.88],[27.98,-28.88],[27.98,-28.87],[27.97,-28.87],[27.96,-28.87],[27.96,-28.86],[27.95,-28.86],[27.95,-28.85],[27.94,-28.85],[27.93,-28.85],[27.93,-28.86],[27.92,-28.86],[27.92,-28.87],[27.92,-28.88],[27.91,-28.88],[27.9,-28.88],[27.89,-28.88],[27.89,-28.89],[27.9,-28.89],[27.9,-28.9],[27.9,-28.91],[27.89,-28.91],[27.89,-28.92],[27.88,-28.92],[27.88,-28.91],[27.88,-28.92],[27.87,-28.92],[27.86,-28.92],[27.86,-28.91],[27.85,-28.91],[27.85,-28.9],[27.85,-28.91],[27.84,-28.91],[27.84,-28.92],[27.84,-28.91],[27.83,-28.91],[27.83,-28.9],[27.83,-28.91],[27.82,-28.91],[27.82,-28.92],[27.81,-28.92],[27.8,-28.92],[27.79,-28.92],[27.79,-28.91],[27.78,-28.91],[27.77,-28.91],[27.77,-28.9],[27.76,-28.9],[27.75,-28.9],[27.75,-28.91],[27.76,-28.91],[27.77,-28.91],[27.77,-28.92],[27.76,-28.93],[27.76,-28.94],[27.75,-28.94],[27.74,-28.94],[27.75,-28.94],[27.74,-28.94],[27.73,-28.94],[27.73,-28.95],[27.72,-28.95],[27.73,-28.95],[27.73,-28.96],[27.72,-28.96],[27.72,-28.97],[27.73,-28.97],[27.72,-28.97],[27.72,-28.98],[27.71,-28.98],[27.71,-28.99],[27.72,-28.99],[27.72,-29.0],[27.71,-29.0],[27.72,-29.0],[27.72,-29.01],[27.71,-29.01],[27.7,-29.01],[27.69,-29.01],[27.69,-29.0],[27.68,-29.0],[27.68,-29.01],[27.68,-29.02],[27.69,-29.02],[27.69,-29.03],[27.68,-29.02],[27.68,-29.03],[27.67,-29.03],[27.68,-29.03],[27.68,-29.04],[27.67,-29.04],[27.67,-29.05],[27.66,-29.05],[27.65,-29.05],[27.65,-29.04],[27.64,-29.04],[27.64,-29.05],[27.64,-29.06],[27.65,-29.06],[27.66,-29.06],[27.67,-29.06],[27.67,-29.07],[27.68,-29.07],[27.67,-29.07],[27.68,-29.07],[27.68,-29.08],[27.67,-29.08],[27.66,-29.08],[27.66,-29.09],[27.66,-29.08],[27.65,-29.08],[27.64,-29.08],[27.64,-29.09],[27.65,-29.09],[27.65,-29.1],[27.65,-29.11],[27.65,-29.12],[27.64,-29.12],[27.64,-29.11],[27.63,-29.12],[27.64,-29.12],[27.64,-29.13],[27.63,-29.13],[27.62,-29.13],[27.62,-29.14],[27.62,-29.13],[27.61,-29.13],[27.61,-29.14],[27.6,-29.14],[27.61,-29.14],[27.61,-29.15],[27.62,-29.15],[27.62,-29.16],[27.61,-29.16],[27.61,-29.17],[27.6,-29.17],[27.59,-29.17],[27.58,-29.17],[27.58,-29.18],[27.57,-29.18],[27.57,-29.19],[27.56,-29.19],[27.55,-29.19],[27.55,-29.2],[27.54,-29.2],[27.54,-29.21],[27.54,-29.22],[27.53,-29.22],[27.52,-29.22],[27.51,-29.22],[27.51,-29.23],[27.52,-29.23],[27.52,-29.24],[27.53,-29.24],[27.54,-29.24],[27.55,-29.24],[27.55,-29.25],[27.54,-29.25],[27.54,-29.26],[27.53,-29.26],[27.53,-29.27],[27.52,-29.27],[27.52,-29.28],[27.51,-29.28],[27.5,-29.28],[27.49,-29.28],[27.49,-29.29],[27.49,-29.3],[27.48,-29.3],[27.48,-29.29],[27.47,-29.29],[27.47,-29.3],[27.47,-29.29],[27.46,-29.29],[27.46,-29.3],[27.45,-29.3],[27.46,-29.3],[27.46,-29.31],[27.47,-29.31],[27.47,-29.32],[27.46,-29.32],[27.46,-29.33],[27.45,-29.33],[27.44,-29.33],[27.44,-29.34],[27.43,-29.34],[27.44,-29.34],[27.44,-29.35],[27.43,-29.35],[27.44,-29.36],[27.44,-29.37],[27.43,-29.37],[27.42,-29.37],[27.41,-29.37],[27.41,-29.36],[27.41,-29.37],[27.41,-29.38],[27.42,-29.38],[27.42,-29.39],[27.42,-29.4],[27.42,-29.41],[27.41,-29.41],[27.4,-29.41],[27.39,-29.41],[27.39,-29.42],[27.39,-29.43],[27.38,-29.43],[27.38,-29.44],[27.37,-29.44],[27.37,-29.45],[27.36,-29.45],[27.36,-29.46],[27.36,-29.47],[27.36,-29.48],[27.36,-29.49],[27.35,-29.49],[27.34,-29.49],[27.34,-29.48],[27.33,-29.48],[27.32,-29.48],[27.32,-29.49],[27.31,-29.49],[27.31,-29.5],[27.3,-29.5],[27.31,-29.5],[27.31,-29.51],[27.3,-29.51],[27.3,-29.52],[27.3,-29.53],[27.31,-29.53],[27.3,-29.53],[27.29,-29.53],[27.28,-29.53],[27.27,-29.53],[27.26,-29.53],[27.26,-29.54],[27.25,-29.54],[27.26,-29.54],[27.26,-29.55],[27.25,-29.55],[27.24,-29.55],[27.23,-29.55],[27.23,-29.54],[27.22,-29.54],[27.22,-29.55],[27.21,-29.55],[27.21,-29.56],[27.21,-29.57],[27.2,-29.57],[27.19,-29.57],[27.18,-29.57],[27.18,-29.56],[27.17,-29.56],[27.16,-29.56],[27.15,-29.56],[27.15,-29.57],[27.14,-29.57],[27.14,-29.58],[27.14,-29.57],[27.13,-29.57],[27.12,-29.56],[27.11,-29.55],[27.08,-29.56],[27.07,-29.55],[27.07,-29.54],[27.06,-29.52],[27.04,-29.53],[27.02,-29.53],[27.01,-29.52],[27.0,-29.52],[26.99,-29.51],[26.99,-29.5],[26.98,-29.49],[26.98,-29.48],[26.99,-29.47],[27.0,-29.46],[26.99,-29.46],[26.98,-29.44],[26.96,-29.43],[26.98,-29.42],[26.99,-29.41],[27.0,-29.4],[27.01,-29.4],[27.02,-29.4],[27.03,-29.4],[27.04,-29.42],[27.05,-29.43],[27.06,-29.43],[27.07,-29.44],[27.07,-29.43],[27.08,-29.42],[27.08,-29.41],[27.09,-29.39],[27.08,-29.38],[27.07,-29.37],[27.07,-29.36],[27.06,-29.36],[27.06,-29.35],[27.05,-29.34],[27.02,-29.36],[27.02,-29.37],[27.02,-29.38],[27.01,-29.38],[27.0,-29.38],[26.99,-29.38],[26.98,-29.37],[26.97,-29.38],[26.96,-29.38],[26.96,-29.36],[26.96,-29.35],[26.95,-29.34],[26.94,-29.33],[26.94,-29.32],[26.93,-29.32],[26.94,-29.32],[26.95,-29.29],[26.96,-29.28],[26.96,-29.27],[26.96,-29.26],[26.94,-29.26],[26.93,-29.26],[26.94,-29.24],[26.92,-29.23],[26.92,-29.22],[26.92,-29.21],[26.92,-29.2],[26.92,-29.19],[26.92,-29.18],[26.93,-29.17],[26.94,-29.17],[26.95,-29.17],[26.95,-29.16],[26.96,-29.16],[26.96,-29.15],[26.97,-29.14],[26.99,-29.13],[27.01,-29.13],[27.01,-29.12],[27.01,-29.11],[27.0,-29.11],[27.02,-29.08],[27.03,-29.08],[27.04,-29.09],[27.05,-29.07],[27.04,-29.06],[27.04,-29.05],[27.03,-29.06],[27.03,-29.05],[27.02,-29.04],[27.01,-29.04],[26.99,-29.02],[26.96,-29.02],[26.96,-29.01],[26.95,-29.01],[26.95,-28.99],[26.94,-28.98],[26.94,-28.96],[26.94,-28.95],[26.95,-28.94],[26.93,-28.93],[26.91,-28.92],[26.9,-28.93],[26.89,-28.93],[26.86,-28.93],[26.85,-28.93],[26.84,-28.93],[26.82,-28.93]]]]},"properties":{"name":"Thabo Mofutsanyana District"}},{"type":"Feature","geometry":{"type":"MultiPolygon","coordinates":[[[[29.57,-30.66],[29.57,-30.65],[29.58,-30.65],[29.58,-30.64],[29.59,-30.62],[29.6,-30.6],[29.61,-30.59],[29.62,-30.58],[29.63,-30.58],[29.63,-30.57],[29.64,-30.57],[29.64,-30.56],[29.65,-30.55],[29.65,-30.54],[29.65,-30.53],[29.65,-30.52],[29.66,-30.52],[29.67,-30.52],[29.69,-30.52],[29.7,-30.52],[29.71,-30.52],[29.72,-30.51],[29.73,-30.52],[29.74,-30.52],[29.75,-30.52],[29.76,-30.51],[29.77,-30.51],[29.78,-30.51],[29.79,-30.51],[29.79,-30.52],[29.8,-30.52],[29.8,-30.53],[29.81,-30.53],[29.81,-30.54],[29.81,-30.53],[29.82,-30.53],[29.82,-30.54],[29.83,-30.54],[29.84,-30.54],[29.85,-30.54],[29.86,-30.54],[29.86,-30.55],[29.86,-30.56],[29.87,-30.56],[29.88,-30.56],[29.89,-30.56],[29.9,-30.56],[29.91,-30.55],[29.92,-30.55],[29.93,-30.56],[29.93,-30.57],[29.94,-30.57],[29.94,-30.58],[29.95,-30.58],[29.95,-30.59],[29.95,-30.58],[29.96,-30.58],[29.96,-30.57],[29.95,-30.57],[29.96,-30.57],[29.95,-30.57],[29.96,-30.57],[29.96,-30.56],[29.97,-30.56],[29.97,-30.55],[29.98,-30.55],[29.99,-30.55],[29.99,-30.54],[30.0,-30.54],[30.0,-30.53],[29.99,-30.53],[30.0,-30.53],[30.0,-30.52],[30.0,-30.51],[30.0,-30.5],[30.0,-30.49],[30.01,-30.49],[30.01,-30.48],[30.02,-30.48],[30.02,-30.47],[30.03,-30.47],[30.04,-30.47],[30.05,-30.47],[30.06,-30.47],[30.06,-30.46],[30.05,-30.46],[30.05,-30.45],[30.04,-30.44],[30.04,-30.43],[30.05,-30.43],[30.05,-30.44],[30.06,-30.44],[30.06,-30.45],[30.07,-30.45],[30.08,-30.45],[30.08,-30.44],[30.08,-30.43],[30.09,-30.43],[30.09,-30.42],[30.1,-30.42],[30.11,-30.42],[30.11,-30.43],[30.12,-30.43],[30.12,-30.42],[30.12,-30.41],[30.11,-30.41],[30.11,-30.4],[30.12,-30.4],[30.13,-30.4],[30.14,-30.4],[30.15,-30.4],[30.16,-30.4],[30.17,-30.4],[30.18,-30.4],[30.19,-30.4],[30.2,-30.4],[30.21,-30.4],[30.21,-30.39],[30.22,-30.39],[30.23,-30.39],[30.23,-30.38],[30.24,-30.38],[30.24,-30.37],[30.25,-30.37],[30.26,-30.37],[30.26,-30.36],[30.27,-30.37],[30.28,-30.37],[30.29,-30.38],[30.3,-30.37],[30.3,-30.36],[30.3,-30.35],[30.31,-30.35],[30.32,-30.33],[30.33,-30.33],[30.34,-30.3],[30.35,-30.29],[30.35,-30.28],[30.36,-30.27],[30.36,-30.26],[30.36,-30.25],[30.37,-30.25],[30.38,-30.25],[30.38,-30.24],[30.38,-30.22],[30.39,-30.21],[30.39,-30.2],[30.4,-30.2],[30.4,-30.21],[30.4,-30.2],[30.4,-30.21],[30.41,-30.21],[30.41,-30.2],[30.42,-30.2],[30.42,-30.19],[30.41,-30.19],[30.42,-30.19],[30.43,-30.19],[30.43,-30.18],[30.44,-30.18],[30.44,-30.17],[30.43,-30.17],[30.43,-30.16],[30.42,-30.16],[30.43,-30.16],[30.42,-30.16],[30.42,-30.15],[30.42,-30.14],[30.42,-30.13],[30.44,-30.09],[30.45,-30.08],[30.45,-30.09],[30.46,-30.09],[30.46,-30.1],[30.47,-30.1],[30.48,-30.1],[30.48,-30.11],[30.48,-30.1],[30.48,-30.09],[30.49,-30.09],[30.49,-30.1],[30.5,-30.1],[30.49,-30.1],[30.49,-30.11],[30.5,-30.11],[30.51,-30.11],[30.51,-30.1],[30.51,-30.09],[30.52,-30.09],[30.53,-30.09],[30.54,-30.09],[30.54,-30.1],[30.54,-30.11],[30.55,-30.11],[30.56,-30.11],[30.56,-30.12],[30.55,-30.12],[30.55,-30.11],[30.55,-30.12],[30.54,-30.12],[30.53,-30.12],[30.54,-30.12],[30.54,-30.13],[30.55,-30.13],[30.56,-30.13],[30.56,-30.14],[30.57,-30.14],[30.58,-30.14],[30.58,-30.13],[30.59,-30.13],[30.59,-30.12],[30.6,-30.12],[30.6,-30.11],[30.61,-30.11],[30.6,-30.11],[30.61,-30.1],[30.62,-30.1],[30.63,-30.1],[30.63,-30.09],[30.64,-30.09],[30.64,-30.08],[30.64,-30.07],[30.65,-30.07],[30.66,-30.07],[30.66,-30.08],[30.66,-30.09],[30.66,-30.1],[30.67,-30.09],[30.68,-30.09],[30.68,-30.08],[30.67,-30.07],[30.68,-30.07],[30.67,-30.07],[30.67,-30.06],[30.67,-30.05],[30.67,-30.04],[30.67,-30.03],[30.67,-30.02],[30.68,-30.02],[30.68,-30.03],[30.69,-30.03],[30.7,-30.03],[30.71,-30.04],[30.71,-30.03],[30.71,-30.04],[30.72,-30.04],[30.72,-30.05],[30.73,-30.05],[30.73,-30.04],[30.72,-30.04],[30.73,-30.03],[30.73,-30.02],[30.73,-30.01],[30.74,-30.01],[30.75,-30.01],[30.75,-30.02],[30.76,-30.02],[30.76,-30.01],[30.77,-30.01],[30.77,-30.02],[30.78,-30.02],[30.78,-30.01],[30.78,-30.02],[30.79,-30.03],[30.8,-30.04],[30.8,-30.05],[30.81,-30.05],[30.81,-30.06],[30.82,-30.07],[30.82,-30.08],[30.83,-30.08],[30.83,-30.09],[30.82,-30.09],[30.82,-30.1],[30.81,-30.1],[30.81,-30.11],[30.8,-30.12],[30.79,-30.12],[30.77,-30.15],[30.76,-30.15],[30.72,-30.14],[30.72,-30.15],[30.73,-30.15],[30.74,-30.15],[30.74,-30.16],[30.75,-30.16],[30.75,-30.17],[30.74,-30.17],[30.74,-30.18],[30.73,-30.18],[30.73,-30.17],[30.72,-30.17],[30.72,-30.16],[30.71,-30.16],[30.71,-30.17],[30.7,-30.17],[30.69,-30.17],[30.7,-30.18],[30.7,-30.19],[30.7,-30.2],[30.69,-30.2],[30.7,-30.2],[30.7,-30.21],[30.71,-30.21],[30.72,-30.22],[30.73,-30.22],[30.73,-30.23],[30.74,-30.23],[30.74,-30.24],[30.75,-30.24],[30.75,-30.25],[30.75,-30.26],[30.76,-30.27],[30.76,-30.26],[30.76,-30.27],[30.76,-30.28],[30.76,-30.29],[30.75,-30.29],[30.75,-30.3],[30.75,-30.31],[30.74,-30.31],[30.75,-30.31],[30.74,-30.31],[30.74,-30.32],[30.74,-30.33],[30.73,-30.33],[30.73,-30.34],[30.74,-30.34],[30.73,-30.34],[30.74,-30.34],[30.73,-30.34],[30.73,-30.35],[30.72,-30.35],[30.72,-30.36],[30.71,-30.36],[30.71,-30.37],[30.7,-30.37],[30.7,-30.38],[30.7,-30.39],[30.69,-30.39],[30.69,-30.4],[30.68,-30.4],[30.68,-30.41],[30.68,-30.42],[30.67,-30.42],[30.67,-30.43],[30.67,-30.44],[30.66,-30.44],[30.67,-30.44],[30.66,-30.44],[30.66,-30.45],[30.65,-30.45],[30.65,-30.46],[30.65,-30.47],[30.64,-30.47],[30.64,-30.48],[30.64,-30.49],[30.63,-30.49],[30.63,-30.5],[30.63,-30.51],[30.62,-30.51],[30.63,-30.51],[30.62,-30.51],[30.63,-30.51],[30.62,-30.51],[30.62,-30.52],[30.61,-30.52],[30.61,-30.53],[30.61,-30.54],[30.6,-30.54],[30.6,-30.55],[30.59,-30.55],[30.59,-30.56],[30.58,-30.56],[30.58,-30.57],[30.58,-30.58],[30.57,-30.58],[30.57,-30.59],[30.56,-30.59],[30.56,-30.6],[30.56,-30.61],[30.55,-30.61],[30.55,-30.62],[30.54,-30.62],[30.54,-30.63],[30.55,-30.63],[30.54,-30.63],[30.54,-30.64],[30.53,-30.64],[30.54,-30.64],[30.53,-30.64],[30.54,-30.64],[30.53,-30.64],[30.53,-30.65],[30.52,-30.65],[30.52,-30.66],[30.51,-30.66],[30.51,-30.67],[30.51,-30.68],[30.5,-30.68],[30.5,-30.69],[30.5,-30.7],[30.49,-30.7],[30.49,-30.71],[30.48,-30.71],[30.48,-30.72],[30.47,-30.72],[30.47,-30.73],[30.46,-30.73],[30.46,-30.74],[30.46,-30.75],[30.45,-30.75],[30.45,-30.76],[30.44,-30.76],[30.44,-30.77],[30.43,-30.77],[30.43,-30.78],[30.43,-30.79],[30.42,-30.79],[30.42,-30.8],[30.42,-30.79],[30.42,-30.8],[30.41,-30.8],[30.41,-30.81],[30.41,-30.82],[30.41,-30.83],[30.4,-30.83],[30.4,-30.84],[30.39,-30.84],[30.4,-30.84],[30.39,-30.84],[30.39,-30.85],[30.38,-30.85],[30.38,-30.86],[30.38,-30.85],[30.38,-30.86],[30.37,-30.86],[30.37,-30.87],[30.36,-30.87],[30.36,-30.88],[30.35,-30.88],[30.35,-30.89],[30.35,-30.9],[30.34,-30.9],[30.34,-30.91],[30.34,-30.9],[30.34,-30.91],[30.33,-30.91],[30.33,-30.92],[30.32,-30.92],[30.32,-30.93],[30.31,-30.93],[30.32,-30.93],[30.31,-30.93],[30.31,-30.94],[30.3,-30.94],[30.3,-30.95],[30.3,-30.96],[30.3,-30.97],[30.29,-30.97],[30.28,-30.97],[30.28,-30.98],[30.28,-30.99],[30.27,-30.99],[30.27,-31.0],[30.26,-31.0],[30.26,-31.01],[30.26,-31.02],[30.25,-31.02],[30.25,-31.03],[30.24,-31.03],[30.24,-31.04],[30.23,-31.04],[30.23,-31.05],[30.23,-31.06],[30.22,-31.06],[30.22,-31.07],[30.21,-31.07],[30.21,-31.08],[30.2,-31.08],[30.19,-31.08],[30.19,-31.07],[30.18,-31.07],[30.17,-31.06],[30.17,-31.05],[30.16,-31.05],[30.16,-31.04],[30.17,-31.04],[30.17,-31.03],[30.17,-31.02],[30.16,-31.03],[30.16,-31.02],[30.15,-31.02],[30.14,-31.02],[30.14,-31.01],[30.15,-31.01],[30.15,-31.0],[30.14,-31.0],[30.14,-30.99],[30.15,-30.99],[30.15,-30.98],[30.16,-30.98],[30.16,-30.97],[30.15,-30.97],[30.14,-30.97],[30.14,-30.96],[30.13,-30.96],[30.14,-30.96],[30.14,-30.95],[30.14,-30.94],[30.15,-30.94],[30.15,-30.93],[30.14,-30.93],[30.14,-30.92],[30.15,-30.92],[30.14,-30.92],[30.14,-30.91],[30.13,-30.91],[30.12,-30.91],[30.13,-30.91],[30.13,-30.9],[30.12,-30.9],[30.11,-30.9],[30.12,-30.9],[30.12,-30.89],[30.11,-30.89],[30.11,-30.88],[30.1,-30.88],[30.09,-30.88],[30.08,-30.88],[30.08,-30.89],[30.08,-30.88],[30.07,-30.88],[30.07,-30.87],[30.08,-30.87],[30.09,-30.87],[30.09,-30.88],[30.09,-30.87],[30.1,-30.87],[30.1,-30.86],[30.09,-30.86],[30.08,-30.86],[30.08,-30.87],[30.07,-30.87],[30.07,-30.86],[30.07,-30.85],[30.06,-30.85],[30.05,-30.85],[30.04,-30.85],[30.04,-30.84],[30.04,-30.85],[30.03,-30.85],[30.02,-30.85],[30.03,-30.85],[30.03,-30.86],[30.02,-30.86],[30.02,-30.85],[30.02,-30.84],[30.01,-30.84],[30.01,-30.83],[30.0,-30.83],[30.0,-30.84],[29.99,-30.84],[29.98,-30.84],[29.97,-30.84],[29.97,-30.83],[29.96,-30.83],[29.96,-30.82],[29.96,-30.83],[29.97,-30.83],[29.97,-30.82],[29.97,-30.81],[29.97,-30.8],[29.97,-30.81],[29.96,-30.81],[29.95,-30.81],[29.94,-30.81],[29.93,-30.81],[29.93,-30.8],[29.94,-30.8],[29.94,-30.79],[29.95,-30.79],[29.96,-30.79],[29.95,-30.79],[29.95,-30.78],[29.95,-30.77],[29.94,-30.77],[29.93,-30.77],[29.92,-30.77],[29.93,-30.77],[29.93,-30.78],[29.93,-30.79],[29.92,-30.79],[29.91,-30.79],[29.91,-30.8],[29.91,-30.79],[29.91,-30.78],[29.92,-30.78],[29.92,-30.77],[29.91,-30.77],[29.91,-30.78],[29.9,-30.78],[29.9,-30.77],[29.9,-30.78],[29.89,-30.78],[29.89,-30.77],[29.9,-30.77],[29.9,-30.76],[29.89,-30.76],[29.88,-30.76],[29.87,-30.76],[29.87,-30.75],[29.87,-30.76],[29.86,-30.76],[29.85,-30.76],[29.85,-30.75],[29.85,-30.74],[29.84,-30.74],[29.83,-30.74],[29.83,-30.73],[29.82,-30.73],[29.83,-30.73],[29.83,-30.72],[29.82,-30.72],[29.82,-30.73],[29.81,-30.73],[29.81,-30.72],[29.8,-30.72],[29.8,-30.71],[29.81,-30.71],[29.82,-30.7],[29.81,-30.7],[29.8,-30.7],[29.81,-30.7],[29.8,-30.7],[29.8,-30.71],[29.8,-30.7],[29.79,-30.7],[29.78,-30.7],[29.78,-30.71],[29.79,-30.71],[29.78,-30.71],[29.77,-30.71],[29.77,-30.72],[29.76,-30.72],[29.76,-30.71],[29.75,-30.71],[29.75,-30.72],[29.74,-30.72],[29.73,-30.72],[29.73,-30.71],[29.74,-30.71],[29.73,-30.71],[29.72,-30.71],[29.72,-30.7],[29.71,-30.7],[29.7,-30.7],[29.7,-30.71],[29.7,-30.7],[29.69,-30.7],[29.69,-30.69],[29.68,-30.69],[29.68,-30.68],[29.69,-30.68],[29.68,-30.68],[29.68,-30.67],[29.67,-30.67],[29.67,-30.68],[29.66,-30.68],[29.65,-30.68],[29.65,-30.69],[29.65,-30.68],[29.64,-30.68],[29.64,-30.69],[29.64,-30.68],[29.63,-30.68],[29.63,-30.69],[29.62,-30.69],[29.61,-30.69],[29.6,-30.69],[29.6,-30.68],[29.59,-30.68],[29.6,-30.68],[29.59,-30.68],[29.59,-30.67],[29.59,-30.66],[29.58,-30.66],[29.58,-30.65],[29.58,-30.66],[29.57,-30.66]]]]},"properties":{"name":"Ugu District"}},{"type":"Feature","geometry":{"type":"MultiPolygon","coordinates":[[[[29.29,-29.49],[29.3,-29.49],[29.3,-29.48],[29.31,-29.48],[29.31,-29.49],[29.32,-29.49],[29.32,-29.48],[29.32,-29.47],[29.33,-29.47],[29.34,-29.47],[29.35,-29.47],[29.36,-29.47],[29.37,-29.47],[29.37,-29.46],[29.38,-29.46],[29.38,-29.45],[29.38,-29.46],[29.39,-29.46],[29.39,-29.45],[29.4,-29.45],[29.4,-29.44],[29.4,-29.43],[29.41,-29.43],[29.41,-29.42],[29.42,-29.42],[29.42,-29.41],[29.42,-29.4],[29.43,-29.4],[29.44,-29.4],[29.44,-29.39],[29.44,-29.38],[29.45,-29.38],[29.45,-29.37],[29.44,-29.36],[29.44,-29.35],[29.44,-29.34],[29.45,-29.34],[29.46,-29.34],[29.46,-29.35],[29.47,-29.35],[29.47,-29.34],[29.48,-29.35],[29.49,-29.35],[29.5,-29.34],[29.51,-29.34],[29.51,-29.33],[29.52,-29.33],[29.53,-29.34],[29.54,-29.35],[29.55,-29.35],[29.55,-29.34],[29.56,-29.34],[29.57,-29.34],[29.58,-29.34],[29.58,-29.33],[29.58,-29.32],[29.58,-29.31],[29.58,-29.3],[29.57,-29.3],[29.57,-29.29],[29.58,-29.28],[29.59,-29.27],[29.59,-29.26],[29.6,-29.26],[29.6,-29.25],[29.61,-29.25],[29.62,-29.25],[29.62,-29.26],[29.63,-29.27],[29.64,-29.27],[29.64,-29.26],[29.65,-29.26],[29.66,-29.26],[29.67,-29.25],[29.67,-29.26],[29.66,-29.26],[29.65,-29.26],[29.65,-29.27],[29.64,-29.27],[29.64,-29.28],[29.63,-29.28],[29.63,-29.29],[29.64,-29.29],[29.65,-29.3],[29.66,-29.3],[29.67,-29.3],[29.68,-29.3],[29.69,-29.3],[29.68,-29.3],[29.69,-29.3],[29.7,-29.3],[29.71,-29.29],[29.73,-29.29],[29.75,-29.28],[29.75,-29.27],[29.75,-29.26],[29.75,-29.24],[29.76,-29.23],[29.77,-29.22],[29.76,-29.22],[29.73,-29.23],[29.75,-29.21],[29.76,-29.21],[29.77,-29.2],[29.78,-29.19],[29.79,-29.2],[29.8,-29.19],[29.8,-29.2],[29.8,-29.22],[29.81,-29.22],[29.82,-29.22],[29.83,-29.22],[29.84,-29.22],[29.85,-29.22],[29.86,-29.21],[29.87,-29.2],[29.87,-29.19],[29.87,-29.18],[29.89,-29.16],[29.9,-29.16],[29.9,-29.15],[29.91,-29.14],[29.92,-29.13],[29.92,-29.12],[29.93,-29.12],[29.95,-29.13],[29.95,-29.12],[29.96,-29.11],[29.96,-29.1],[29.99,-29.09],[30.02,-29.09],[30.03,-29.09],[30.03,-29.08],[30.03,-29.07],[30.03,-29.06],[30.06,-29.06],[30.05,-29.03],[30.07,-29.01],[30.08,-29.0],[30.08,-28.99],[30.09,-28.97],[30.1,-28.97],[30.11,-28.98],[30.15,-29.0],[30.15,-28.99],[30.16,-28.98],[30.17,-28.98],[30.18,-28.97],[30.19,-28.96],[30.2,-28.98],[30.21,-28.98],[30.22,-28.98],[30.22,-28.99],[30.22,-29.0],[30.22,-28.99],[30.23,-28.98],[30.23,-28.97],[30.23,-28.96],[30.23,-28.95],[30.22,-28.95],[30.23,-28.94],[30.24,-28.94],[30.25,-28.94],[30.25,-28.93],[30.26,-28.93],[30.27,-28.92],[30.28,-28.92],[30.29,-28.92],[30.29,-28.91],[30.29,-28.92],[30.3,-28.92],[30.3,-28.93],[30.31,-28.93],[30.32,-28.94],[30.33,-28.95],[30.33,-28.96],[30.34,-28.96],[30.34,-28.97],[30.35,-28.97],[30.35,-28.98],[30.36,-28.98],[30.37,-28.98],[30.36,-28.99],[30.37,-29.0],[30.35,-29.0],[30.34,-29.01],[30.35,-29.01],[30.35,-29.02],[30.34,-29.03],[30.36,-29.03],[30.36,-29.04],[30.37,-29.04],[30.36,-29.04],[30.36,-29.05],[30.37,-29.06],[30.37,-29.07],[30.37,-29.08],[30.37,-29.09],[30.37,-29.1],[30.36,-29.12],[30.35,-29.14],[30.34,-29.15],[30.34,-29.16],[30.34,-29.17],[30.35,-29.17],[30.35,-29.18],[30.35,-29.19],[30.38,-29.19],[30.38,-29.2],[30.4,-29.21],[30.4,-29.22],[30.41,-29.22],[30.42,-29.22],[30.42,-29.23],[30.42,-29.24],[30.42,-29.26],[30.43,-29.26],[30.43,-29.25],[30.44,-29.25],[30.45,-29.24],[30.46,-29.24],[30.47,-29.24],[30.47,-29.23],[30.48,-29.23],[30.49,-29.23],[30.5,-29.23],[30.51,-29.23],[30.51,-29.22],[30.52,-29.22],[30.53,-29.22],[30.53,-29.23],[30.54,-29.23],[30.54,-29.24],[30.55,-29.24],[30.55,-29.25],[30.56,-29.25],[30.56,-29.26],[30.56,-29.25],[30.57,-29.25],[30.57,-29.26],[30.58,-29.26],[30.59,-29.25],[30.6,-29.25],[30.61,-29.24],[30.62,-29.24],[30.63,-29.24],[30.64,-29.24],[30.64,-29.25],[30.64,-29.24],[30.65,-29.24],[30.65,-29.23],[30.66,-29.22],[30.67,-29.22],[30.68,-29.22],[30.69,-29.22],[30.7,-29.21],[30.71,-29.21],[30.72,-29.22],[30.73,-29.22],[30.73,-29.21],[30.74,-29.21],[30.75,-29.21],[30.75,-29.2],[30.76,-29.2],[30.76,-29.19],[30.76,-29.18],[30.77,-29.18],[30.77,-29.19],[30.77,-29.2],[30.78,-29.2],[30.78,-29.21],[30.79,-29.21],[30.79,-29.2],[30.8,-29.2],[30.8,-29.21],[30.79,-29.21],[30.8,-29.21],[30.8,-29.22],[30.81,-29.22],[30.8,-29.23],[30.81,-29.23],[30.8,-29.24],[30.8,-29.25],[30.81,-29.26],[30.83,-29.27],[30.83,-29.28],[30.84,-29.28],[30.84,-29.29],[30.84,-29.28],[30.85,-29.28],[30.84,-29.28],[30.84,-29.27],[30.84,-29.26],[30.84,-29.25],[30.85,-29.25],[30.85,-29.24],[30.86,-29.24],[30.85,-29.24],[30.86,-29.23],[30.86,-29.22],[30.87,-29.22],[30.88,-29.22],[30.89,-29.22],[30.88,-29.22],[30.88,-29.23],[30.89,-29.23],[30.88,-29.24],[30.89,-29.24],[30.9,-29.24],[30.9,-29.25],[30.89,-29.25],[30.89,-29.26],[30.88,-29.26],[30.88,-29.27],[30.88,-29.28],[30.88,-29.27],[30.88,-29.28],[30.87,-29.28],[30.87,-29.29],[30.86,-29.29],[30.86,-29.3],[30.87,-29.3],[30.86,-29.3],[30.86,-29.31],[30.85,-29.31],[30.85,-29.32],[30.86,-29.32],[30.86,-29.33],[30.87,-29.33],[30.87,-29.34],[30.88,-29.34],[30.88,-29.35],[30.88,-29.36],[30.88,-29.37],[30.89,-29.37],[30.89,-29.38],[30.9,-29.38],[30.91,-29.38],[30.92,-29.38],[30.92,-29.39],[30.91,-29.39],[30.91,-29.4],[30.9,-29.4],[30.9,-29.41],[30.89,-29.41],[30.89,-29.42],[30.89,-29.41],[30.88,-29.41],[30.87,-29.41],[30.86,-29.41],[30.85,-29.4],[30.85,-29.41],[30.84,-29.41],[30.83,-29.42],[30.82,-29.42],[30.82,-29.43],[30.81,-29.43],[30.81,-29.44],[30.8,-29.44],[30.79,-29.45],[30.79,-29.46],[30.79,-29.47],[30.79,-29.48],[30.78,-29.48],[30.77,-29.49],[30.77,-29.48],[30.77,-29.47],[30.77,-29.46],[30.77,-29.45],[30.76,-29.45],[30.75,-29.45],[30.75,-29.46],[30.75,-29.47],[30.74,-29.47],[30.74,-29.48],[30.74,-29.49],[30.73,-29.49],[30.73,-29.5],[30.72,-29.5],[30.72,-29.51],[30.72,-29.52],[30.72,-29.53],[30.71,-29.53],[30.71,-29.54],[30.7,-29.54],[30.7,-29.55],[30.71,-29.55],[30.71,-29.56],[30.7,-29.56],[30.7,-29.57],[30.71,-29.57],[30.72,-29.57],[30.73,-29.57],[30.72,-29.57],[30.72,-29.58],[30.73,-29.58],[30.72,-29.58],[30.73,-29.58],[30.73,-29.59],[30.72,-29.59],[30.73,-29.59],[30.73,-29.6],[30.72,-29.6],[30.73,-29.6],[30.73,-29.61],[30.72,-29.61],[30.71,-29.61],[30.71,-29.6],[30.7,-29.6],[30.69,-29.6],[30.68,-29.6],[30.67,-29.6],[30.67,-29.61],[30.68,-29.61],[30.67,-29.61],[30.67,-29.62],[30.68,-29.62],[30.67,-29.62],[30.67,-29.63],[30.66,-29.63],[30.65,-29.63],[30.64,-29.63],[30.65,-29.63],[30.65,-29.64],[30.66,-29.64],[30.67,-29.64],[30.67,-29.65],[30.66,-29.65],[30.66,-29.64],[30.65,-29.64],[30.65,-29.65],[30.64,-29.65],[30.65,-29.65],[30.65,-29.66],[30.64,-29.66],[30.63,-29.66],[30.64,-29.66],[30.64,-29.65],[30.64,-29.64],[30.62,-29.67],[30.59,-29.65],[30.58,-29.67],[30.58,-29.68],[30.58,-29.69],[30.57,-29.7],[30.57,-29.71],[30.57,-29.72],[30.56,-29.72],[30.56,-29.73],[30.57,-29.73],[30.57,-29.74],[30.57,-29.75],[30.58,-29.75],[30.58,-29.76],[30.59,-29.77],[30.59,-29.78],[30.58,-29.79],[30.58,-29.81],[30.58,-29.82],[30.58,-29.83],[30.57,-29.85],[30.59,-29.84],[30.6,-29.84],[30.6,-29.83],[30.61,-29.83],[30.61,-29.84],[30.61,-29.85],[30.62,-29.85],[30.62,-29.86],[30.62,-29.87],[30.62,-29.88],[30.62,-29.89],[30.64,-29.9],[30.65,-29.9],[30.65,-29.89],[30.66,-29.9],[30.66,-29.91],[30.66,-29.92],[30.67,-29.92],[30.68,-29.92],[30.67,-29.94],[30.66,-29.96],[30.66,-29.97],[30.65,-29.97],[30.65,-29.98],[30.66,-29.98],[30.66,-29.99],[30.67,-29.99],[30.68,-29.98],[30.69,-29.98],[30.7,-29.98],[30.7,-29.99],[30.69,-30.0],[30.68,-30.0],[30.68,-30.01],[30.67,-30.01],[30.66,-30.01],[30.66,-30.02],[30.67,-30.03],[30.67,-30.04],[30.67,-30.05],[30.67,-30.06],[30.67,-30.07],[30.68,-30.07],[30.67,-30.07],[30.68,-30.08],[30.68,-30.09],[30.67,-30.09],[30.66,-30.1],[30.66,-30.09],[30.66,-30.08],[30.66,-30.07],[30.65,-30.07],[30.64,-30.07],[30.64,-30.08],[30.64,-30.09],[30.63,-30.09],[30.63,-30.1],[30.62,-30.1],[30.61,-30.1],[30.6,-30.11],[30.61,-30.11],[30.6,-30.11],[30.6,-30.12],[30.59,-30.12],[30.59,-30.13],[30.58,-30.13],[30.58,-30.14],[30.57,-30.14],[30.56,-30.14],[30.56,-30.13],[30.55,-30.13],[30.54,-30.13],[30.54,-30.12],[30.53,-30.12],[30.54,-30.12],[30.55,-30.12],[30.55,-30.11],[30.55,-30.12],[30.56,-30.12],[30.56,-30.11],[30.55,-30.11],[30.54,-30.11],[30.54,-30.1],[30.54,-30.09],[30.53,-30.09],[30.52,-30.09],[30.51,-30.09],[30.51,-30.1],[30.51,-30.11],[30.5,-30.11],[30.49,-30.11],[30.49,-30.1],[30.5,-30.1],[30.49,-30.1],[30.49,-30.09],[30.48,-30.09],[30.48,-30.1],[30.48,-30.11],[30.48,-30.1],[30.47,-30.1],[30.46,-30.1],[30.46,-30.09],[30.45,-30.09],[30.45,-30.08],[30.44,-30.08],[30.44,-30.09],[30.43,-30.09],[30.43,-30.08],[30.42,-30.08],[30.42,-30.09],[30.42,-30.1],[30.42,-30.09],[30.41,-30.09],[30.4,-30.09],[30.4,-30.1],[30.39,-30.1],[30.39,-30.09],[30.38,-30.09],[30.37,-30.09],[30.38,-30.09],[30.38,-30.08],[30.38,-30.07],[30.37,-30.07],[30.36,-30.07],[30.36,-30.06],[30.37,-30.06],[30.36,-30.06],[30.35,-30.06],[30.35,-30.05],[30.36,-30.05],[30.36,-30.04],[30.35,-30.04],[30.35,-30.05],[30.34,-30.05],[30.34,-30.04],[30.33,-30.04],[30.33,-30.03],[30.32,-30.03],[30.32,-30.04],[30.32,-30.05],[30.32,-30.04],[30.31,-30.04],[30.32,-30.04],[30.32,-30.03],[30.31,-30.03],[30.31,-30.02],[30.31,-30.01],[30.3,-30.01],[30.3,-30.02],[30.29,-30.02],[30.28,-30.01],[30.28,-30.0],[30.27,-30.0],[30.27,-30.01],[30.28,-30.01],[30.28,-30.02],[30.27,-30.02],[30.27,-30.01],[30.26,-30.01],[30.25,-30.01],[30.24,-30.01],[30.23,-30.01],[30.22,-30.01],[30.22,-30.02],[30.21,-30.02],[30.2,-30.02],[30.2,-30.01],[30.19,-30.01],[30.19,-30.0],[30.18,-30.0],[30.17,-30.0],[30.16,-30.0],[30.16,-29.99],[30.15,-29.99],[30.15,-29.98],[30.14,-29.98],[30.13,-29.98],[30.12,-29.98],[30.11,-29.98],[30.11,-29.97],[30.1,-29.97],[30.11,-29.97],[30.11,-29.96],[30.11,-29.95],[30.12,-29.95],[30.11,-29.95],[30.1,-29.95],[30.1,-29.94],[30.11,-29.94],[30.1,-29.94],[30.1,-29.95],[30.09,-29.95],[30.09,-29.94],[30.09,-29.93],[30.08,-29.93],[30.08,-29.92],[30.09,-29.92],[30.1,-29.92],[30.1,-29.91],[30.09,-29.91],[30.09,-29.9],[30.09,-29.91],[30.08,-29.91],[30.07,-29.9],[30.07,-29.89],[30.07,-29.9],[30.06,-29.9],[30.06,-29.89],[30.07,-29.89],[30.07,-29.88],[30.06,-29.88],[30.06,-29.87],[30.07,-29.87],[30.07,-29.86],[30.06,-29.86],[30.06,-29.87],[30.05,-29.87],[30.04,-29.87],[30.04,-29.86],[30.04,-29.85],[30.04,-29.84],[30.05,-29.84],[30.05,-29.83],[30.05,-29.82],[30.05,-29.81],[30.05,-29.8],[30.06,-29.8],[30.07,-29.79],[30.08,-29.78],[30.07,-29.77],[30.07,-29.76],[30.08,-29.76],[30.09,-29.76],[30.09,-29.75],[30.09,-29.74],[30.1,-29.74],[30.1,-29.73],[30.1,-29.72],[30.1,-29.71],[30.09,-29.71],[30.09,-29.7],[30.08,-29.7],[30.07,-29.7],[30.07,-29.71],[30.07,-29.72],[30.05,-29.72],[30.04,-29.72],[30.03,-29.71],[30.02,-29.71],[30.02,-29.73],[30.01,-29.73],[30.0,-29.73],[30.0,-29.72],[29.99,-29.72],[29.98,-29.72],[29.97,-29.72],[29.97,-29.71],[29.96,-29.71],[29.95,-29.71],[29.95,-29.7],[29.95,-29.71],[29.94,-29.71],[29.94,-29.72],[29.93,-29.71],[29.91,-29.7],[29.91,-29.69],[29.91,-29.68],[29.9,-29.68],[29.9,-29.67],[29.91,-29.67],[29.91,-29.66],[29.92,-29.65],[29.91,-29.65],[29.91,-29.64],[29.91,-29.63],[29.9,-29.63],[29.89,-29.63],[29.88,-29.63],[29.87,-29.64],[29.87,-29.65],[29.87,-29.66],[29.87,-29.69],[29.86,-29.68],[29.85,-29.68],[29.84,-29.68],[29.83,-29.67],[29.81,-29.66],[29.8,-29.66],[29.79,-29.66],[29.79,-29.67],[29.78,-29.67],[29.78,-29.66],[29.78,-29.65],[29.77,-29.65],[29.77,-29.64],[29.76,-29.64],[29.75,-29.64],[29.74,-29.64],[29.74,-29.65],[29.74,-29.66],[29.73,-29.66],[29.74,-29.66],[29.73,-29.66],[29.74,-29.67],[29.73,-29.68],[29.72,-29.68],[29.69,-29.68],[29.69,-29.67],[29.68,-29.67],[29.67,-29.67],[29.66,-29.67],[29.65,-29.67],[29.64,-29.67],[29.63,-29.67],[29.62,-29.67],[29.61,-29.67],[29.6,-29.68],[29.59,-29.67],[29.59,-29.66],[29.58,-29.66],[29.57,-29.66],[29.55,-29.65],[29.56,-29.64],[29.57,-29.61],[29.56,-29.6],[29.57,-29.6],[29.57,-29.59],[29.58,-29.59],[29.59,-29.59],[29.59,-29.58],[29.58,-29.58],[29.57,-29.58],[29.57,-29.57],[29.56,-29.57],[29.56,-29.56],[29.54,-29.57],[29.54,-29.56],[29.53,-29.56],[29.53,-29.57],[29.52,-29.57],[29.53,-29.57],[29.53,-29.58],[29.52,-29.58],[29.51,-29.58],[29.5,-29.58],[29.5,-29.59],[29.49,-29.59],[29.47,-29.58],[29.48,-29.57],[29.46,-29.56],[29.45,-29.56],[29.45,-29.55],[29.45,-29.54],[29.44,-29.54],[29.44,-29.55],[29.43,-29.54],[29.43,-29.53],[29.42,-29.53],[29.41,-29.53],[29.4,-29.53],[29.4,-29.52],[29.38,-29.53],[29.37,-29.52],[29.36,-29.52],[29.36,-29.51],[29.33,-29.51],[29.31,-29.5],[29.3,-29.5],[29.3,-29.49],[29.29,-29.49]]]]},"properties":{"name":"uMgungundlovu District"}},{"type":"Feature","geometry":{"type":"MultiPolygon","coordinates":[[[[31.7,-28.36],[31.7,-28.35],[31.71,-28.34],[31.71,-28.32],[31.72,-28.31],[31.72,-28.3],[31.71,-28.28],[31.7,-28.27],[31.7,-28.26],[31.7,-28.24],[31.7,-28.23],[31.72,-28.22],[31.73,-28.22],[31.74,-28.22],[31.74,-28.23],[31.75,-28.23],[31.75,-28.22],[31.76,-28.22],[31.77,-28.22],[31.77,-28.21],[31.78,-28.21],[31.78,-28.22],[31.79,-28.22],[31.8,-28.22],[31.81,-28.22],[31.82,-28.22],[31.82,-28.21],[31.82,-28.2],[31.81,-28.2],[31.8,-28.2],[31.8,-28.19],[31.81,-28.19],[31.8,-28.19],[31.8,-28.18],[31.79,-28.18],[31.8,-28.18],[31.8,-28.17],[31.79,-28.17],[31.79,-28.16],[31.8,-28.16],[31.8,-28.15],[31.79,-28.15],[31.79,-28.14],[31.8,-28.14],[31.8,-28.13],[31.8,-28.12],[31.81,-28.12],[31.81,-28.11],[31.81,-28.1],[31.82,-28.1],[31.82,-28.09],[31.82,-28.08],[31.82,-28.07],[31.83,-28.07],[31.83,-28.06],[31.82,-28.06],[31.82,-28.05],[31.82,-28.04],[31.82,-28.03],[31.83,-28.03],[31.84,-28.03],[31.85,-28.03],[31.87,-28.03],[31.87,-28.04],[31.88,-28.04],[31.88,-28.03],[31.89,-28.03],[31.89,-28.04],[31.9,-28.04],[31.9,-28.03],[31.91,-28.03],[31.92,-28.03],[31.92,-28.04],[31.93,-28.04],[31.93,-28.03],[31.93,-28.04],[31.93,-28.05],[31.94,-28.05],[31.94,-28.04],[31.94,-28.03],[31.95,-28.03],[31.94,-28.03],[31.95,-28.03],[31.95,-28.02],[31.95,-28.01],[31.94,-28.01],[31.95,-28.01],[31.95,-28.0],[31.94,-28.0],[31.94,-27.99],[31.94,-27.98],[31.94,-27.97],[31.95,-27.97],[31.95,-27.96],[31.95,-27.95],[31.96,-27.95],[31.96,-27.94],[31.95,-27.94],[31.96,-27.94],[31.96,-27.93],[31.97,-27.93],[31.98,-27.93],[31.98,-27.94],[31.98,-27.93],[31.99,-27.93],[31.98,-27.93],[31.99,-27.93],[32.0,-27.93],[32.01,-27.93],[32.02,-27.93],[32.03,-27.93],[32.02,-27.93],[32.03,-27.93],[32.01,-27.9],[32.0,-27.89],[31.99,-27.85],[31.98,-27.82],[31.98,-27.79],[31.98,-27.78],[31.98,-27.77],[31.97,-27.75],[31.97,-27.73],[31.97,-27.72],[31.97,-27.71],[31.96,-27.69],[31.96,-27.67],[31.96,-27.66],[31.96,-27.65],[31.95,-27.64],[31.95,-27.62],[31.96,-27.62],[31.96,-27.61],[31.96,-27.6],[31.96,-27.59],[31.97,-27.59],[31.97,-27.6],[31.98,-27.6],[31.98,-27.59],[31.99,-27.59],[31.99,-27.58],[32.0,-27.58],[32.0,-27.59],[32.01,-27.59],[32.02,-27.59],[32.03,-27.59],[32.04,-27.59],[32.05,-27.59],[32.05,-27.58],[32.05,-27.57],[32.04,-27.56],[32.04,-27.55],[32.04,-27.54],[32.03,-27.54],[32.03,-27.53],[32.03,-27.52],[32.02,-27.51],[32.02,-27.5],[32.02,-27.49],[32.01,-27.48],[32.01,-27.47],[32.02,-27.46],[32.01,-27.46],[32.01,-27.45],[32.01,-27.43],[32.01,-27.42],[32.01,-27.41],[32.0,-27.4],[32.0,-27.39],[32.0,-27.38],[31.99,-27.39],[31.99,-27.38],[31.99,-27.37],[31.99,-27.36],[31.99,-27.35],[31.99,-27.34],[31.99,-27.33],[31.99,-27.32],[31.98,-27.32],[31.98,-27.31],[31.98,-27.3],[31.98,-27.28],[31.98,-27.25],[31.98,-27.22],[31.98,-27.19],[31.97,-27.17],[31.97,-27.15],[31.97,-27.14],[31.98,-27.13],[31.98,-27.12],[31.97,-27.12],[31.98,-27.09],[31.98,-27.06],[31.98,-27.04],[31.99,-27.01],[31.98,-27.0],[31.99,-27.0],[31.99,-26.97],[32.0,-26.95],[32.0,-26.94],[32.0,-26.92],[32.0,-26.9],[32.02,-26.82],[32.01,-26.81],[32.02,-26.81],[32.03,-26.81],[32.04,-26.81],[32.04,-26.82],[32.05,-26.82],[32.06,-26.82],[32.06,-26.81],[32.07,-26.81],[32.08,-26.81],[32.09,-26.81],[32.09,-26.8],[32.1,-26.8],[32.1,-26.81],[32.11,-26.81],[32.11,-26.82],[32.11,-26.83],[32.12,-26.83],[32.12,-26.84],[32.13,-26.84],[32.14,-26.84],[32.14,-26.85],[32.15,-26.85],[32.15,-26.86],[32.16,-26.86],[32.17,-26.86],[32.18,-26.86],[32.19,-26.86],[32.2,-26.86],[32.2,-26.85],[32.21,-26.85],[32.21,-26.84],[32.21,-26.83],[32.22,-26.83],[32.23,-26.83],[32.23,-26.84],[32.24,-26.84],[32.25,-26.84],[32.25,-26.85],[32.26,-26.85],[32.27,-26.85],[32.28,-26.85],[32.29,-26.85],[32.3,-26.85],[32.3,-26.86],[32.31,-26.86],[32.31,-26.85],[32.32,-26.85],[32.32,-26.86],[32.33,-26.86],[32.34,-26.86],[32.35,-26.86],[32.36,-26.86],[32.37,-26.86],[32.38,-26.86],[32.39,-26.86],[32.4,-26.86],[32.41,-26.86],[32.42,-26.86],[32.43,-26.86],[32.44,-26.86],[32.45,-26.86],[32.46,-26.86],[32.47,-26.86],[32.48,-26.86],[32.49,-26.86],[32.5,-26.86],[32.51,-26.86],[32.52,-26.86],[32.53,-26.86],[32.54,-26.86],[32.55,-26.86],[32.56,-26.86],[32.57,-26.86],[32.58,-26.86],[32.58,-26.87],[32.59,-26.87],[32.6,-26.87],[32.61,-26.87],[32.62,-26.87],[32.63,-26.87],[32.64,-26.87],[32.65,-26.87],[32.66,-26.87],[32.67,-26.87],[32.68,-26.87],[32.69,-26.87],[32.7,-26.87],[32.71,-26.87],[32.72,-26.87],[32.73,-26.87],[32.74,-26.87],[32.75,-26.87],[32.75,-26.86],[32.76,-26.86],[32.77,-26.86],[32.78,-26.86],[32.79,-26.86],[32.8,-26.86],[32.81,-26.86],[32.82,-26.86],[32.83,-26.86],[32.84,-26.86],[32.85,-26.86],[32.86,-26.86],[32.89,-26.86],[32.89,-26.87],[32.89,-26.88],[32.88,-26.88],[32.88,-26.89],[32.88,-26.9],[32.88,-26.91],[32.88,-26.92],[32.88,-26.93],[32.88,-26.94],[32.87,-26.94],[32.87,-26.95],[32.87,-26.96],[32.88,-26.96],[32.88,-26.97],[32.87,-26.97],[32.87,-26.98],[32.87,-26.99],[32.87,-27.0],[32.86,-27.0],[32.86,-27.01],[32.87,-27.01],[32.87,-27.02],[32.86,-27.02],[32.86,-27.03],[32.86,-27.04],[32.86,-27.05],[32.85,-27.05],[32.85,-27.06],[32.85,-27.07],[32.85,-27.08],[32.85,-27.09],[32.84,-27.09],[32.84,-27.1],[32.84,-27.11],[32.84,-27.12],[32.83,-27.12],[32.83,-27.13],[32.83,-27.14],[32.82,-27.14],[32.82,-27.15],[32.82,-27.16],[32.81,-27.16],[32.81,-27.17],[32.81,-27.18],[32.81,-27.19],[32.81,-27.18],[32.81,-27.19],[32.81,-27.2],[32.8,-27.2],[32.8,-27.21],[32.8,-27.22],[32.79,-27.22],[32.8,-27.22],[32.8,-27.23],[32.79,-27.23],[32.79,-27.24],[32.78,-27.24],[32.78,-27.25],[32.78,-27.26],[32.77,-27.26],[32.77,-27.27],[32.77,-27.28],[32.77,-27.29],[32.77,-27.3],[32.76,-27.3],[32.76,-27.31],[32.76,-27.32],[32.75,-27.32],[32.75,-27.33],[32.75,-27.34],[32.75,-27.35],[32.74,-27.35],[32.74,-27.36],[32.74,-27.37],[32.73,-27.37],[32.73,-27.38],[32.73,-27.39],[32.73,-27.4],[32.72,-27.4],[32.72,-27.41],[32.72,-27.42],[32.72,-27.43],[32.71,-27.43],[32.71,-27.44],[32.7,-27.44],[32.7,-27.45],[32.7,-27.46],[32.69,-27.46],[32.69,-27.47],[32.69,-27.48],[32.68,-27.48],[32.68,-27.49],[32.68,-27.5],[32.68,-27.51],[32.68,-27.52],[32.67,-27.52],[32.67,-27.53],[32.68,-27.54],[32.68,-27.55],[32.68,-27.56],[32.67,-27.56],[32.67,-27.57],[32.67,-27.58],[32.66,-27.58],[32.66,-27.59],[32.66,-27.6],[32.66,-27.61],[32.66,-27.62],[32.66,-27.63],[32.65,-27.63],[32.65,-27.64],[32.65,-27.65],[32.65,-27.66],[32.65,-27.67],[32.64,-27.67],[32.64,-27.68],[32.64,-27.69],[32.64,-27.7],[32.63,-27.7],[32.63,-27.71],[32.63,-27.72],[32.63,-27.73],[32.62,-27.73],[32.62,-27.74],[32.62,-27.75],[32.62,-27.76],[32.61,-27.76],[32.61,-27.77],[32.61,-27.78],[32.61,-27.79],[32.61,-27.8],[32.61,-27.81],[32.6,-27.81],[32.6,-27.82],[32.6,-27.83],[32.6,-27.84],[32.6,-27.85],[32.6,-27.86],[32.6,-27.87],[32.59,-27.87],[32.59,-27.88],[32.59,-27.89],[32.59,-27.9],[32.59,-27.91],[32.59,-27.92],[32.59,-27.93],[32.6,-27.93],[32.59,-27.94],[32.59,-27.95],[32.59,-27.96],[32.59,-27.97],[32.59,-27.98],[32.58,-27.98],[32.58,-27.99],[32.58,-28.0],[32.58,-28.01],[32.58,-28.02],[32.57,-28.02],[32.57,-28.03],[32.57,-28.04],[32.57,-28.05],[32.57,-28.06],[32.57,-28.07],[32.56,-28.07],[32.56,-28.08],[32.56,-28.09],[32.56,-28.1],[32.56,-28.11],[32.56,-28.12],[32.56,-28.13],[32.56,-28.14],[32.56,-28.15],[32.55,-28.15],[32.55,-28.16],[32.55,-28.17],[32.54,-28.17],[32.54,-28.18],[32.54,-28.19],[32.53,-28.19],[32.53,-28.2],[32.53,-28.21],[32.52,-28.21],[32.52,-28.22],[32.52,-28.23],[32.51,-28.23],[32.51,-28.24],[32.51,-28.25],[32.5,-28.25],[32.5,-28.26],[32.49,-28.26],[32.49,-28.27],[32.49,-28.28],[32.48,-28.28],[32.48,-28.29],[32.48,-28.3],[32.47,-28.3],[32.47,-28.31],[32.46,-28.31],[32.46,-28.32],[32.46,-28.33],[32.45,-28.33],[32.45,-28.34],[32.44,-28.34],[32.44,-28.35],[32.44,-28.36],[32.43,-28.36],[32.43,-28.37],[32.43,-28.38],[32.43,-28.39],[32.42,-28.39],[32.42,-28.4],[32.42,-28.41],[32.43,-28.41],[32.43,-28.42],[32.43,-28.43],[32.42,-28.43],[32.42,-28.44],[32.42,-28.45],[32.42,-28.46],[32.42,-28.47],[32.42,-28.48],[32.41,-28.48],[32.39,-28.47],[32.39,-28.48],[32.38,-28.48],[32.38,-28.49],[32.37,-28.49],[32.36,-28.49],[32.35,-28.49],[32.34,-28.49],[32.34,-28.5],[32.33,-28.5],[32.33,-28.51],[32.32,-28.51],[32.32,-28.52],[32.31,-28.52],[32.3,-28.52],[32.3,-28.51],[32.29,-28.51],[32.28,-28.51],[32.28,-28.5],[32.27,-28.5],[32.26,-28.5],[32.26,-28.49],[32.25,-28.49],[32.24,-28.49],[32.23,-28.49],[32.23,-28.48],[32.23,-28.47],[32.23,-28.46],[32.23,-28.45],[32.23,-28.46],[32.22,-28.46],[32.21,-28.46],[32.2,-28.46],[32.2,-28.45],[32.19,-28.45],[32.18,-28.45],[32.17,-28.45],[32.16,-28.45],[32.15,-28.45],[32.15,-28.46],[32.14,-28.46],[32.13,-28.46],[32.13,-28.45],[32.13,-28.44],[32.12,-28.44],[32.11,-28.44],[32.1,-28.44],[32.09,-28.45],[32.08,-28.45],[32.07,-28.45],[32.07,-28.46],[32.06,-28.46],[32.06,-28.45],[32.05,-28.45],[32.06,-28.45],[32.06,-28.44],[32.06,-28.43],[32.06,-28.42],[32.07,-28.42],[32.07,-28.41],[32.06,-28.41],[32.06,-28.42],[32.05,-28.42],[32.05,-28.41],[32.04,-28.4],[32.03,-28.4],[32.03,-28.41],[32.02,-28.41],[32.01,-28.41],[32.01,-28.4],[32.0,-28.4],[32.0,-28.39],[31.99,-28.39],[31.99,-28.38],[32.0,-28.38],[32.01,-28.38],[32.02,-28.38],[32.02,-28.39],[32.02,-28.38],[32.02,-28.37],[32.02,-28.36],[32.01,-28.36],[32.0,-28.36],[31.99,-28.36],[31.99,-28.35],[31.98,-28.35],[31.98,-28.36],[31.97,-28.38],[31.97,-28.39],[31.97,-28.4],[31.96,-28.4],[31.96,-28.41],[31.94,-28.41],[31.93,-28.41],[31.91,-28.41],[31.89,-28.42],[31.87,-28.42],[31.86,-28.42],[31.84,-28.43],[31.83,-28.43],[31.81,-28.43],[31.74,-28.43],[31.75,-28.41],[31.74,-28.41],[31.73,-28.41],[31.73,-28.4],[31.72,-28.4],[31.72,-28.39],[31.71,-28.39],[31.71,-28.38],[31.7,-28.38],[31.71,-28.38],[31.71,-28.37],[31.72,-28.37],[31.71,-28.37],[31.7,-28.37],[31.7,-28.36]]]]},"properties":{"name":"Umkhanyakude District"}},{"type":"Feature","geometry":{"type":"MultiPolygon","coordinates":[[[[29.98,-28.24],[29.98,-28.23],[29.99,-28.22],[29.98,-28.21],[29.99,-28.18],[30.0,-28.19],[30.0,-28.18],[30.01,-28.17],[30.02,-28.15],[30.03,-28.16],[30.04,-28.16],[30.05,-28.17],[30.07,-28.16],[30.08,-28.17],[30.09,-28.17],[30.1,-28.17],[30.11,-28.17],[30.12,-28.17],[30.13,-28.18],[30.13,-28.17],[30.13,-28.16],[30.13,-28.15],[30.12,-28.15],[30.12,-28.14],[30.12,-28.13],[30.13,-28.13],[30.14,-28.13],[30.15,-28.15],[30.16,-28.14],[30.16,-28.15],[30.16,-28.16],[30.17,-28.16],[30.18,-28.16],[30.18,-28.15],[30.18,-28.14],[30.19,-28.13],[30.19,-28.12],[30.19,-28.11],[30.2,-28.1],[30.19,-28.1],[30.19,-28.08],[30.2,-28.07],[30.22,-28.07],[30.23,-28.07],[30.24,-28.07],[30.25,-28.08],[30.26,-28.08],[30.27,-28.06],[30.28,-28.05],[30.28,-28.04],[30.26,-28.04],[30.25,-28.03],[30.25,-28.01],[30.25,-28.0],[30.25,-27.99],[30.26,-27.98],[30.27,-27.98],[30.28,-27.98],[30.31,-27.98],[30.31,-27.97],[30.32,-27.97],[30.32,-27.96],[30.31,-27.96],[30.3,-27.96],[30.29,-27.96],[30.29,-27.95],[30.29,-27.94],[30.3,-27.94],[30.3,-27.93],[30.32,-27.93],[30.33,-27.93],[30.34,-27.93],[30.35,-27.93],[30.36,-27.93],[30.39,-27.93],[30.4,-27.94],[30.4,-27.95],[30.42,-27.96],[30.42,-27.97],[30.43,-27.97],[30.46,-27.99],[30.47,-27.99],[30.48,-27.99],[30.49,-27.99],[30.5,-27.99],[30.52,-28.0],[30.53,-28.0],[30.54,-28.0],[30.57,-28.01],[30.57,-28.0],[30.58,-28.0],[30.59,-28.0],[30.59,-27.99],[30.58,-27.99],[30.59,-27.99],[30.59,-27.98],[30.58,-27.98],[30.59,-27.98],[30.58,-27.98],[30.58,-27.97],[30.59,-27.97],[30.58,-27.97],[30.59,-27.97],[30.58,-27.97],[30.58,-27.96],[30.58,-27.97],[30.58,-27.96],[30.59,-27.96],[30.59,-27.97],[30.59,-27.96],[30.6,-27.96],[30.6,-27.95],[30.6,-27.94],[30.59,-27.94],[30.6,-27.94],[30.6,-27.93],[30.6,-27.94],[30.6,-27.93],[30.61,-27.93],[30.62,-27.93],[30.62,-27.94],[30.62,-27.93],[30.62,-27.94],[30.62,-27.93],[30.63,-27.93],[30.64,-27.93],[30.64,-27.94],[30.65,-27.94],[30.66,-27.94],[30.66,-27.95],[30.67,-27.95],[30.67,-27.96],[30.67,-27.97],[30.68,-27.96],[30.68,-27.97],[30.68,-27.98],[30.69,-27.98],[30.68,-27.98],[30.69,-27.98],[30.68,-27.98],[30.68,-27.99],[30.68,-27.98],[30.67,-27.98],[30.66,-27.99],[30.65,-28.0],[30.64,-28.01],[30.63,-28.02],[30.62,-28.03],[30.61,-28.04],[30.62,-28.04],[30.63,-28.05],[30.63,-28.06],[30.63,-28.07],[30.64,-28.07],[30.64,-28.08],[30.65,-28.08],[30.65,-28.09],[30.66,-28.09],[30.66,-28.1],[30.67,-28.1],[30.66,-28.1],[30.64,-28.14],[30.63,-28.14],[30.63,-28.15],[30.64,-28.15],[30.64,-28.14],[30.65,-28.14],[30.66,-28.14],[30.67,-28.14],[30.68,-28.14],[30.68,-28.13],[30.69,-28.13],[30.7,-28.13],[30.71,-28.13],[30.72,-28.13],[30.73,-28.13],[30.73,-28.12],[30.74,-28.12],[30.74,-28.13],[30.75,-28.13],[30.75,-28.14],[30.75,-28.13],[30.76,-28.13],[30.76,-28.14],[30.77,-28.14],[30.78,-28.14],[30.79,-28.14],[30.8,-28.14],[30.8,-28.13],[30.81,-28.13],[30.82,-28.13],[30.82,-28.12],[30.83,-28.12],[30.83,-28.13],[30.84,-28.13],[30.85,-28.13],[30.85,-28.12],[30.86,-28.12],[30.87,-28.12],[30.87,-28.13],[30.88,-28.13],[30.88,-28.14],[30.88,-28.15],[30.89,-28.15],[30.9,-28.15],[30.9,-28.16],[30.9,-28.17],[30.91,-28.17],[30.92,-28.17],[30.93,-28.17],[30.94,-28.17],[30.94,-28.16],[30.94,-28.15],[30.94,-28.14],[30.95,-28.14],[30.97,-28.16],[30.97,-28.17],[30.99,-28.15],[31.01,-28.19],[31.02,-28.18],[31.02,-28.19],[31.05,-28.2],[31.04,-28.21],[31.03,-28.23],[31.02,-28.24],[31.0,-28.26],[30.97,-28.29],[30.96,-28.29],[30.96,-28.3],[30.95,-28.31],[30.94,-28.31],[30.94,-28.32],[30.93,-28.33],[30.93,-28.34],[30.92,-28.36],[30.94,-28.35],[30.96,-28.34],[30.96,-28.36],[30.96,-28.37],[30.96,-28.38],[30.96,-28.39],[30.96,-28.4],[30.97,-28.41],[30.96,-28.41],[30.95,-28.41],[30.9,-28.44],[30.89,-28.44],[30.88,-28.45],[30.87,-28.45],[30.86,-28.45],[30.85,-28.46],[30.83,-28.46],[30.83,-28.47],[30.83,-28.48],[30.82,-28.48],[30.81,-28.5],[30.81,-28.51],[30.8,-28.52],[30.79,-28.52],[30.78,-28.52],[30.77,-28.52],[30.77,-28.53],[30.77,-28.54],[30.76,-28.54],[30.76,-28.55],[30.77,-28.55],[30.78,-28.55],[30.78,-28.56],[30.79,-28.56],[30.8,-28.56],[30.8,-28.57],[30.81,-28.57],[30.8,-28.57],[30.81,-28.57],[30.81,-28.58],[30.82,-28.58],[30.83,-28.58],[30.84,-28.57],[30.84,-28.58],[30.83,-28.58],[30.83,-28.59],[30.82,-28.59],[30.82,-28.6],[30.81,-28.6],[30.79,-28.63],[30.78,-28.63],[30.77,-28.63],[30.76,-28.63],[30.75,-28.63],[30.74,-28.64],[30.73,-28.64],[30.73,-28.65],[30.74,-28.65],[30.74,-28.66],[30.73,-28.66],[30.73,-28.67],[30.73,-28.66],[30.72,-28.66],[30.71,-28.66],[30.71,-28.65],[30.7,-28.65],[30.69,-28.65],[30.69,-28.64],[30.68,-28.64],[30.67,-28.64],[30.67,-28.65],[30.68,-28.65],[30.68,-28.66],[30.68,-28.67],[30.68,-28.68],[30.67,-28.68],[30.67,-28.69],[30.66,-28.69],[30.65,-28.69],[30.64,-28.69],[30.64,-28.7],[30.63,-28.7],[30.62,-28.7],[30.62,-28.71],[30.63,-28.71],[30.64,-28.71],[30.64,-28.72],[30.65,-28.72],[30.65,-28.73],[30.65,-28.74],[30.66,-28.74],[30.66,-28.75],[30.67,-28.75],[30.67,-28.74],[30.68,-28.74],[30.69,-28.73],[30.7,-28.73],[30.7,-28.74],[30.71,-28.74],[30.72,-28.74],[30.72,-28.75],[30.73,-28.75],[30.73,-28.76],[30.73,-28.77],[30.72,-28.77],[30.71,-28.77],[30.7,-28.77],[30.7,-28.78],[30.71,-28.78],[30.71,-28.79],[30.72,-28.79],[30.73,-28.79],[30.73,-28.8],[30.74,-28.8],[30.75,-28.8],[30.75,-28.79],[30.74,-28.79],[30.74,-28.78],[30.74,-28.77],[30.75,-28.77],[30.75,-28.76],[30.76,-28.76],[30.77,-28.76],[30.77,-28.75],[30.77,-28.74],[30.76,-28.74],[30.76,-28.73],[30.75,-28.73],[30.75,-28.72],[30.76,-28.72],[30.77,-28.72],[30.77,-28.73],[30.78,-28.73],[30.79,-28.73],[30.8,-28.73],[30.81,-28.73],[30.81,-28.74],[30.81,-28.73],[30.82,-28.73],[30.82,-28.74],[30.82,-28.75],[30.82,-28.76],[30.81,-28.76],[30.81,-28.77],[30.8,-28.77],[30.8,-28.78],[30.81,-28.78],[30.82,-28.78],[30.82,-28.77],[30.83,-28.77],[30.84,-28.77],[30.85,-28.77],[30.85,-28.78],[30.86,-28.78],[30.87,-28.78],[30.87,-28.77],[30.88,-28.77],[30.88,-28.76],[30.89,-28.76],[30.89,-28.77],[30.9,-28.77],[30.9,-28.78],[30.91,-28.78],[30.91,-28.79],[30.91,-28.8],[30.91,-28.81],[30.91,-28.82],[30.9,-28.82],[30.9,-28.83],[30.9,-28.84],[30.91,-28.84],[30.91,-28.85],[30.92,-28.85],[30.93,-28.85],[30.94,-28.85],[30.94,-28.84],[30.94,-28.83],[30.93,-28.83],[30.93,-28.82],[30.93,-28.81],[30.93,-28.8],[30.94,-28.8],[30.94,-28.79],[30.95,-28.79],[30.96,-28.79],[30.96,-28.8],[30.97,-28.8],[30.98,-28.8],[30.99,-28.8],[30.99,-28.81],[30.98,-28.82],[30.97,-28.82],[30.97,-28.83],[30.97,-28.84],[30.98,-28.84],[30.98,-28.85],[30.98,-28.86],[30.99,-28.86],[30.99,-28.87],[30.99,-28.88],[30.98,-28.88],[30.98,-28.87],[30.97,-28.87],[30.97,-28.88],[30.96,-28.88],[30.95,-28.88],[30.95,-28.89],[30.94,-28.89],[30.94,-28.9],[30.93,-28.9],[30.92,-28.9],[30.92,-28.91],[30.92,-28.92],[30.93,-28.92],[30.93,-28.93],[30.94,-28.93],[30.93,-28.93],[30.93,-28.94],[30.92,-28.94],[30.92,-28.95],[30.93,-28.95],[30.94,-28.95],[30.95,-28.95],[30.95,-28.96],[30.96,-28.95],[30.96,-28.96],[30.97,-28.96],[30.96,-28.96],[30.96,-28.97],[30.95,-28.97],[30.96,-28.97],[30.97,-28.97],[30.98,-28.97],[30.98,-28.98],[30.98,-28.99],[30.99,-28.99],[30.99,-29.0],[30.99,-29.01],[30.99,-29.02],[31.0,-29.02],[31.0,-29.03],[31.0,-29.04],[31.0,-29.05],[31.01,-29.05],[31.01,-29.06],[31.02,-29.07],[31.02,-29.08],[31.01,-29.08],[31.0,-29.08],[30.99,-29.08],[30.98,-29.08],[30.97,-29.08],[30.96,-29.09],[30.95,-29.09],[30.94,-29.09],[30.94,-29.08],[30.93,-29.08],[30.93,-29.09],[30.92,-29.09],[30.91,-29.1],[30.91,-29.11],[30.91,-29.12],[30.9,-29.12],[30.89,-29.12],[30.9,-29.12],[30.89,-29.12],[30.89,-29.13],[30.89,-29.12],[30.88,-29.12],[30.88,-29.13],[30.88,-29.12],[30.88,-29.13],[30.87,-29.13],[30.86,-29.13],[30.86,-29.14],[30.85,-29.14],[30.86,-29.14],[30.86,-29.15],[30.87,-29.15],[30.87,-29.16],[30.88,-29.16],[30.89,-29.16],[30.89,-29.17],[30.9,-29.17],[30.9,-29.18],[30.89,-29.18],[30.89,-29.17],[30.89,-29.18],[30.9,-29.18],[30.91,-29.18],[30.92,-29.18],[30.92,-29.17],[30.92,-29.18],[30.93,-29.18],[30.94,-29.18],[30.95,-29.18],[30.94,-29.18],[30.94,-29.19],[30.95,-29.19],[30.95,-29.2],[30.95,-29.21],[30.96,-29.21],[30.97,-29.21],[30.97,-29.22],[30.98,-29.22],[30.99,-29.22],[30.98,-29.22],[30.99,-29.23],[30.98,-29.23],[30.99,-29.23],[30.99,-29.24],[30.98,-29.24],[30.98,-29.25],[30.98,-29.26],[30.98,-29.27],[30.97,-29.27],[30.96,-29.27],[30.95,-29.27],[30.94,-29.27],[30.93,-29.27],[30.92,-29.28],[30.91,-29.27],[30.9,-29.27],[30.9,-29.28],[30.9,-29.29],[30.89,-29.29],[30.89,-29.28],[30.88,-29.28],[30.88,-29.27],[30.88,-29.28],[30.88,-29.27],[30.88,-29.26],[30.89,-29.26],[30.89,-29.25],[30.9,-29.25],[30.9,-29.24],[30.89,-29.24],[30.88,-29.24],[30.89,-29.23],[30.88,-29.23],[30.88,-29.22],[30.89,-29.22],[30.88,-29.22],[30.87,-29.22],[30.86,-29.22],[30.86,-29.23],[30.85,-29.24],[30.86,-29.24],[30.85,-29.24],[30.85,-29.25],[30.84,-29.25],[30.84,-29.26],[30.84,-29.27],[30.84,-29.28],[30.85,-29.28],[30.84,-29.28],[30.84,-29.29],[30.84,-29.28],[30.83,-29.28],[30.83,-29.27],[30.81,-29.26],[30.8,-29.25],[30.8,-29.24],[30.81,-29.23],[30.8,-29.23],[30.81,-29.22],[30.8,-29.22],[30.8,-29.21],[30.79,-29.21],[30.8,-29.21],[30.8,-29.2],[30.79,-29.2],[30.79,-29.21],[30.78,-29.21],[30.78,-29.2],[30.77,-29.2],[30.77,-29.19],[30.77,-29.18],[30.76,-29.18],[30.76,-29.19],[30.76,-29.2],[30.75,-29.2],[30.75,-29.21],[30.74,-29.21],[30.73,-29.21],[30.73,-29.22],[30.72,-29.22],[30.71,-29.21],[30.7,-29.21],[30.69,-29.22],[30.68,-29.22],[30.67,-29.22],[30.66,-29.22],[30.65,-29.23],[30.65,-29.24],[30.64,-29.24],[30.64,-29.25],[30.64,-29.24],[30.63,-29.24],[30.62,-29.24],[30.61,-29.24],[30.6,-29.25],[30.59,-29.25],[30.58,-29.26],[30.57,-29.26],[30.57,-29.25],[30.56,-29.25],[30.56,-29.26],[30.56,-29.25],[30.55,-29.25],[30.55,-29.24],[30.54,-29.24],[30.54,-29.23],[30.53,-29.23],[30.53,-29.22],[30.52,-29.22],[30.51,-29.22],[30.51,-29.23],[30.5,-29.23],[30.49,-29.23],[30.48,-29.23],[30.47,-29.23],[30.47,-29.24],[30.46,-29.24],[30.45,-29.24],[30.44,-29.25],[30.43,-29.25],[30.43,-29.26],[30.42,-29.26],[30.42,-29.24],[30.42,-29.23],[30.42,-29.22],[30.41,-29.22],[30.4,-29.22],[30.4,-29.21],[30.38,-29.2],[30.38,-29.19],[30.35,-29.19],[30.35,-29.18],[30.35,-29.17],[30.34,-29.17],[30.34,-29.16],[30.34,-29.15],[30.35,-29.14],[30.36,-29.12],[30.37,-29.1],[30.37,-29.09],[30.37,-29.08],[30.37,-29.07],[30.37,-29.06],[30.36,-29.05],[30.36,-29.04],[30.37,-29.04],[30.36,-29.04],[30.36,-29.03],[30.34,-29.03],[30.35,-29.02],[30.35,-29.01],[30.34,-29.01],[30.35,-29.0],[30.37,-29.0],[30.36,-28.99],[30.37,-28.98],[30.36,-28.98],[30.35,-28.98],[30.35,-28.97],[30.34,-28.97],[30.34,-28.96],[30.33,-28.96],[30.33,-28.95],[30.32,-28.94],[30.31,-28.93],[30.3,-28.93],[30.3,-28.92],[30.29,-28.92],[30.29,-28.91],[30.28,-28.91],[30.27,-28.91],[30.27,-28.9],[30.27,-28.89],[30.27,-28.88],[30.27,-28.87],[30.27,-28.86],[30.27,-28.85],[30.27,-28.84],[30.27,-28.83],[30.28,-28.83],[30.28,-28.82],[30.28,-28.81],[30.28,-28.8],[30.28,-28.79],[30.28,-28.78],[30.28,-28.77],[30.28,-28.76],[30.28,-28.75],[30.28,-28.74],[30.28,-28.73],[30.27,-28.73],[30.27,-28.72],[30.26,-28.72],[30.26,-28.71],[30.27,-28.71],[30.27,-28.7],[30.27,-28.69],[30.28,-28.69],[30.28,-28.68],[30.27,-28.68],[30.27,-28.67],[30.26,-28.67],[30.26,-28.66],[30.26,-28.65],[30.25,-28.65],[30.24,-28.65],[30.24,-28.64],[30.25,-28.64],[30.25,-28.63],[30.24,-28.63],[30.23,-28.62],[30.23,-28.61],[30.24,-28.59],[30.23,-28.59],[30.23,-28.58],[30.22,-28.58],[30.22,-28.57],[30.23,-28.57],[30.23,-28.56],[30.24,-28.56],[30.24,-28.55],[30.25,-28.55],[30.24,-28.54],[30.24,-28.53],[30.24,-28.52],[30.23,-28.51],[30.23,-28.5],[30.24,-28.5],[30.24,-28.51],[30.25,-28.51],[30.27,-28.52],[30.28,-28.52],[30.29,-28.53],[30.3,-28.53],[30.31,-28.53],[30.32,-28.53],[30.32,-28.52],[30.32,-28.51],[30.32,-28.5],[30.33,-28.48],[30.34,-28.47],[30.31,-28.46],[30.3,-28.45],[30.29,-28.45],[30.28,-28.45],[30.28,-28.44],[30.27,-28.44],[30.26,-28.43],[30.25,-28.43],[30.25,-28.42],[30.24,-28.42],[30.24,-28.41],[30.23,-28.41],[30.23,-28.4],[30.22,-28.4],[30.22,-28.39],[30.21,-28.4],[30.2,-28.41],[30.19,-28.42],[30.19,-28.43],[30.18,-28.43],[30.18,-28.44],[30.18,-28.43],[30.17,-28.42],[30.16,-28.42],[30.17,-28.41],[30.17,-28.4],[30.16,-28.39],[30.18,-28.39],[30.18,-28.37],[30.17,-28.37],[30.16,-28.36],[30.15,-28.36],[30.16,-28.35],[30.15,-28.34],[30.14,-28.34],[30.13,-28.34],[30.13,-28.35],[30.12,-28.35],[30.12,-28.36],[30.11,-28.36],[30.1,-28.36],[30.1,-28.37],[30.1,-28.36],[30.08,-28.36],[30.08,-28.35],[30.07,-28.35],[30.07,-28.34],[30.07,-28.33],[30.07,-28.32],[30.07,-28.31],[30.06,-28.3],[30.05,-28.29],[30.05,-28.28],[30.04,-28.28],[30.04,-28.27],[30.03,-28.27],[30.02,-28.27],[30.02,-28.26],[30.01,-28.26],[30.0,-28.26],[30.0,-28.25],[29.99,-28.25],[29.98,-28.24]]]]},"properties":{"name":"Umzinyathi District"}},{"type":"Feature","geometry":{"type":"MultiPolygon","coordinates":[[[[28.87,-28.77],[28.88,-28.76],[28.88,-28.75],[28.89,-28.75],[28.89,-28.74],[28.9,-28.73],[28.9,-28.72],[28.9,-28.71],[28.9,-28.7],[28.9,-28.69],[28.91,-28.69],[28.91,-28.68],[28.91,-28.67],[28.92,-28.67],[28.92,-28.66],[28.93,-28.66],[28.94,-28.65],[28.94,-28.64],[28.94,-28.63],[28.94,-28.62],[28.95,-28.62],[28.95,-28.61],[28.96,-28.61],[28.97,-28.61],[28.96,-28.6],[28.97,-28.57],[28.98,-28.57],[29.0,-28.57],[29.01,-28.57],[29.02,-28.56],[29.03,-28.56],[29.04,-28.56],[29.05,-28.56],[29.07,-28.55],[29.08,-28.55],[29.09,-28.55],[29.1,-28.55],[29.11,-28.55],[29.12,-28.56],[29.14,-28.57],[29.15,-28.56],[29.15,-28.55],[29.16,-28.55],[29.16,-28.54],[29.17,-28.53],[29.18,-28.54],[29.19,-28.54],[29.2,-28.55],[29.2,-28.54],[29.21,-28.53],[29.21,-28.52],[29.22,-28.52],[29.21,-28.52],[29.21,-28.51],[29.2,-28.51],[29.2,-28.5],[29.19,-28.5],[29.19,-28.49],[29.2,-28.48],[29.21,-28.48],[29.22,-28.47],[29.22,-28.46],[29.23,-28.46],[29.24,-28.45],[29.24,-28.44],[29.25,-28.42],[29.25,-28.43],[29.26,-28.43],[29.27,-28.43],[29.28,-28.43],[29.28,-28.44],[29.29,-28.44],[29.3,-28.44],[29.3,-28.43],[29.31,-28.43],[29.32,-28.43],[29.32,-28.42],[29.32,-28.41],[29.33,-28.4],[29.34,-28.4],[29.35,-28.39],[29.36,-28.39],[29.36,-28.38],[29.37,-28.38],[29.37,-28.37],[29.38,-28.37],[29.39,-28.37],[29.4,-28.37],[29.41,-28.38],[29.42,-28.37],[29.42,-28.36],[29.42,-28.35],[29.43,-28.35],[29.43,-28.34],[29.43,-28.33],[29.44,-28.33],[29.44,-28.32],[29.45,-28.32],[29.45,-28.31],[29.46,-28.31],[29.46,-28.3],[29.47,-28.3],[29.47,-28.29],[29.48,-28.29],[29.48,-28.28],[29.48,-28.27],[29.49,-28.27],[29.5,-28.27],[29.51,-28.27],[29.51,-28.26],[29.52,-28.26],[29.53,-28.26],[29.54,-28.25],[29.55,-28.25],[29.56,-28.25],[29.56,-28.26],[29.6,-28.25],[29.61,-28.24],[29.62,-28.24],[29.62,-28.23],[29.62,-28.22],[29.61,-28.22],[29.61,-28.21],[29.62,-28.2],[29.62,-28.19],[29.63,-28.19],[29.63,-28.18],[29.64,-28.18],[29.65,-28.18],[29.66,-28.18],[29.66,-28.17],[29.66,-28.16],[29.66,-28.15],[29.66,-28.14],[29.67,-28.14],[29.67,-28.13],[29.68,-28.13],[29.69,-28.12],[29.7,-28.12],[29.71,-28.12],[29.72,-28.12],[29.72,-28.13],[29.73,-28.13],[29.74,-28.13],[29.74,-28.14],[29.75,-28.15],[29.76,-28.15],[29.76,-28.16],[29.77,-28.16],[29.77,-28.15],[29.77,-28.14],[29.78,-28.14],[29.78,-28.13],[29.78,-28.12],[29.79,-28.1],[29.8,-28.1],[29.82,-28.1],[29.83,-28.1],[29.83,-28.09],[29.84,-28.09],[29.85,-28.09],[29.85,-28.1],[29.85,-28.11],[29.86,-28.11],[29.88,-28.12],[29.89,-28.11],[29.9,-28.1],[29.9,-28.08],[29.91,-28.08],[29.92,-28.08],[29.93,-28.08],[29.94,-28.07],[29.94,-28.08],[29.94,-28.09],[29.94,-28.1],[29.94,-28.11],[29.94,-28.12],[29.94,-28.13],[29.94,-28.14],[29.94,-28.15],[29.95,-28.15],[29.96,-28.16],[29.97,-28.17],[29.98,-28.17],[29.98,-28.18],[29.99,-28.18],[29.98,-28.21],[29.99,-28.22],[29.98,-28.23],[29.98,-28.24],[29.99,-28.25],[30.0,-28.25],[30.0,-28.26],[30.01,-28.26],[30.02,-28.26],[30.02,-28.27],[30.03,-28.27],[30.04,-28.27],[30.04,-28.28],[30.05,-28.28],[30.05,-28.29],[30.06,-28.3],[30.07,-28.31],[30.07,-28.32],[30.07,-28.33],[30.07,-28.34],[30.07,-28.35],[30.08,-28.35],[30.08,-28.36],[30.1,-28.36],[30.1,-28.37],[30.1,-28.36],[30.11,-28.36],[30.12,-28.36],[30.12,-28.35],[30.13,-28.35],[30.13,-28.34],[30.14,-28.34],[30.15,-28.34],[30.16,-28.35],[30.15,-28.36],[30.16,-28.36],[30.17,-28.37],[30.18,-28.37],[30.18,-28.39],[30.16,-28.39],[30.17,-28.4],[30.17,-28.41],[30.16,-28.42],[30.17,-28.42],[30.18,-28.43],[30.18,-28.44],[30.18,-28.43],[30.19,-28.43],[30.19,-28.42],[30.2,-28.41],[30.21,-28.4],[30.22,-28.39],[30.22,-28.4],[30.23,-28.4],[30.23,-28.41],[30.24,-28.41],[30.24,-28.42],[30.25,-28.42],[30.25,-28.43],[30.26,-28.43],[30.27,-28.44],[30.28,-28.44],[30.28,-28.45],[30.29,-28.45],[30.3,-28.45],[30.31,-28.46],[30.34,-28.47],[30.33,-28.48],[30.32,-28.5],[30.32,-28.51],[30.32,-28.52],[30.32,-28.53],[30.31,-28.53],[30.3,-28.53],[30.29,-28.53],[30.28,-28.52],[30.27,-28.52],[30.25,-28.51],[30.24,-28.51],[30.24,-28.5],[30.23,-28.5],[30.23,-28.51],[30.24,-28.52],[30.24,-28.53],[30.24,-28.54],[30.25,-28.55],[30.24,-28.55],[30.24,-28.56],[30.23,-28.56],[30.23,-28.57],[30.22,-28.57],[30.22,-28.58],[30.23,-28.58],[30.23,-28.59],[30.24,-28.59],[30.23,-28.61],[30.23,-28.62],[30.24,-28.63],[30.25,-28.63],[30.25,-28.64],[30.24,-28.64],[30.24,-28.65],[30.25,-28.65],[30.26,-28.65],[30.26,-28.66],[30.26,-28.67],[30.27,-28.67],[30.27,-28.68],[30.28,-28.68],[30.28,-28.69],[30.27,-28.69],[30.27,-28.7],[30.27,-28.71],[30.26,-28.71],[30.26,-28.72],[30.27,-28.72],[30.27,-28.73],[30.28,-28.73],[30.28,-28.74],[30.28,-28.75],[30.28,-28.76],[30.28,-28.77],[30.28,-28.78],[30.28,-28.79],[30.28,-28.8],[30.28,-28.81],[30.28,-28.82],[30.28,-28.83],[30.27,-28.83],[30.27,-28.84],[30.27,-28.85],[30.27,-28.86],[30.27,-28.87],[30.27,-28.88],[30.27,-28.89],[30.27,-28.9],[30.27,-28.91],[30.28,-28.91],[30.29,-28.91],[30.29,-28.92],[30.28,-28.92],[30.27,-28.92],[30.26,-28.93],[30.25,-28.93],[30.25,-28.94],[30.24,-28.94],[30.23,-28.94],[30.22,-28.95],[30.23,-28.95],[30.23,-28.96],[30.23,-28.97],[30.23,-28.98],[30.22,-28.99],[30.22,-29.0],[30.22,-28.99],[30.22,-28.98],[30.21,-28.98],[30.2,-28.98],[30.19,-28.96],[30.18,-28.97],[30.17,-28.98],[30.16,-28.98],[30.15,-28.99],[30.15,-29.0],[30.11,-28.98],[30.1,-28.97],[30.09,-28.97],[30.08,-28.99],[30.08,-29.0],[30.07,-29.01],[30.05,-29.03],[30.06,-29.06],[30.03,-29.06],[30.03,-29.07],[30.03,-29.08],[30.03,-29.09],[30.02,-29.09],[29.99,-29.09],[29.96,-29.1],[29.96,-29.11],[29.95,-29.12],[29.95,-29.13],[29.93,-29.12],[29.92,-29.12],[29.92,-29.13],[29.91,-29.14],[29.9,-29.15],[29.9,-29.16],[29.89,-29.16],[29.87,-29.18],[29.87,-29.19],[29.87,-29.2],[29.86,-29.21],[29.85,-29.22],[29.84,-29.22],[29.83,-29.22],[29.82,-29.22],[29.81,-29.22],[29.8,-29.22],[29.8,-29.2],[29.8,-29.19],[29.79,-29.2],[29.78,-29.19],[29.77,-29.2],[29.76,-29.21],[29.75,-29.21],[29.73,-29.23],[29.76,-29.22],[29.77,-29.22],[29.76,-29.23],[29.75,-29.24],[29.75,-29.26],[29.75,-29.27],[29.75,-29.28],[29.73,-29.29],[29.71,-29.29],[29.7,-29.3],[29.69,-29.3],[29.68,-29.3],[29.69,-29.3],[29.68,-29.3],[29.67,-29.3],[29.66,-29.3],[29.65,-29.3],[29.64,-29.29],[29.63,-29.29],[29.63,-29.28],[29.64,-29.28],[29.64,-29.27],[29.65,-29.27],[29.65,-29.26],[29.66,-29.26],[29.67,-29.26],[29.67,-29.25],[29.66,-29.26],[29.65,-29.26],[29.64,-29.26],[29.64,-29.27],[29.63,-29.27],[29.62,-29.26],[29.62,-29.25],[29.61,-29.25],[29.6,-29.25],[29.6,-29.26],[29.59,-29.26],[29.59,-29.27],[29.58,-29.28],[29.57,-29.29],[29.57,-29.3],[29.58,-29.3],[29.58,-29.31],[29.58,-29.32],[29.58,-29.33],[29.58,-29.34],[29.57,-29.34],[29.56,-29.34],[29.55,-29.34],[29.55,-29.35],[29.54,-29.35],[29.53,-29.34],[29.52,-29.33],[29.51,-29.33],[29.51,-29.34],[29.5,-29.34],[29.49,-29.35],[29.48,-29.35],[29.47,-29.34],[29.47,-29.35],[29.46,-29.35],[29.46,-29.34],[29.46,-29.33],[29.45,-29.33],[29.45,-29.32],[29.44,-29.31],[29.44,-29.3],[29.44,-29.29],[29.44,-29.28],[29.44,-29.27],[29.44,-29.26],[29.43,-29.26],[29.42,-29.26],[29.42,-29.25],[29.43,-29.25],[29.42,-29.25],[29.42,-29.24],[29.42,-29.23],[29.41,-29.23],[29.41,-29.22],[29.41,-29.21],[29.4,-29.21],[29.39,-29.21],[29.39,-29.2],[29.38,-29.2],[29.37,-29.2],[29.37,-29.21],[29.36,-29.21],[29.36,-29.2],[29.35,-29.2],[29.35,-29.19],[29.34,-29.19],[29.34,-29.18],[29.35,-29.18],[29.35,-29.17],[29.35,-29.16],[29.34,-29.16],[29.34,-29.15],[29.35,-29.15],[29.35,-29.14],[29.36,-29.14],[29.36,-29.13],[29.35,-29.13],[29.36,-29.13],[29.35,-29.13],[29.35,-29.12],[29.34,-29.12],[29.34,-29.11],[29.33,-29.11],[29.33,-29.1],[29.32,-29.1],[29.32,-29.09],[29.31,-29.09],[29.31,-29.08],[29.3,-29.08],[29.29,-29.08],[29.28,-29.08],[29.27,-29.08],[29.26,-29.08],[29.26,-29.09],[29.25,-29.09],[29.25,-29.08],[29.24,-29.08],[29.24,-29.07],[29.23,-29.07],[29.23,-29.06],[29.23,-29.05],[29.22,-29.05],[29.21,-29.05],[29.21,-29.04],[29.21,-29.03],[29.22,-29.03],[29.21,-29.03],[29.21,-29.02],[29.2,-29.02],[29.2,-29.01],[29.19,-29.02],[29.19,-29.01],[29.18,-29.01],[29.18,-29.0],[29.17,-29.0],[29.16,-29.0],[29.15,-29.0],[29.15,-28.99],[29.14,-28.99],[29.14,-28.98],[29.13,-28.98],[29.13,-28.99],[29.13,-28.98],[29.12,-28.98],[29.12,-28.97],[29.13,-28.97],[29.13,-28.96],[29.12,-28.96],[29.11,-28.96],[29.11,-28.95],[29.1,-28.95],[29.1,-28.94],[29.09,-28.94],[29.08,-28.94],[29.07,-28.94],[29.07,-28.93],[29.08,-28.93],[29.07,-28.93],[29.07,-28.92],[29.08,-28.92],[29.07,-28.92],[29.08,-28.92],[29.07,-28.92],[29.06,-28.92],[29.05,-28.92],[29.05,-28.91],[29.04,-28.91],[29.04,-28.92],[29.04,-28.91],[29.04,-28.9],[29.03,-28.9],[29.03,-28.89],[29.02,-28.89],[29.02,-28.88],[29.01,-28.88],[29.01,-28.89],[29.01,-28.9],[29.0,-28.9],[28.99,-28.9],[28.99,-28.91],[28.99,-28.92],[28.98,-28.92],[28.98,-28.91],[28.97,-28.91],[28.97,-28.9],[28.97,-28.89],[28.96,-28.89],[28.96,-28.88],[28.96,-28.87],[28.95,-28.87],[28.94,-28.87],[28.94,-28.86],[28.94,-28.85],[28.95,-28.85],[28.95,-28.86],[28.95,-28.85],[28.95,-28.84],[28.94,-28.84],[28.95,-28.84],[28.95,-28.83],[28.94,-28.83],[28.95,-28.83],[28.95,-28.82],[28.94,-28.82],[28.93,-28.82],[28.92,-28.82],[28.92,-28.81],[28.93,-28.81],[28.94,-28.81],[28.94,-28.8],[28.94,-28.81],[28.95,-28.81],[28.95,-28.8],[28.94,-28.8],[28.94,-28.79],[28.93,-28.79],[28.94,-28.79],[28.95,-28.79],[28.94,-28.79],[28.94,-28.78],[28.93,-28.78],[28.93,-28.77],[28.92,-28.77],[28.91,-28.77],[28.92,-28.77],[28.92,-28.76],[28.91,-28.76],[28.9,-28.76],[28.9,-28.77],[28.89,-28.77],[28.89,-28.78],[28.89,-28.77],[28.89,-28.78],[28.88,-28.78],[28.88,-28.77],[28.87,-28.77]]]]},"properties":{"name":"Uthukela District"}},{"type":"Feature","geometry":{"type":"MultiPolygon","coordinates":[[[[30.62,-28.71],[30.62,-28.7],[30.63,-28.7],[30.64,-28.7],[30.64,-28.69],[30.65,-28.69],[30.66,-28.69],[30.67,-28.69],[30.67,-28.68],[30.68,-28.68],[30.68,-28.67],[30.68,-28.66],[30.68,-28.65],[30.67,-28.65],[30.67,-28.64],[30.68,-28.64],[30.69,-28.64],[30.69,-28.65],[30.7,-28.65],[30.71,-28.65],[30.71,-28.66],[30.72,-28.66],[30.73,-28.66],[30.73,-28.67],[30.73,-28.66],[30.74,-28.66],[30.74,-28.65],[30.73,-28.65],[30.73,-28.64],[30.74,-28.64],[30.75,-28.63],[30.76,-28.63],[30.77,-28.63],[30.78,-28.63],[30.79,-28.63],[30.81,-28.6],[30.82,-28.6],[30.82,-28.59],[30.83,-28.59],[30.83,-28.58],[30.84,-28.58],[30.84,-28.57],[30.83,-28.58],[30.82,-28.58],[30.81,-28.58],[30.81,-28.57],[30.8,-28.57],[30.81,-28.57],[30.8,-28.57],[30.8,-28.56],[30.79,-28.56],[30.78,-28.56],[30.78,-28.55],[30.77,-28.55],[30.76,-28.55],[30.76,-28.54],[30.77,-28.54],[30.77,-28.53],[30.77,-28.52],[30.78,-28.52],[30.79,-28.52],[30.8,-28.52],[30.81,-28.51],[30.81,-28.5],[30.82,-28.48],[30.83,-28.48],[30.83,-28.47],[30.83,-28.46],[30.85,-28.46],[30.86,-28.45],[30.87,-28.45],[30.88,-28.45],[30.89,-28.44],[30.9,-28.44],[30.95,-28.41],[30.96,-28.41],[30.97,-28.41],[30.97,-28.4],[30.98,-28.4],[30.99,-28.4],[30.99,-28.39],[31.0,-28.39],[30.99,-28.4],[30.99,-28.41],[30.99,-28.42],[31.0,-28.42],[31.01,-28.42],[31.02,-28.42],[31.02,-28.43],[31.02,-28.44],[31.03,-28.44],[31.02,-28.44],[31.02,-28.45],[31.03,-28.45],[31.04,-28.45],[31.04,-28.46],[31.05,-28.46],[31.06,-28.46],[31.06,-28.47],[31.06,-28.48],[31.07,-28.48],[31.06,-28.48],[31.07,-28.48],[31.06,-28.48],[31.06,-28.49],[31.07,-28.49],[31.08,-28.49],[31.08,-28.5],[31.07,-28.5],[31.08,-28.5],[31.07,-28.5],[31.07,-28.51],[31.08,-28.51],[31.08,-28.5],[31.08,-28.51],[31.08,-28.5],[31.09,-28.5],[31.1,-28.5],[31.11,-28.51],[31.12,-28.51],[31.12,-28.52],[31.11,-28.52],[31.1,-28.52],[31.1,-28.53],[31.11,-28.53],[31.12,-28.53],[31.12,-28.54],[31.13,-28.54],[31.14,-28.54],[31.15,-28.54],[31.16,-28.54],[31.16,-28.55],[31.17,-28.55],[31.17,-28.54],[31.18,-28.54],[31.19,-28.53],[31.19,-28.52],[31.19,-28.51],[31.2,-28.51],[31.2,-28.52],[31.21,-28.52],[31.21,-28.51],[31.2,-28.51],[31.19,-28.5],[31.2,-28.49],[31.21,-28.49],[31.22,-28.48],[31.23,-28.48],[31.23,-28.47],[31.24,-28.47],[31.25,-28.46],[31.26,-28.47],[31.27,-28.48],[31.28,-28.48],[31.29,-28.47],[31.3,-28.46],[31.31,-28.47],[31.33,-28.45],[31.33,-28.44],[31.33,-28.43],[31.33,-28.42],[31.33,-28.41],[31.34,-28.41],[31.34,-28.4],[31.35,-28.4],[31.35,-28.39],[31.36,-28.39],[31.36,-28.4],[31.39,-28.43],[31.41,-28.45],[31.41,-28.46],[31.43,-28.47],[31.45,-28.48],[31.48,-28.47],[31.5,-28.47],[31.5,-28.46],[31.5,-28.45],[31.5,-28.44],[31.49,-28.44],[31.49,-28.43],[31.5,-28.43],[31.51,-28.43],[31.51,-28.42],[31.52,-28.42],[31.52,-28.43],[31.52,-28.44],[31.53,-28.44],[31.53,-28.43],[31.54,-28.43],[31.54,-28.42],[31.54,-28.41],[31.55,-28.41],[31.55,-28.4],[31.54,-28.4],[31.54,-28.39],[31.53,-28.39],[31.54,-28.39],[31.54,-28.38],[31.55,-28.38],[31.55,-28.39],[31.56,-28.39],[31.56,-28.38],[31.57,-28.38],[31.57,-28.37],[31.58,-28.37],[31.58,-28.38],[31.59,-28.38],[31.59,-28.39],[31.6,-28.39],[31.6,-28.38],[31.6,-28.37],[31.61,-28.37],[31.61,-28.38],[31.61,-28.39],[31.61,-28.4],[31.62,-28.4],[31.62,-28.41],[31.63,-28.41],[31.64,-28.41],[31.64,-28.4],[31.64,-28.39],[31.65,-28.39],[31.66,-28.39],[31.66,-28.4],[31.67,-28.4],[31.68,-28.4],[31.68,-28.39],[31.69,-28.39],[31.69,-28.4],[31.69,-28.39],[31.69,-28.38],[31.68,-28.38],[31.69,-28.38],[31.7,-28.37],[31.71,-28.37],[31.72,-28.37],[31.71,-28.37],[31.71,-28.38],[31.7,-28.38],[31.71,-28.38],[31.71,-28.39],[31.72,-28.39],[31.72,-28.4],[31.73,-28.4],[31.73,-28.41],[31.74,-28.41],[31.75,-28.41],[31.74,-28.43],[31.81,-28.43],[31.83,-28.43],[31.84,-28.43],[31.86,-28.42],[31.87,-28.42],[31.89,-28.42],[31.91,-28.41],[31.93,-28.41],[31.94,-28.41],[31.96,-28.41],[31.96,-28.4],[31.97,-28.4],[31.97,-28.39],[31.97,-28.38],[31.98,-28.36],[31.98,-28.35],[31.99,-28.35],[31.99,-28.36],[32.0,-28.36],[32.01,-28.36],[32.02,-28.36],[32.02,-28.37],[32.02,-28.38],[32.02,-28.39],[32.02,-28.38],[32.01,-28.38],[32.0,-28.38],[31.99,-28.38],[31.99,-28.39],[32.0,-28.39],[32.0,-28.4],[32.01,-28.4],[32.01,-28.41],[32.02,-28.41],[32.03,-28.41],[32.03,-28.4],[32.04,-28.4],[32.05,-28.41],[32.05,-28.42],[32.06,-28.42],[32.06,-28.41],[32.07,-28.41],[32.07,-28.42],[32.06,-28.42],[32.06,-28.43],[32.06,-28.44],[32.06,-28.45],[32.05,-28.45],[32.06,-28.45],[32.06,-28.46],[32.07,-28.46],[32.07,-28.45],[32.08,-28.45],[32.09,-28.45],[32.1,-28.44],[32.11,-28.44],[32.12,-28.44],[32.13,-28.44],[32.13,-28.45],[32.13,-28.46],[32.14,-28.46],[32.15,-28.46],[32.15,-28.45],[32.16,-28.45],[32.17,-28.45],[32.18,-28.45],[32.19,-28.45],[32.2,-28.45],[32.2,-28.46],[32.21,-28.46],[32.22,-28.46],[32.23,-28.46],[32.23,-28.45],[32.23,-28.46],[32.23,-28.47],[32.23,-28.48],[32.23,-28.49],[32.24,-28.49],[32.25,-28.49],[32.26,-28.49],[32.26,-28.5],[32.27,-28.5],[32.28,-28.5],[32.28,-28.51],[32.29,-28.51],[32.3,-28.51],[32.3,-28.52],[32.31,-28.52],[32.32,-28.52],[32.32,-28.51],[32.33,-28.51],[32.33,-28.5],[32.34,-28.5],[32.34,-28.49],[32.35,-28.49],[32.36,-28.49],[32.37,-28.49],[32.38,-28.49],[32.38,-28.48],[32.39,-28.48],[32.39,-28.47],[32.41,-28.48],[32.42,-28.48],[32.41,-28.48],[32.41,-28.49],[32.41,-28.5],[32.41,-28.51],[32.4,-28.51],[32.4,-28.52],[32.4,-28.53],[32.39,-28.53],[32.39,-28.54],[32.39,-28.55],[32.38,-28.55],[32.38,-28.56],[32.37,-28.56],[32.37,-28.57],[32.36,-28.57],[32.36,-28.58],[32.35,-28.58],[32.35,-28.59],[32.34,-28.59],[32.34,-28.6],[32.33,-28.6],[32.32,-28.61],[32.31,-28.61],[32.31,-28.62],[32.3,-28.62],[32.3,-28.63],[32.3,-28.64],[32.29,-28.64],[32.28,-28.64],[32.28,-28.65],[32.27,-28.65],[32.27,-28.66],[32.26,-28.66],[32.25,-28.66],[32.25,-28.67],[32.24,-28.67],[32.24,-28.68],[32.23,-28.68],[32.23,-28.69],[32.22,-28.69],[32.22,-28.7],[32.21,-28.7],[32.21,-28.71],[32.2,-28.71],[32.2,-28.72],[32.19,-28.72],[32.19,-28.73],[32.18,-28.73],[32.17,-28.74],[32.16,-28.74],[32.16,-28.75],[32.15,-28.75],[32.15,-28.76],[32.14,-28.76],[32.14,-28.77],[32.13,-28.77],[32.13,-28.78],[32.12,-28.78],[32.12,-28.79],[32.11,-28.79],[32.11,-28.8],[32.1,-28.8],[32.1,-28.81],[32.1,-28.82],[32.09,-28.82],[32.09,-28.81],[32.09,-28.82],[32.08,-28.82],[32.07,-28.83],[32.06,-28.83],[32.06,-28.84],[32.05,-28.84],[32.05,-28.85],[32.04,-28.85],[32.04,-28.86],[32.03,-28.86],[32.03,-28.87],[32.03,-28.86],[32.01,-28.88],[32.0,-28.88],[32.0,-28.89],[31.96,-28.9],[31.95,-28.9],[31.94,-28.91],[31.93,-28.91],[31.92,-28.92],[31.91,-28.92],[31.9,-28.92],[31.89,-28.93],[31.88,-28.93],[31.87,-28.93],[31.86,-28.94],[31.85,-28.94],[31.84,-28.94],[31.83,-28.94],[31.82,-28.94],[31.82,-28.95],[31.82,-28.94],[31.82,-28.95],[31.81,-28.95],[31.8,-28.95],[31.79,-28.95],[31.79,-28.96],[31.78,-28.96],[31.77,-28.96],[31.77,-28.97],[31.76,-28.97],[31.75,-28.97],[31.75,-28.98],[31.74,-28.98],[31.74,-28.99],[31.73,-28.99],[31.73,-29.0],[31.73,-29.01],[31.72,-29.01],[31.72,-29.02],[31.71,-29.02],[31.71,-29.03],[31.7,-29.03],[31.7,-29.04],[31.69,-29.04],[31.69,-29.05],[31.68,-29.05],[31.67,-29.05],[31.66,-29.05],[31.65,-29.05],[31.64,-29.05],[31.63,-29.05],[31.62,-29.05],[31.61,-29.05],[31.6,-29.05],[31.59,-29.05],[31.58,-29.05],[31.58,-29.06],[31.57,-29.06],[31.56,-29.06],[31.55,-29.06],[31.55,-29.05],[31.54,-29.05],[31.54,-29.06],[31.53,-29.06],[31.53,-29.05],[31.52,-29.05],[31.52,-29.04],[31.53,-29.04],[31.52,-29.04],[31.51,-29.04],[31.52,-29.04],[31.52,-29.05],[31.51,-29.05],[31.51,-29.04],[31.51,-29.03],[31.51,-29.04],[31.5,-29.04],[31.5,-29.03],[31.49,-29.03],[31.49,-29.02],[31.48,-29.02],[31.48,-29.03],[31.47,-29.03],[31.47,-29.02],[31.47,-29.01],[31.47,-29.0],[31.47,-29.01],[31.46,-29.01],[31.46,-29.02],[31.45,-29.02],[31.45,-29.01],[31.45,-29.0],[31.46,-29.0],[31.46,-28.99],[31.46,-28.98],[31.46,-28.99],[31.45,-28.99],[31.44,-28.99],[31.44,-29.0],[31.44,-28.99],[31.43,-28.99],[31.43,-29.0],[31.43,-28.99],[31.43,-29.0],[31.42,-29.0],[31.43,-29.0],[31.42,-29.0],[31.42,-28.99],[31.41,-28.99],[31.41,-29.0],[31.4,-29.0],[31.39,-29.0],[31.38,-29.0],[31.38,-29.01],[31.38,-29.02],[31.38,-29.03],[31.38,-29.04],[31.37,-29.04],[31.38,-29.04],[31.37,-29.04],[31.37,-29.05],[31.38,-29.05],[31.37,-29.05],[31.37,-29.06],[31.37,-29.05],[31.37,-29.06],[31.36,-29.06],[31.37,-29.06],[31.38,-29.06],[31.39,-29.06],[31.39,-29.07],[31.38,-29.07],[31.38,-29.08],[31.37,-29.08],[31.37,-29.09],[31.36,-29.09],[31.35,-29.09],[31.34,-29.09],[31.35,-29.09],[31.34,-29.09],[31.34,-29.1],[31.35,-29.1],[31.34,-29.1],[31.33,-29.1],[31.33,-29.11],[31.32,-29.11],[31.33,-29.11],[31.34,-29.11],[31.34,-29.12],[31.33,-29.12],[31.33,-29.13],[31.32,-29.13],[31.32,-29.14],[31.33,-29.14],[31.32,-29.14],[31.32,-29.15],[31.31,-29.15],[31.31,-29.16],[31.3,-29.16],[31.31,-29.16],[31.31,-29.17],[31.3,-29.17],[31.29,-29.17],[31.29,-29.16],[31.28,-29.16],[31.29,-29.16],[31.29,-29.15],[31.3,-29.15],[31.3,-29.14],[31.3,-29.13],[31.29,-29.13],[31.29,-29.12],[31.29,-29.11],[31.28,-29.11],[31.28,-29.12],[31.27,-29.12],[31.27,-29.13],[31.27,-29.14],[31.26,-29.14],[31.26,-29.15],[31.25,-29.15],[31.25,-29.14],[31.25,-29.13],[31.25,-29.12],[31.24,-29.12],[31.24,-29.11],[31.23,-29.11],[31.22,-29.11],[31.21,-29.11],[31.21,-29.1],[31.21,-29.09],[31.2,-29.09],[31.2,-29.08],[31.19,-29.08],[31.18,-29.08],[31.18,-29.07],[31.18,-29.06],[31.18,-29.05],[31.17,-29.05],[31.16,-29.05],[31.15,-29.05],[31.15,-29.04],[31.14,-29.04],[31.14,-29.03],[31.13,-29.03],[31.13,-29.02],[31.13,-29.01],[31.12,-29.01],[31.12,-29.0],[31.12,-28.99],[31.12,-28.98],[31.13,-28.98],[31.13,-28.97],[31.13,-28.96],[31.12,-28.96],[31.11,-28.96],[31.1,-28.96],[31.09,-28.96],[31.08,-28.96],[31.08,-28.97],[31.09,-28.97],[31.09,-28.98],[31.1,-28.98],[31.1,-28.99],[31.09,-28.99],[31.08,-28.99],[31.07,-28.99],[31.07,-28.98],[31.08,-28.97],[31.08,-28.96],[31.07,-28.96],[31.07,-28.95],[31.06,-28.95],[31.05,-28.95],[31.04,-28.95],[31.04,-28.94],[31.03,-28.94],[31.03,-28.93],[31.03,-28.92],[31.04,-28.92],[31.04,-28.91],[31.03,-28.91],[31.03,-28.9],[31.03,-28.89],[31.04,-28.89],[31.04,-28.88],[31.04,-28.87],[31.03,-28.87],[31.03,-28.86],[31.02,-28.86],[31.01,-28.86],[31.01,-28.85],[31.0,-28.85],[31.0,-28.86],[30.99,-28.86],[30.98,-28.86],[30.98,-28.85],[30.98,-28.84],[30.97,-28.84],[30.97,-28.83],[30.97,-28.82],[30.98,-28.82],[30.99,-28.81],[30.99,-28.8],[30.98,-28.8],[30.97,-28.8],[30.96,-28.8],[30.96,-28.79],[30.95,-28.79],[30.94,-28.79],[30.94,-28.8],[30.93,-28.8],[30.93,-28.81],[30.93,-28.82],[30.93,-28.83],[30.94,-28.83],[30.94,-28.84],[30.94,-28.85],[30.93,-28.85],[30.92,-28.85],[30.91,-28.85],[30.91,-28.84],[30.9,-28.84],[30.9,-28.83],[30.9,-28.82],[30.91,-28.82],[30.91,-28.81],[30.91,-28.8],[30.91,-28.79],[30.91,-28.78],[30.9,-28.78],[30.9,-28.77],[30.89,-28.77],[30.89,-28.76],[30.88,-28.76],[30.88,-28.77],[30.87,-28.77],[30.87,-28.78],[30.86,-28.78],[30.85,-28.78],[30.85,-28.77],[30.84,-28.77],[30.83,-28.77],[30.82,-28.77],[30.82,-28.78],[30.81,-28.78],[30.8,-28.78],[30.8,-28.77],[30.81,-28.77],[30.81,-28.76],[30.82,-28.76],[30.82,-28.75],[30.82,-28.74],[30.82,-28.73],[30.81,-28.73],[30.81,-28.74],[30.81,-28.73],[30.8,-28.73],[30.79,-28.73],[30.78,-28.73],[30.77,-28.73],[30.77,-28.72],[30.76,-28.72],[30.75,-28.72],[30.75,-28.73],[30.76,-28.73],[30.76,-28.74],[30.77,-28.74],[30.77,-28.75],[30.77,-28.76],[30.76,-28.76],[30.75,-28.76],[30.75,-28.77],[30.74,-28.77],[30.74,-28.78],[30.74,-28.79],[30.75,-28.79],[30.75,-28.8],[30.74,-28.8],[30.73,-28.8],[30.73,-28.79],[30.72,-28.79],[30.71,-28.79],[30.71,-28.78],[30.7,-28.78],[30.7,-28.77],[30.71,-28.77],[30.72,-28.77],[30.73,-28.77],[30.73,-28.76],[30.73,-28.75],[30.72,-28.75],[30.72,-28.74],[30.71,-28.74],[30.7,-28.74],[30.7,-28.73],[30.69,-28.73],[30.68,-28.74],[30.67,-28.74],[30.67,-28.75],[30.66,-28.75],[30.66,-28.74],[30.65,-28.74],[30.65,-28.73],[30.65,-28.72],[30.64,-28.72],[30.64,-28.71],[30.63,-28.71],[30.62,-28.71]]]]},"properties":{"name":"uThungulu District"}},{"type":"Feature","geometry":{"type":"MultiPolygon","coordinates":[[[[28.9,-22.51],[28.91,-22.51],[28.91,-22.5],[28.9,-22.5],[28.91,-22.5],[28.91,-22.49],[28.92,-22.49],[28.92,-22.48],[28.92,-22.47],[28.92,-22.46],[28.92,-22.45],[28.93,-22.45],[28.93,-22.44],[28.94,-22.44],[28.94,-22.43],[28.95,-22.43],[28.95,-22.42],[28.95,-22.41],[28.95,-22.4],[28.96,-22.4],[28.96,-22.39],[28.97,-22.39],[28.97,-22.38],[28.97,-22.37],[28.97,-22.36],[28.97,-22.35],[28.96,-22.35],[28.96,-22.34],[28.96,-22.33],[28.96,-22.32],[28.96,-22.31],[28.97,-22.31],[28.97,-22.3],[28.98,-22.3],[28.98,-22.29],[28.98,-22.28],[28.99,-22.28],[29.0,-22.28],[29.0,-22.27],[29.0,-22.26],[29.01,-22.26],[29.01,-22.25],[29.01,-22.24],[29.01,-22.23],[29.02,-22.23],[29.03,-22.23],[29.03,-22.22],[29.04,-22.22],[29.05,-22.22],[29.06,-22.22],[29.07,-22.22],[29.08,-22.22],[29.09,-22.22],[29.1,-22.22],[29.1,-22.21],[29.11,-22.21],[29.12,-22.21],[29.13,-22.21],[29.14,-22.21],[29.14,-22.22],[29.15,-22.22],[29.15,-22.21],[29.16,-22.21],[29.17,-22.21],[29.17,-22.2],[29.18,-22.2],[29.18,-22.19],[29.19,-22.19],[29.19,-22.18],[29.2,-22.18],[29.21,-22.18],[29.22,-22.18],[29.23,-22.18],[29.24,-22.18],[29.24,-22.19],[29.25,-22.19],[29.26,-22.19],[29.27,-22.19],[29.28,-22.19],[29.29,-22.19],[29.3,-22.19],[29.31,-22.19],[29.32,-22.19],[29.33,-22.19],[29.33,-22.2],[29.34,-22.2],[29.34,-22.19],[29.35,-22.19],[29.35,-22.2],[29.36,-22.2],[29.37,-22.2],[29.38,-22.2],[29.38,-22.19],[29.39,-22.19],[29.4,-22.19],[29.4,-22.18],[29.41,-22.18],[29.42,-22.18],[29.42,-22.17],[29.43,-22.17],[29.44,-22.17],[29.45,-22.17],[29.46,-22.17],[29.47,-22.17],[29.48,-22.17],[29.49,-22.17],[29.5,-22.17],[29.51,-22.17],[29.51,-22.18],[29.52,-22.18],[29.53,-22.18],[29.53,-22.17],[29.54,-22.17],[29.53,-22.16],[29.54,-22.16],[29.54,-22.15],[29.55,-22.15],[29.56,-22.15],[29.57,-22.15],[29.57,-22.14],[29.58,-22.14],[29.59,-22.14],[29.59,-22.15],[29.6,-22.15],[29.6,-22.16],[29.61,-22.16],[29.61,-22.15],[29.62,-22.15],[29.62,-22.14],[29.63,-22.14],[29.63,-22.13],[29.64,-22.13],[29.65,-22.13],[29.66,-22.13],[29.67,-22.13],[29.67,-22.14],[29.68,-22.14],[29.69,-22.14],[29.7,-22.14],[29.71,-22.14],[29.72,-22.14],[29.73,-22.14],[29.74,-22.14],[29.75,-22.14],[29.76,-22.14],[29.77,-22.14],[29.78,-22.14],[29.78,-22.15],[29.79,-22.15],[29.79,-22.16],[29.8,-22.16],[29.8,-22.17],[29.81,-22.17],[29.82,-22.17],[29.83,-22.17],[29.83,-22.18],[29.84,-22.18],[29.84,-22.17],[29.85,-22.17],[29.86,-22.17],[29.86,-22.18],[29.87,-22.18],[29.87,-22.19],[29.88,-22.19],[29.89,-22.19],[29.89,-22.2],[29.89,-22.19],[29.9,-22.19],[29.91,-22.19],[29.92,-22.19],[29.93,-22.19],[29.93,-22.2],[29.94,-22.2],[29.95,-22.2],[29.95,-22.21],[29.96,-22.21],[29.96,-22.22],[29.97,-22.22],[29.98,-22.22],[29.99,-22.22],[29.99,-22.23],[30.0,-22.23],[30.01,-22.23],[30.02,-22.23],[30.02,-22.24],[30.02,-22.25],[30.03,-22.25],[30.03,-22.26],[30.04,-22.26],[30.05,-22.26],[30.05,-22.25],[30.05,-22.26],[30.06,-22.26],[30.07,-22.26],[30.07,-22.27],[30.08,-22.27],[30.08,-22.28],[30.09,-22.28],[30.1,-22.28],[30.1,-22.29],[30.11,-22.29],[30.11,-22.3],[30.12,-22.3],[30.12,-22.31],[30.13,-22.31],[30.14,-22.31],[30.14,-22.3],[30.15,-22.3],[30.16,-22.3],[30.17,-22.3],[30.18,-22.3],[30.19,-22.3],[30.2,-22.3],[30.21,-22.3],[30.22,-22.3],[30.22,-22.29],[30.23,-22.29],[30.23,-22.3],[30.24,-22.3],[30.24,-22.31],[30.25,-22.31],[30.25,-22.32],[30.26,-22.32],[30.26,-22.33],[30.27,-22.34],[30.27,-22.35],[30.28,-22.35],[30.29,-22.36],[30.3,-22.36],[30.3,-22.35],[30.31,-22.35],[30.32,-22.35],[30.33,-22.35],[30.34,-22.35],[30.35,-22.35],[30.36,-22.35],[30.37,-22.35],[30.38,-22.35],[30.39,-22.35],[30.4,-22.35],[30.4,-22.34],[30.41,-22.34],[30.42,-22.34],[30.43,-22.34],[30.44,-22.34],[30.44,-22.33],[30.45,-22.33],[30.46,-22.33],[30.46,-22.32],[30.47,-22.32],[30.48,-22.32],[30.49,-22.32],[30.5,-22.32],[30.51,-22.32],[30.52,-22.32],[30.53,-22.32],[30.53,-22.33],[30.54,-22.33],[30.55,-22.33],[30.56,-22.33],[30.56,-22.32],[30.57,-22.32],[30.58,-22.32],[30.59,-22.32],[30.6,-22.32],[30.61,-22.32],[30.61,-22.33],[30.62,-22.33],[30.62,-22.34],[30.63,-22.34],[30.64,-22.33],[30.65,-22.32],[30.65,-22.31],[30.66,-22.31],[30.67,-22.31],[30.68,-22.31],[30.69,-22.31],[30.69,-22.32],[30.7,-22.32],[30.71,-22.32],[30.72,-22.32],[30.72,-22.31],[30.73,-22.31],[30.74,-22.31],[30.75,-22.31],[30.76,-22.31],[30.76,-22.3],[30.77,-22.3],[30.78,-22.3],[30.79,-22.3],[30.8,-22.3],[30.81,-22.3],[30.82,-22.3],[30.82,-22.29],[30.83,-22.29],[30.84,-22.29],[30.85,-22.29],[30.85,-22.3],[30.86,-22.3],[30.87,-22.3],[30.88,-22.3],[30.89,-22.3],[30.9,-22.3],[30.91,-22.3],[30.92,-22.3],[30.93,-22.3],[30.94,-22.3],[30.94,-22.31],[30.95,-22.31],[30.95,-22.32],[30.95,-22.31],[30.96,-22.31],[30.97,-22.31],[30.97,-22.32],[30.97,-22.33],[30.98,-22.33],[30.99,-22.33],[30.99,-22.32],[31.0,-22.32],[31.01,-22.32],[31.02,-22.32],[31.03,-22.33],[31.04,-22.33],[31.05,-22.34],[31.06,-22.34],[31.07,-22.34],[31.08,-22.34],[31.08,-22.35],[31.09,-22.35],[31.1,-22.35],[31.11,-22.34],[31.12,-22.34],[31.13,-22.34],[31.13,-22.33],[31.14,-22.33],[31.15,-22.33],[31.16,-22.33],[31.17,-22.33],[31.18,-22.33],[31.18,-22.34],[31.19,-22.34],[31.19,-22.35],[31.2,-22.35],[31.2,-22.36],[31.21,-22.37],[31.22,-22.37],[31.23,-22.37],[31.24,-22.37],[31.24,-22.36],[31.25,-22.36],[31.26,-22.36],[31.26,-22.37],[31.27,-22.37],[31.27,-22.38],[31.28,-22.38],[31.28,-22.39],[31.28,-22.4],[31.29,-22.4],[31.29,-22.41],[31.3,-22.41],[31.3,-22.42],[31.31,-22.42],[31.31,-22.43],[31.32,-22.45],[31.34,-22.52],[31.34,-22.53],[31.35,-22.54],[31.48,-22.93],[31.55,-23.14],[31.56,-23.2],[31.56,-23.22],[31.55,-23.22],[31.54,-23.21],[31.54,-23.2],[31.54,-23.19],[31.53,-23.19],[31.53,-23.18],[31.52,-23.18],[31.51,-23.18],[31.51,-23.17],[31.5,-23.17],[31.5,-23.16],[31.49,-23.16],[31.48,-23.16],[31.48,-23.15],[31.47,-23.14],[31.46,-23.14],[31.45,-23.13],[31.46,-23.12],[31.46,-23.11],[31.45,-23.11],[31.44,-23.11],[31.43,-23.11],[31.43,-23.1],[31.42,-23.1],[31.42,-23.09],[31.41,-23.09],[31.41,-23.1],[31.4,-23.1],[31.39,-23.1],[31.38,-23.1],[31.38,-23.11],[31.37,-23.12],[31.38,-23.12],[31.38,-23.13],[31.38,-23.14],[31.37,-23.14],[31.36,-23.14],[31.35,-23.14],[31.35,-23.15],[31.35,-23.16],[31.34,-23.16],[31.34,-23.17],[31.33,-23.17],[31.32,-23.17],[31.31,-23.17],[31.3,-23.17],[31.29,-23.18],[31.3,-23.18],[31.29,-23.18],[31.28,-23.18],[31.28,-23.19],[31.27,-23.19],[31.26,-23.19],[31.26,-23.2],[31.25,-23.21],[31.24,-23.21],[31.23,-23.21],[31.23,-23.22],[31.22,-23.22],[31.21,-23.22],[31.2,-23.22],[31.2,-23.21],[31.19,-23.21],[31.18,-23.21],[31.18,-23.2],[31.17,-23.2],[31.17,-23.21],[31.16,-23.21],[31.16,-23.2],[31.17,-23.2],[31.17,-23.19],[31.16,-23.19],[31.15,-23.19],[31.15,-23.18],[31.14,-23.18],[31.13,-23.18],[31.13,-23.17],[31.12,-23.17],[31.12,-23.18],[31.11,-23.18],[31.11,-23.19],[31.1,-23.19],[31.1,-23.2],[31.09,-23.2],[31.09,-23.21],[31.08,-23.21],[31.08,-23.2],[31.07,-23.2],[31.07,-23.19],[31.06,-23.19],[31.06,-23.18],[31.05,-23.18],[31.05,-23.17],[31.05,-23.18],[31.04,-23.18],[31.04,-23.19],[31.04,-23.2],[31.03,-23.2],[31.03,-23.19],[31.02,-23.19],[31.02,-23.18],[31.02,-23.17],[31.01,-23.17],[31.0,-23.17],[30.99,-23.17],[30.99,-23.18],[30.99,-23.17],[30.98,-23.17],[30.97,-23.17],[30.96,-23.17],[30.96,-23.16],[30.95,-23.16],[30.95,-23.17],[30.95,-23.18],[30.94,-23.18],[30.94,-23.17],[30.94,-23.16],[30.93,-23.15],[30.93,-23.14],[30.92,-23.14],[30.92,-23.15],[30.91,-23.15],[30.91,-23.14],[30.9,-23.14],[30.89,-23.14],[30.89,-23.15],[30.88,-23.15],[30.88,-23.14],[30.88,-23.13],[30.87,-23.13],[30.87,-23.12],[30.87,-23.13],[30.86,-23.13],[30.86,-23.12],[30.85,-23.12],[30.84,-23.12],[30.83,-23.12],[30.83,-23.11],[30.84,-23.11],[30.84,-23.1],[30.83,-23.1],[30.83,-23.09],[30.82,-23.09],[30.82,-23.1],[30.82,-23.09],[30.82,-23.1],[30.81,-23.1],[30.8,-23.1],[30.8,-23.09],[30.79,-23.09],[30.78,-23.09],[30.77,-23.09],[30.76,-23.1],[30.76,-23.09],[30.75,-23.09],[30.75,-23.08],[30.74,-23.08],[30.73,-23.08],[30.73,-23.07],[30.71,-23.09],[30.7,-23.1],[30.69,-23.11],[30.68,-23.13],[30.67,-23.14],[30.66,-23.14],[30.66,-23.15],[30.65,-23.16],[30.63,-23.18],[30.62,-23.18],[30.62,-23.17],[30.61,-23.17],[30.6,-23.18],[30.61,-23.18],[30.6,-23.18],[30.59,-23.18],[30.58,-23.18],[30.57,-23.18],[30.56,-23.18],[30.57,-23.18],[30.56,-23.18],[30.55,-23.18],[30.55,-23.19],[30.53,-23.21],[30.52,-23.22],[30.52,-23.23],[30.53,-23.24],[30.53,-23.27],[30.53,-23.28],[30.53,-23.27],[30.52,-23.27],[30.51,-23.27],[30.51,-23.26],[30.5,-23.25],[30.49,-23.25],[30.49,-23.24],[30.48,-23.24],[30.47,-23.24],[30.46,-23.24],[30.46,-23.25],[30.45,-23.25],[30.44,-23.25],[30.44,-23.26],[30.43,-23.26],[30.43,-23.27],[30.42,-23.27],[30.41,-23.26],[30.41,-23.25],[30.4,-23.24],[30.4,-23.23],[30.4,-23.24],[30.37,-23.25],[30.36,-23.25],[30.35,-23.25],[30.33,-23.25],[30.35,-23.28],[30.36,-23.3],[30.37,-23.31],[30.36,-23.32],[30.36,-23.33],[30.36,-23.34],[30.35,-23.34],[30.35,-23.35],[30.34,-23.35],[30.34,-23.36],[30.34,-23.37],[30.33,-23.37],[30.33,-23.38],[30.29,-23.39],[30.29,-23.38],[30.27,-23.35],[30.27,-23.34],[30.27,-23.32],[30.23,-23.31],[30.22,-23.31],[30.2,-23.31],[30.19,-23.31],[30.17,-23.31],[30.15,-23.31],[30.15,-23.34],[30.14,-23.34],[30.12,-23.34],[30.09,-23.35],[30.07,-23.36],[30.05,-23.37],[30.05,-23.36],[30.06,-23.34],[30.04,-23.34],[30.02,-23.34],[30.01,-23.34],[30.0,-23.34],[29.99,-23.36],[29.99,-23.37],[29.99,-23.38],[29.98,-23.38],[29.97,-23.38],[29.96,-23.38],[29.96,-23.39],[29.95,-23.39],[29.94,-23.38],[29.94,-23.37],[29.93,-23.37],[29.93,-23.38],[29.93,-23.39],[29.93,-23.4],[29.92,-23.4],[29.92,-23.41],[29.91,-23.41],[29.91,-23.4],[29.9,-23.4],[29.9,-23.41],[29.9,-23.42],[29.89,-23.42],[29.88,-23.41],[29.87,-23.42],[29.87,-23.44],[29.85,-23.43],[29.84,-23.43],[29.83,-23.43],[29.81,-23.43],[29.77,-23.43],[29.75,-23.43],[29.74,-23.44],[29.74,-23.41],[29.71,-23.42],[29.7,-23.42],[29.68,-23.42],[29.66,-23.41],[29.64,-23.4],[29.64,-23.41],[29.63,-23.42],[29.63,-23.43],[29.62,-23.43],[29.61,-23.42],[29.61,-23.41],[29.61,-23.4],[29.62,-23.4],[29.62,-23.39],[29.61,-23.39],[29.61,-23.38],[29.6,-23.38],[29.6,-23.37],[29.6,-23.36],[29.61,-23.35],[29.61,-23.34],[29.61,-23.33],[29.62,-23.33],[29.62,-23.32],[29.61,-23.32],[29.61,-23.31],[29.6,-23.31],[29.6,-23.3],[29.59,-23.3],[29.59,-23.29],[29.59,-23.28],[29.59,-23.27],[29.56,-23.27],[29.55,-23.27],[29.54,-23.27],[29.53,-23.28],[29.48,-23.28],[29.47,-23.28],[29.43,-23.28],[29.44,-23.25],[29.39,-23.24],[29.36,-23.24],[29.34,-23.25],[29.33,-23.25],[29.32,-23.25],[29.29,-23.24],[29.27,-23.24],[29.28,-23.23],[29.29,-23.2],[29.28,-23.2],[29.27,-23.2],[29.26,-23.2],[29.27,-23.18],[29.27,-23.17],[29.26,-23.15],[29.26,-23.13],[29.25,-23.11],[29.28,-23.11],[29.28,-23.1],[29.27,-23.09],[29.29,-23.08],[29.31,-23.07],[29.31,-23.05],[29.3,-23.04],[29.3,-23.03],[29.28,-23.0],[29.29,-22.99],[29.29,-22.97],[29.26,-22.99],[29.26,-22.98],[29.26,-22.96],[29.25,-22.94],[29.22,-22.96],[29.18,-22.97],[29.17,-22.95],[29.17,-22.92],[29.18,-22.9],[29.19,-22.87],[29.2,-22.85],[29.21,-22.85],[29.21,-22.84],[29.21,-22.83],[29.21,-22.82],[29.22,-22.81],[29.23,-22.77],[29.24,-22.74],[29.22,-22.72],[29.2,-22.71],[29.24,-22.69],[29.21,-22.66],[29.21,-22.65],[29.2,-22.64],[29.2,-22.62],[29.18,-22.58],[29.17,-22.57],[29.17,-22.55],[29.13,-22.54],[29.11,-22.54],[29.09,-22.54],[29.06,-22.55],[29.04,-22.56],[29.01,-22.57],[29.0,-22.57],[28.98,-22.58],[28.96,-22.56],[28.94,-22.53],[28.93,-22.52],[28.9,-22.51]]]]},"properties":{"name":"Vhembe District"}},{"type":"Feature","geometry":{"type":"MultiPolygon","coordinates":[[[[26.41,-24.65],[26.41,-24.64],[26.42,-24.64],[26.42,-24.63],[26.42,-24.62],[26.43,-24.62],[26.44,-24.62],[26.44,-24.61],[26.45,-24.61],[26.46,-24.61],[26.46,-24.6],[26.46,-24.59],[26.47,-24.59],[26.47,-24.58],[26.48,-24.58],[26.48,-24.57],[26.48,-24.56],[26.48,-24.55],[26.49,-24.55],[26.49,-24.54],[26.49,-24.53],[26.5,-24.53],[26.5,-24.52],[26.5,-24.51],[26.51,-24.51],[26.51,-24.5],[26.51,-24.49],[26.51,-24.5],[26.51,-24.49],[26.52,-24.48],[26.53,-24.48],[26.54,-24.48],[26.54,-24.47],[26.54,-24.46],[26.54,-24.47],[26.55,-24.47],[26.55,-24.46],[26.55,-24.45],[26.56,-24.45],[26.57,-24.45],[26.57,-24.44],[26.57,-24.43],[26.58,-24.43],[26.57,-24.43],[26.58,-24.43],[26.58,-24.42],[26.59,-24.42],[26.59,-24.41],[26.6,-24.41],[26.61,-24.41],[26.61,-24.4],[26.62,-24.4],[26.62,-24.39],[26.63,-24.39],[26.63,-24.4],[26.63,-24.39],[26.64,-24.39],[26.64,-24.38],[26.65,-24.38],[26.65,-24.39],[26.66,-24.39],[26.66,-24.38],[26.67,-24.38],[26.66,-24.38],[26.67,-24.38],[26.67,-24.37],[26.67,-24.36],[26.66,-24.36],[26.67,-24.36],[26.67,-24.35],[26.68,-24.35],[26.67,-24.35],[26.68,-24.35],[26.68,-24.34],[26.69,-24.34],[26.7,-24.34],[26.7,-24.33],[26.7,-24.32],[26.71,-24.32],[26.7,-24.32],[26.71,-24.32],[26.72,-24.32],[26.72,-24.31],[26.73,-24.31],[26.73,-24.32],[26.73,-24.31],[26.73,-24.3],[26.74,-24.3],[26.74,-24.31],[26.74,-24.3],[26.74,-24.31],[26.75,-24.31],[26.76,-24.31],[26.75,-24.31],[26.76,-24.31],[26.77,-24.31],[26.77,-24.3],[26.77,-24.31],[26.77,-24.3],[26.77,-24.31],[26.77,-24.3],[26.77,-24.31],[26.77,-24.3],[26.78,-24.3],[26.78,-24.31],[26.79,-24.31],[26.78,-24.31],[26.79,-24.31],[26.79,-24.3],[26.8,-24.3],[26.8,-24.29],[26.81,-24.29],[26.82,-24.29],[26.81,-24.29],[26.81,-24.28],[26.82,-24.28],[26.82,-24.27],[26.83,-24.27],[26.82,-24.27],[26.83,-24.27],[26.84,-24.27],[26.85,-24.27],[26.85,-24.26],[26.86,-24.26],[26.85,-24.26],[26.86,-24.26],[26.86,-24.25],[26.86,-24.26],[26.86,-24.25],[26.87,-24.25],[26.86,-24.25],[26.87,-24.25],[26.87,-24.24],[26.86,-24.24],[26.86,-24.23],[26.86,-24.22],[26.87,-24.22],[26.87,-24.21],[26.87,-24.2],[26.88,-24.2],[26.88,-24.19],[26.87,-24.19],[26.87,-24.18],[26.86,-24.18],[26.86,-24.17],[26.87,-24.17],[26.88,-24.17],[26.88,-24.16],[26.88,-24.15],[26.87,-24.15],[26.87,-24.14],[26.86,-24.14],[26.86,-24.13],[26.87,-24.13],[26.87,-24.12],[26.86,-24.12],[26.86,-24.11],[26.86,-24.1],[26.87,-24.1],[26.88,-24.1],[26.88,-24.09],[26.89,-24.09],[26.89,-24.08],[26.89,-24.07],[26.89,-24.06],[26.89,-24.05],[26.89,-24.04],[26.9,-24.04],[26.9,-24.03],[26.91,-24.03],[26.91,-24.02],[26.91,-24.01],[26.91,-24.0],[26.91,-23.99],[26.91,-23.98],[26.91,-23.97],[26.92,-23.97],[26.92,-23.96],[26.93,-23.96],[26.93,-23.95],[26.93,-23.94],[26.93,-23.93],[26.93,-23.92],[26.93,-23.91],[26.94,-23.91],[26.94,-23.9],[26.94,-23.89],[26.94,-23.88],[26.95,-23.88],[26.95,-23.87],[26.96,-23.87],[26.95,-23.87],[26.95,-23.86],[26.94,-23.86],[26.93,-23.86],[26.93,-23.85],[26.94,-23.85],[26.94,-23.84],[26.95,-23.84],[26.95,-23.83],[26.96,-23.83],[26.95,-23.83],[26.95,-23.82],[26.95,-23.81],[26.95,-23.8],[26.95,-23.79],[26.96,-23.79],[26.96,-23.78],[26.96,-23.77],[26.97,-23.77],[26.96,-23.77],[26.96,-23.76],[26.97,-23.76],[26.97,-23.75],[26.96,-23.75],[26.96,-23.74],[26.97,-23.74],[26.97,-23.73],[26.97,-23.72],[26.97,-23.71],[26.97,-23.7],[26.98,-23.7],[26.99,-23.69],[27.0,-23.69],[27.0,-23.68],[27.0,-23.67],[27.0,-23.66],[27.0,-23.65],[27.0,-23.64],[27.01,-23.64],[27.02,-23.64],[27.03,-23.64],[27.03,-23.65],[27.02,-23.65],[27.02,-23.66],[27.03,-23.66],[27.04,-23.66],[27.04,-23.67],[27.03,-23.67],[27.03,-23.68],[27.04,-23.68],[27.05,-23.68],[27.06,-23.68],[27.06,-23.67],[27.07,-23.67],[27.07,-23.66],[27.08,-23.66],[27.07,-23.66],[27.07,-23.65],[27.08,-23.65],[27.08,-23.66],[27.08,-23.65],[27.08,-23.64],[27.08,-23.63],[27.07,-23.63],[27.06,-23.63],[27.06,-23.62],[27.06,-23.61],[27.07,-23.61],[27.08,-23.61],[27.09,-23.61],[27.08,-23.61],[27.08,-23.6],[27.09,-23.6],[27.1,-23.6],[27.11,-23.6],[27.11,-23.59],[27.11,-23.58],[27.11,-23.57],[27.12,-23.57],[27.12,-23.56],[27.12,-23.57],[27.13,-23.57],[27.14,-23.57],[27.15,-23.57],[27.15,-23.56],[27.15,-23.55],[27.14,-23.55],[27.14,-23.54],[27.13,-23.54],[27.13,-23.53],[27.14,-23.53],[27.13,-23.53],[27.13,-23.52],[27.14,-23.52],[27.15,-23.52],[27.15,-23.53],[27.16,-23.54],[27.16,-23.53],[27.16,-23.54],[27.16,-23.53],[27.17,-23.53],[27.17,-23.52],[27.18,-23.52],[27.18,-23.53],[27.19,-23.53],[27.2,-23.53],[27.2,-23.54],[27.2,-23.53],[27.21,-23.53],[27.21,-23.52],[27.2,-23.52],[27.19,-23.51],[27.19,-23.5],[27.2,-23.5],[27.2,-23.49],[27.21,-23.49],[27.22,-23.49],[27.23,-23.49],[27.22,-23.49],[27.22,-23.5],[27.23,-23.5],[27.24,-23.49],[27.24,-23.48],[27.25,-23.48],[27.26,-23.48],[27.26,-23.47],[27.26,-23.48],[27.27,-23.48],[27.27,-23.47],[27.28,-23.47],[27.29,-23.47],[27.29,-23.46],[27.3,-23.46],[27.31,-23.46],[27.31,-23.45],[27.32,-23.45],[27.32,-23.44],[27.31,-23.44],[27.32,-23.44],[27.32,-23.43],[27.31,-23.43],[27.32,-23.43],[27.32,-23.42],[27.33,-23.42],[27.33,-23.41],[27.32,-23.41],[27.33,-23.41],[27.33,-23.4],[27.34,-23.4],[27.35,-23.4],[27.36,-23.4],[27.36,-23.41],[27.35,-23.41],[27.35,-23.42],[27.35,-23.43],[27.36,-23.43],[27.37,-23.43],[27.38,-23.43],[27.38,-23.42],[27.38,-23.41],[27.37,-23.41],[27.38,-23.41],[27.38,-23.4],[27.38,-23.39],[27.39,-23.39],[27.4,-23.39],[27.41,-23.39],[27.41,-23.4],[27.41,-23.41],[27.4,-23.41],[27.4,-23.42],[27.41,-23.42],[27.41,-23.43],[27.42,-23.43],[27.43,-23.43],[27.43,-23.42],[27.43,-23.41],[27.43,-23.4],[27.44,-23.4],[27.44,-23.39],[27.44,-23.38],[27.45,-23.38],[27.45,-23.39],[27.46,-23.39],[27.46,-23.38],[27.46,-23.39],[27.47,-23.39],[27.47,-23.38],[27.47,-23.39],[27.48,-23.39],[27.48,-23.38],[27.48,-23.39],[27.49,-23.39],[27.49,-23.38],[27.5,-23.38],[27.5,-23.39],[27.51,-23.39],[27.52,-23.39],[27.53,-23.39],[27.53,-23.38],[27.54,-23.38],[27.54,-23.37],[27.54,-23.36],[27.55,-23.36],[27.56,-23.36],[27.56,-23.35],[27.57,-23.34],[27.57,-23.33],[27.57,-23.32],[27.56,-23.32],[27.56,-23.31],[27.57,-23.3],[27.57,-23.29],[27.58,-23.28],[27.57,-23.28],[27.57,-23.27],[27.57,-23.26],[27.58,-23.26],[27.59,-23.26],[27.59,-23.25],[27.6,-23.25],[27.6,-23.24],[27.6,-23.23],[27.6,-23.22],[27.61,-23.22],[27.62,-23.22],[27.63,-23.22],[27.64,-23.22],[27.64,-23.23],[27.64,-23.22],[27.64,-23.23],[27.65,-23.23],[27.65,-23.22],[27.66,-23.22],[27.66,-23.21],[27.67,-23.21],[27.67,-23.2],[27.68,-23.2],[27.69,-23.2],[27.7,-23.2],[27.7,-23.21],[27.71,-23.21],[27.71,-23.22],[27.71,-23.23],[27.72,-23.23],[27.73,-23.23],[27.74,-23.23],[27.75,-23.23],[27.75,-23.22],[27.75,-23.21],[27.75,-23.2],[27.76,-23.2],[27.76,-23.19],[27.77,-23.19],[27.77,-23.18],[27.78,-23.18],[27.78,-23.17],[27.79,-23.17],[27.79,-23.16],[27.78,-23.16],[27.78,-23.15],[27.77,-23.15],[27.77,-23.14],[27.77,-23.13],[27.78,-23.13],[27.78,-23.14],[27.79,-23.14],[27.8,-23.14],[27.81,-23.14],[27.81,-23.13],[27.82,-23.13],[27.82,-23.12],[27.81,-23.12],[27.81,-23.11],[27.82,-23.11],[27.82,-23.1],[27.82,-23.11],[27.83,-23.11],[27.84,-23.11],[27.84,-23.1],[27.85,-23.1],[27.86,-23.1],[27.87,-23.1],[27.87,-23.09],[27.88,-23.09],[27.89,-23.09],[27.89,-23.08],[27.9,-23.08],[27.91,-23.08],[27.91,-23.07],[27.92,-23.07],[27.92,-23.06],[27.93,-23.06],[27.93,-23.05],[27.94,-23.05],[27.94,-23.04],[27.94,-23.03],[27.94,-23.02],[27.94,-23.01],[27.94,-23.0],[27.94,-22.99],[27.94,-22.98],[27.94,-22.97],[27.94,-22.96],[27.95,-22.96],[27.96,-22.96],[27.97,-22.96],[27.97,-22.95],[27.98,-22.95],[27.98,-22.94],[27.99,-22.94],[28.0,-22.94],[28.0,-22.93],[28.01,-22.93],[28.02,-22.93],[28.02,-22.92],[28.03,-22.92],[28.03,-22.91],[28.04,-22.91],[28.04,-22.9],[28.05,-22.9],[28.05,-22.89],[28.05,-22.88],[28.05,-22.87],[28.04,-22.87],[28.05,-22.87],[28.05,-22.86],[28.04,-22.85],[28.04,-22.84],[28.04,-22.83],[28.05,-22.83],[28.06,-22.83],[28.07,-22.83],[28.07,-22.82],[28.08,-22.82],[28.09,-22.82],[28.09,-22.81],[28.1,-22.81],[28.14,-22.83],[28.11,-22.85],[28.15,-22.87],[28.13,-22.88],[28.15,-22.89],[28.17,-22.91],[28.15,-22.92],[28.17,-22.93],[28.18,-22.95],[28.19,-22.94],[28.2,-22.93],[28.23,-22.97],[28.25,-23.0],[28.22,-23.0],[28.22,-23.05],[28.24,-23.08],[28.25,-23.11],[28.26,-23.1],[28.27,-23.1],[28.29,-23.09],[28.31,-23.11],[28.34,-23.12],[28.34,-23.15],[28.35,-23.18],[28.32,-23.2],[28.33,-23.23],[28.34,-23.26],[28.36,-23.28],[28.35,-23.3],[28.37,-23.3],[28.38,-23.3],[28.39,-23.32],[28.4,-23.33],[28.41,-23.35],[28.43,-23.34],[28.44,-23.34],[28.45,-23.33],[28.47,-23.32],[28.47,-23.31],[28.5,-23.34],[28.54,-23.35],[28.57,-23.38],[28.59,-23.38],[28.6,-23.4],[28.64,-23.39],[28.66,-23.39],[28.66,-23.38],[28.66,-23.37],[28.67,-23.37],[28.67,-23.36],[28.68,-23.36],[28.68,-23.35],[28.68,-23.34],[28.69,-23.34],[28.74,-23.33],[28.75,-23.35],[28.76,-23.36],[28.77,-23.37],[28.78,-23.38],[28.79,-23.41],[28.8,-23.42],[28.83,-23.45],[28.83,-23.46],[28.87,-23.49],[28.88,-23.5],[28.89,-23.51],[28.9,-23.52],[28.91,-23.54],[28.94,-23.57],[28.97,-23.6],[28.93,-23.6],[28.92,-23.62],[28.91,-23.62],[28.9,-23.63],[28.89,-23.64],[28.88,-23.64],[28.88,-23.65],[28.88,-23.67],[28.88,-23.68],[28.88,-23.69],[28.88,-23.7],[28.87,-23.72],[28.87,-23.73],[28.86,-23.76],[28.87,-23.77],[28.88,-23.78],[28.86,-23.79],[28.85,-23.79],[28.85,-23.81],[28.85,-23.83],[28.84,-23.83],[28.85,-23.84],[28.86,-23.85],[28.88,-23.86],[28.91,-23.86],[28.91,-23.85],[28.92,-23.83],[28.92,-23.82],[28.92,-23.81],[28.95,-23.82],[28.96,-23.82],[28.97,-23.83],[28.98,-23.83],[28.99,-23.84],[29.0,-23.84],[28.99,-23.86],[28.99,-23.87],[28.98,-23.88],[29.01,-23.9],[29.04,-23.91],[29.05,-23.91],[29.07,-23.93],[29.07,-23.94],[29.08,-23.95],[29.08,-23.96],[29.09,-23.97],[29.09,-23.98],[29.1,-23.99],[29.11,-23.99],[29.12,-24.0],[29.13,-24.0],[29.14,-24.0],[29.14,-24.01],[29.15,-24.01],[29.16,-24.01],[29.18,-24.01],[29.2,-24.01],[29.19,-24.02],[29.18,-24.03],[29.17,-24.04],[29.15,-24.06],[29.16,-24.08],[29.19,-24.07],[29.19,-24.08],[29.19,-24.09],[29.2,-24.09],[29.21,-24.1],[29.23,-24.11],[29.23,-24.13],[29.23,-24.15],[29.23,-24.14],[29.21,-24.16],[29.19,-24.17],[29.19,-24.2],[29.2,-24.23],[29.19,-24.26],[29.17,-24.27],[29.15,-24.22],[29.1,-24.23],[29.07,-24.21],[29.05,-24.23],[29.04,-24.24],[29.03,-24.25],[29.04,-24.26],[29.04,-24.28],[29.04,-24.3],[29.06,-24.3],[29.05,-24.37],[29.06,-24.37],[29.08,-24.37],[29.09,-24.37],[29.11,-24.37],[29.12,-24.37],[29.13,-24.37],[29.14,-24.37],[29.17,-24.36],[29.21,-24.35],[29.21,-24.34],[29.22,-24.34],[29.23,-24.34],[29.24,-24.34],[29.25,-24.34],[29.26,-24.34],[29.26,-24.35],[29.26,-24.36],[29.25,-24.37],[29.25,-24.38],[29.26,-24.4],[29.27,-24.42],[29.28,-24.43],[29.29,-24.45],[29.3,-24.46],[29.3,-24.47],[29.31,-24.49],[29.32,-24.52],[29.33,-24.54],[29.33,-24.56],[29.35,-24.57],[29.36,-24.59],[29.39,-24.57],[29.39,-24.59],[29.4,-24.6],[29.4,-24.61],[29.39,-24.61],[29.38,-24.61],[29.38,-24.62],[29.37,-24.62],[29.39,-24.64],[29.39,-24.65],[29.39,-24.66],[29.37,-24.66],[29.36,-24.67],[29.35,-24.67],[29.34,-24.68],[29.33,-24.68],[29.3,-24.69],[29.28,-24.7],[29.26,-24.71],[29.25,-24.71],[29.27,-24.74],[29.27,-24.78],[29.28,-24.79],[29.27,-24.8],[29.27,-24.81],[29.26,-24.81],[29.25,-24.81],[29.23,-24.81],[29.22,-24.85],[29.21,-24.87],[29.2,-24.9],[29.18,-24.9],[29.18,-24.91],[29.18,-24.94],[29.17,-24.95],[29.16,-24.95],[29.15,-24.96],[29.14,-24.96],[29.13,-24.96],[29.12,-24.97],[29.11,-24.97],[29.1,-24.97],[29.1,-24.98],[29.08,-24.98],[29.08,-24.96],[29.07,-24.94],[29.06,-24.93],[29.06,-24.92],[29.06,-24.91],[29.05,-24.91],[29.04,-24.91],[29.03,-24.91],[29.02,-24.91],[28.99,-24.91],[28.99,-24.9],[28.98,-24.91],[28.97,-24.91],[28.96,-24.91],[28.95,-24.9],[28.95,-24.89],[28.94,-24.88],[28.94,-24.87],[28.94,-24.88],[28.93,-24.88],[28.92,-24.88],[28.91,-24.89],[28.92,-24.9],[28.91,-24.91],[28.9,-24.91],[28.88,-24.92],[28.85,-24.93],[28.84,-24.92],[28.82,-24.92],[28.81,-24.91],[28.78,-24.91],[28.77,-24.91],[28.76,-24.91],[28.75,-24.92],[28.73,-24.94],[28.72,-24.95],[28.71,-24.95],[28.7,-24.96],[28.69,-24.96],[28.68,-24.97],[28.67,-24.97],[28.66,-24.97],[28.65,-24.98],[28.64,-24.98],[28.63,-24.98],[28.63,-24.99],[28.62,-24.99],[28.61,-25.0],[28.61,-25.01],[28.62,-25.03],[28.63,-25.05],[28.63,-25.06],[28.61,-25.06],[28.61,-25.07],[28.6,-25.07],[28.59,-25.07],[28.57,-25.08],[28.56,-25.08],[28.55,-25.08],[28.53,-25.08],[28.51,-25.08],[28.5,-25.08],[28.5,-25.09],[28.49,-25.09],[28.47,-25.09],[28.49,-25.13],[28.5,-25.13],[28.49,-25.13],[28.47,-25.13],[28.45,-25.14],[28.44,-25.13],[28.43,-25.13],[28.43,-25.14],[28.42,-25.14],[28.41,-25.14],[28.41,-25.15],[28.4,-25.15],[28.39,-25.15],[28.38,-25.16],[28.39,-25.16],[28.4,-25.18],[28.4,-25.19],[28.41,-25.2],[28.41,-25.21],[28.4,-25.21],[28.39,-25.21],[28.41,-25.21],[28.43,-25.21],[28.45,-25.2],[28.46,-25.2],[28.48,-25.19],[28.5,-25.18],[28.51,-25.18],[28.52,-25.18],[28.52,-25.17],[28.53,-25.17],[28.54,-25.15],[28.56,-25.15],[28.57,-25.15],[28.58,-25.15],[28.58,-25.14],[28.59,-25.14],[28.6,-25.14],[28.64,-25.13],[28.64,-25.12],[28.63,-25.12],[28.64,-25.12],[28.65,-25.11],[28.65,-25.13],[28.65,-25.14],[28.63,-25.15],[28.62,-25.15],[28.63,-25.17],[28.64,-25.18],[28.64,-25.19],[28.65,-25.2],[28.66,-25.21],[28.67,-25.21],[28.68,-25.21],[28.68,-25.22],[28.68,-25.23],[28.68,-25.24],[28.67,-25.24],[28.67,-25.25],[28.66,-25.25],[28.66,-25.24],[28.66,-25.23],[28.66,-25.24],[28.65,-25.25],[28.65,-25.26],[28.64,-25.26],[28.64,-25.27],[28.63,-25.28],[28.62,-25.27],[28.61,-25.26],[28.6,-25.25],[28.59,-25.25],[28.57,-25.25],[28.56,-25.25],[28.55,-25.25],[28.54,-25.25],[28.53,-25.25],[28.51,-25.26],[28.5,-25.27],[28.5,-25.28],[28.5,-25.29],[28.5,-25.3],[28.5,-25.31],[28.47,-25.31],[28.45,-25.31],[28.44,-25.31],[28.43,-25.32],[28.42,-25.32],[28.41,-25.32],[28.39,-25.32],[28.38,-25.32],[28.38,-25.31],[28.38,-25.3],[28.38,-25.29],[28.34,-25.3],[28.33,-25.3],[28.32,-25.3],[28.32,-25.31],[28.3,-25.31],[28.3,-25.29],[28.29,-25.28],[28.28,-25.27],[28.28,-25.26],[28.27,-25.26],[28.27,-25.25],[28.26,-25.25],[28.26,-25.24],[28.26,-25.23],[28.25,-25.23],[28.25,-25.22],[28.25,-25.21],[28.24,-25.21],[28.23,-25.21],[28.23,-25.2],[28.22,-25.2],[28.21,-25.2],[28.2,-25.2],[28.19,-25.2],[28.18,-25.21],[28.17,-25.21],[28.16,-25.21],[28.15,-25.21],[28.14,-25.21],[28.14,-25.2],[28.13,-25.2],[28.13,-25.19],[28.13,-25.18],[28.13,-25.17],[28.13,-25.15],[28.11,-25.15],[28.1,-25.15],[28.09,-25.15],[28.08,-25.1],[28.1,-25.1],[28.12,-25.1],[28.13,-25.1],[28.14,-25.09],[28.15,-25.09],[28.18,-25.11],[28.17,-25.12],[28.2,-25.13],[28.21,-25.13],[28.22,-25.12],[28.22,-25.11],[28.24,-25.09],[28.24,-25.08],[28.24,-25.07],[28.25,-25.07],[28.25,-25.06],[28.26,-25.06],[28.26,-25.05],[28.25,-25.05],[28.24,-25.04],[28.23,-25.04],[28.22,-25.04],[28.2,-25.03],[28.19,-25.03],[28.17,-25.03],[28.16,-25.02],[28.13,-25.0],[28.12,-25.0],[28.12,-24.98],[28.11,-24.98],[28.1,-24.98],[28.09,-24.98],[28.08,-24.98],[28.04,-24.98],[28.04,-24.99],[28.02,-24.97],[28.01,-24.97],[28.0,-24.97],[27.99,-24.97],[27.99,-24.96],[27.98,-24.96],[27.98,-24.97],[27.95,-24.97],[27.95,-24.98],[27.95,-25.0],[27.92,-24.99],[27.91,-24.99],[27.9,-24.99],[27.89,-24.99],[27.88,-24.99],[27.87,-24.98],[27.86,-24.98],[27.85,-24.98],[27.84,-24.98],[27.84,-24.97],[27.83,-24.97],[27.82,-24.97],[27.8,-24.97],[27.79,-24.97],[27.77,-24.97],[27.76,-24.97],[27.74,-24.98],[27.71,-24.99],[27.7,-24.99],[27.69,-24.99],[27.68,-24.99],[27.66,-24.98],[27.64,-24.98],[27.63,-24.97],[27.61,-24.98],[27.6,-24.98],[27.6,-24.99],[27.6,-25.0],[27.6,-25.01],[27.59,-25.02],[27.59,-25.03],[27.57,-25.05],[27.57,-25.06],[27.56,-25.07],[27.56,-25.08],[27.57,-25.08],[27.56,-25.08],[27.56,-25.09],[27.55,-25.09],[27.54,-25.1],[27.53,-25.1],[27.53,-25.09],[27.53,-25.08],[27.52,-25.08],[27.5,-25.07],[27.49,-25.08],[27.49,-25.07],[27.48,-25.07],[27.44,-25.08],[27.43,-25.08],[27.42,-25.07],[27.39,-25.08],[27.38,-25.08],[27.35,-25.09],[27.34,-25.09],[27.33,-25.07],[27.32,-25.06],[27.31,-25.04],[27.29,-25.04],[27.27,-25.04],[27.25,-25.05],[27.22,-25.07],[27.23,-25.05],[27.23,-25.04],[27.2,-25.03],[27.21,-25.02],[27.21,-25.0],[27.22,-24.98],[27.23,-24.96],[27.2,-24.95],[27.18,-24.95],[27.16,-24.97],[27.16,-24.98],[27.15,-24.98],[27.15,-24.95],[27.14,-24.95],[27.14,-24.94],[27.13,-24.93],[27.11,-24.9],[27.1,-24.9],[27.09,-24.9],[27.07,-24.89],[27.06,-24.89],[27.04,-24.89],[27.04,-24.87],[27.04,-24.86],[27.04,-24.85],[27.04,-24.83],[27.03,-24.81],[27.03,-24.8],[27.03,-24.79],[27.03,-24.77],[27.03,-24.76],[27.03,-24.72],[27.0,-24.72],[26.99,-24.72],[26.98,-24.72],[26.98,-24.74],[26.98,-24.75],[26.98,-24.77],[26.98,-24.78],[26.96,-24.78],[26.95,-24.78],[26.94,-24.78],[26.93,-24.79],[26.92,-24.79],[26.91,-24.79],[26.9,-24.8],[26.86,-24.81],[26.85,-24.81],[26.84,-24.82],[26.83,-24.82],[26.82,-24.82],[26.82,-24.83],[26.79,-24.83],[26.78,-24.84],[26.77,-24.85],[26.77,-24.86],[26.76,-24.87],[26.76,-24.88],[26.75,-24.88],[26.74,-24.88],[26.73,-24.87],[26.71,-24.86],[26.7,-24.87],[26.66,-24.84],[26.62,-24.81],[26.6,-24.82],[26.57,-24.82],[26.56,-24.82],[26.53,-24.81],[26.52,-24.81],[26.51,-24.81],[26.49,-24.81],[26.48,-24.81],[26.46,-24.81],[26.46,-24.8],[26.46,-24.79],[26.45,-24.79],[26.44,-24.79],[26.44,-24.78],[26.43,-24.78],[26.43,-24.77],[26.43,-24.76],[26.43,-24.75],[26.42,-24.74],[26.42,-24.73],[26.42,-24.72],[26.42,-24.71],[26.42,-24.7],[26.43,-24.7],[26.43,-24.69],[26.42,-24.69],[26.42,-24.68],[26.42,-24.67],[26.43,-24.67],[26.43,-24.66],[26.42,-24.66],[26.42,-24.65],[26.41,-24.65]]]]},"properties":{"name":"Waterberg District"}},{"type":"Feature","geometry":{"type":"MultiPolygon","coordinates":[[[[17.76,-31.15],[17.77,-31.16],[17.79,-31.16],[17.8,-31.17],[17.81,-31.17],[17.82,-31.17],[17.83,-31.18],[17.83,-31.16],[17.83,-31.15],[17.82,-31.14],[17.82,-31.13],[17.82,-31.11],[17.81,-31.09],[17.82,-31.09],[17.83,-31.08],[17.84,-31.07],[17.85,-31.07],[17.85,-31.06],[17.86,-31.05],[17.87,-31.05],[17.88,-31.04],[17.89,-31.04],[17.89,-31.03],[17.9,-31.03],[17.91,-31.02],[17.92,-31.02],[17.92,-31.01],[17.93,-31.01],[17.92,-31.0],[17.91,-30.99],[17.9,-30.98],[17.9,-30.97],[17.89,-30.97],[17.89,-30.96],[17.88,-30.95],[17.88,-30.94],[17.88,-30.93],[17.88,-30.92],[17.89,-30.92],[17.9,-30.92],[17.91,-30.92],[17.92,-30.92],[17.93,-30.92],[17.95,-30.92],[17.96,-30.92],[17.97,-30.91],[17.98,-30.92],[17.99,-30.92],[17.99,-30.91],[17.99,-30.9],[17.99,-30.89],[17.99,-30.88],[17.99,-30.87],[17.99,-30.86],[17.99,-30.84],[17.99,-30.83],[17.99,-30.82],[18.0,-30.81],[18.0,-30.8],[18.01,-30.79],[18.02,-30.79],[18.03,-30.79],[18.03,-30.78],[18.04,-30.78],[18.05,-30.78],[18.06,-30.78],[18.08,-30.78],[18.09,-30.79],[18.1,-30.79],[18.12,-30.81],[18.14,-30.83],[18.17,-30.85],[18.18,-30.84],[18.19,-30.84],[18.19,-30.83],[18.2,-30.83],[18.21,-30.83],[18.2,-30.83],[18.2,-30.82],[18.2,-30.81],[18.21,-30.81],[18.22,-30.81],[18.22,-30.82],[18.23,-30.82],[18.24,-30.82],[18.25,-30.83],[18.26,-30.82],[18.27,-30.82],[18.27,-30.81],[18.27,-30.8],[18.28,-30.8],[18.28,-30.79],[18.29,-30.78],[18.29,-30.77],[18.3,-30.77],[18.3,-30.76],[18.31,-30.76],[18.31,-30.75],[18.31,-30.74],[18.33,-30.71],[18.34,-30.71],[18.34,-30.7],[18.35,-30.69],[18.35,-30.68],[18.36,-30.68],[18.37,-30.67],[18.37,-30.66],[18.37,-30.59],[18.38,-30.58],[18.38,-30.57],[18.39,-30.57],[18.39,-30.56],[18.4,-30.55],[18.41,-30.54],[18.41,-30.53],[18.41,-30.52],[18.41,-30.51],[18.4,-30.51],[18.4,-30.5],[18.4,-30.49],[18.39,-30.49],[18.39,-30.48],[18.39,-30.47],[18.38,-30.47],[18.38,-30.46],[18.39,-30.47],[18.4,-30.47],[18.4,-30.48],[18.41,-30.48],[18.41,-30.49],[18.42,-30.49],[18.43,-30.5],[18.44,-30.5],[18.44,-30.51],[18.5,-30.58],[18.51,-30.59],[18.52,-30.61],[18.52,-30.6],[18.51,-30.58],[18.51,-30.57],[18.5,-30.56],[18.5,-30.55],[18.49,-30.54],[18.49,-30.53],[18.48,-30.52],[18.49,-30.52],[18.49,-30.51],[18.49,-30.5],[18.49,-30.49],[18.49,-30.48],[18.5,-30.47],[18.5,-30.46],[18.5,-30.45],[18.5,-30.44],[18.51,-30.44],[18.52,-30.44],[18.53,-30.44],[18.54,-30.44],[18.55,-30.44],[18.55,-30.43],[18.56,-30.43],[18.57,-30.43],[18.57,-30.44],[18.58,-30.44],[18.58,-30.45],[18.59,-30.47],[18.6,-30.47],[18.61,-30.48],[18.61,-30.49],[18.62,-30.5],[18.62,-30.51],[18.63,-30.51],[18.63,-30.52],[18.63,-30.53],[18.64,-30.53],[18.64,-30.54],[18.65,-30.55],[18.66,-30.56],[18.67,-30.56],[18.68,-30.56],[18.69,-30.56],[18.7,-30.56],[18.71,-30.56],[18.72,-30.56],[18.73,-30.56],[18.74,-30.57],[18.75,-30.57],[18.76,-30.57],[18.76,-30.58],[18.77,-30.58],[18.77,-30.59],[18.78,-30.6],[18.78,-30.61],[18.79,-30.61],[18.79,-30.62],[18.8,-30.62],[18.8,-30.63],[18.8,-30.64],[18.79,-30.64],[18.79,-30.65],[18.79,-30.66],[18.79,-30.67],[18.8,-30.67],[18.82,-30.69],[18.83,-30.69],[18.84,-30.7],[18.85,-30.71],[18.86,-30.71],[18.86,-30.72],[18.87,-30.72],[18.88,-30.72],[18.89,-30.72],[18.89,-30.73],[18.9,-30.73],[18.91,-30.73],[18.92,-30.74],[18.93,-30.74],[18.94,-30.74],[18.95,-30.74],[18.95,-30.75],[18.95,-30.76],[18.95,-30.77],[18.95,-30.78],[18.96,-30.79],[18.96,-30.8],[18.96,-30.85],[18.96,-30.86],[18.96,-30.87],[18.88,-30.89],[18.89,-30.89],[18.9,-30.9],[18.91,-30.91],[18.92,-30.92],[18.94,-30.92],[18.95,-30.93],[18.96,-30.93],[18.97,-30.94],[18.98,-30.95],[18.97,-30.95],[18.96,-30.96],[18.95,-30.96],[18.94,-30.97],[18.93,-30.97],[18.91,-30.98],[18.91,-30.99],[18.91,-31.0],[18.91,-31.01],[18.91,-31.02],[18.91,-31.03],[18.9,-31.03],[18.9,-31.04],[18.91,-31.05],[18.91,-31.06],[18.93,-31.09],[18.94,-31.1],[18.95,-31.11],[18.95,-31.13],[18.95,-31.14],[18.95,-31.15],[18.95,-31.16],[18.95,-31.17],[18.95,-31.18],[18.95,-31.2],[18.95,-31.21],[18.95,-31.22],[18.95,-31.23],[18.94,-31.24],[18.95,-31.24],[18.95,-31.25],[18.95,-31.26],[18.96,-31.26],[18.96,-31.27],[18.96,-31.28],[18.97,-31.28],[18.97,-31.29],[18.98,-31.29],[18.99,-31.29],[18.99,-31.3],[19.0,-31.3],[19.01,-31.3],[19.01,-31.31],[19.01,-31.32],[19.0,-31.32],[19.0,-31.33],[18.99,-31.33],[18.99,-31.34],[18.98,-31.35],[18.98,-31.36],[18.99,-31.36],[19.0,-31.36],[19.0,-31.37],[19.01,-31.37],[19.02,-31.37],[19.02,-31.38],[19.03,-31.38],[19.03,-31.39],[19.03,-31.4],[19.03,-31.41],[19.03,-31.42],[19.04,-31.42],[19.04,-31.43],[19.04,-31.44],[19.04,-31.45],[19.04,-31.46],[19.04,-31.47],[19.03,-31.47],[19.03,-31.48],[19.02,-31.48],[19.02,-31.49],[19.02,-31.5],[19.01,-31.5],[19.01,-31.51],[19.02,-31.51],[19.03,-31.51],[19.04,-31.51],[19.04,-31.52],[19.05,-31.52],[19.06,-31.52],[19.07,-31.52],[19.08,-31.52],[19.08,-31.53],[19.09,-31.53],[19.08,-31.53],[19.08,-31.54],[19.07,-31.54],[19.07,-31.55],[19.06,-31.56],[19.06,-31.57],[19.05,-31.57],[19.06,-31.57],[19.07,-31.57],[19.08,-31.57],[19.09,-31.57],[19.09,-31.58],[19.09,-31.59],[19.09,-31.6],[19.08,-31.61],[19.08,-31.62],[19.07,-31.62],[19.07,-31.63],[19.08,-31.63],[19.08,-31.64],[19.08,-31.65],[19.08,-31.66],[19.07,-31.66],[19.07,-31.67],[19.06,-31.67],[19.05,-31.67],[19.06,-31.69],[19.07,-31.71],[19.08,-31.72],[19.08,-31.73],[19.08,-31.74],[19.09,-31.74],[19.09,-31.75],[19.09,-31.76],[19.08,-31.76],[19.07,-31.76],[19.07,-31.77],[19.07,-31.78],[19.06,-31.78],[19.07,-31.78],[19.08,-31.78],[19.08,-31.79],[19.09,-31.79],[19.08,-31.79],[19.08,-31.8],[19.07,-31.8],[19.07,-31.81],[19.06,-31.81],[19.06,-31.82],[19.05,-31.82],[19.05,-31.83],[19.04,-31.83],[19.03,-31.83],[19.03,-31.84],[19.03,-31.85],[19.03,-31.86],[19.03,-31.87],[19.03,-31.88],[19.04,-31.88],[19.05,-31.88],[19.06,-31.88],[19.07,-31.88],[19.07,-31.89],[19.08,-31.89],[19.09,-31.89],[19.09,-31.9],[19.1,-31.9],[19.11,-31.9],[19.12,-31.91],[19.13,-31.91],[19.14,-31.91],[19.15,-31.91],[19.15,-31.9],[19.16,-31.9],[19.17,-31.91],[19.18,-31.91],[19.19,-31.91],[19.2,-31.9],[19.2,-31.92],[19.21,-31.93],[19.21,-31.94],[19.21,-31.95],[19.22,-31.94],[19.23,-31.93],[19.24,-31.92],[19.24,-31.91],[19.25,-31.91],[19.25,-31.9],[19.26,-31.9],[19.26,-31.89],[19.27,-31.88],[19.29,-31.87],[19.29,-31.86],[19.29,-31.87],[19.29,-31.88],[19.29,-31.89],[19.28,-31.9],[19.28,-31.91],[19.28,-31.92],[19.27,-31.94],[19.27,-31.95],[19.27,-31.96],[19.26,-31.97],[19.27,-31.97],[19.28,-31.98],[19.28,-31.97],[19.29,-31.97],[19.3,-31.97],[19.31,-31.98],[19.32,-31.98],[19.33,-31.99],[19.33,-32.0],[19.33,-32.01],[19.34,-32.02],[19.35,-32.02],[19.35,-32.03],[19.36,-32.03],[19.36,-32.04],[19.37,-32.04],[19.38,-32.04],[19.38,-32.03],[19.39,-32.03],[19.39,-32.02],[19.4,-32.02],[19.41,-32.02],[19.42,-32.03],[19.43,-32.03],[19.43,-32.04],[19.44,-32.04],[19.44,-32.05],[19.45,-32.05],[19.45,-32.06],[19.46,-32.07],[19.47,-32.07],[19.48,-32.07],[19.48,-32.08],[19.49,-32.08],[19.49,-32.09],[19.48,-32.11],[19.49,-32.12],[19.5,-32.11],[19.5,-32.09],[19.51,-32.09],[19.51,-32.1],[19.51,-32.11],[19.52,-32.12],[19.51,-32.12],[19.51,-32.13],[19.5,-32.13],[19.49,-32.13],[19.48,-32.14],[19.48,-32.15],[19.48,-32.16],[19.49,-32.16],[19.5,-32.18],[19.5,-32.19],[19.49,-32.2],[19.5,-32.21],[19.49,-32.21],[19.5,-32.21],[19.5,-32.22],[19.49,-32.22],[19.49,-32.23],[19.49,-32.24],[19.5,-32.25],[19.49,-32.25],[19.48,-32.26],[19.46,-32.27],[19.43,-32.28],[19.41,-32.29],[19.41,-32.3],[19.41,-32.31],[19.42,-32.34],[19.43,-32.35],[19.43,-32.36],[19.43,-32.37],[19.44,-32.37],[19.43,-32.37],[19.44,-32.38],[19.44,-32.39],[19.45,-32.39],[19.45,-32.4],[19.46,-32.4],[19.46,-32.41],[19.46,-32.42],[19.47,-32.42],[19.47,-32.43],[19.47,-32.44],[19.48,-32.44],[19.48,-32.45],[19.49,-32.45],[19.49,-32.46],[19.49,-32.47],[19.5,-32.47],[19.5,-32.48],[19.5,-32.47],[19.51,-32.47],[19.51,-32.48],[19.52,-32.48],[19.52,-32.49],[19.49,-32.5],[19.49,-32.54],[19.49,-32.57],[19.48,-32.58],[19.48,-32.6],[19.47,-32.6],[19.46,-32.61],[19.45,-32.61],[19.45,-32.63],[19.44,-32.64],[19.44,-32.63],[19.42,-32.62],[19.4,-32.61],[19.39,-32.61],[19.38,-32.61],[19.37,-32.61],[19.36,-32.62],[19.34,-32.58],[19.32,-32.57],[19.28,-32.58],[19.26,-32.59],[19.22,-32.57],[19.2,-32.58],[19.17,-32.57],[19.16,-32.57],[19.15,-32.58],[19.15,-32.59],[19.16,-32.6],[19.15,-32.61],[19.14,-32.6],[19.14,-32.62],[19.16,-32.64],[19.16,-32.65],[19.17,-32.66],[19.17,-32.67],[19.18,-32.67],[19.19,-32.68],[19.2,-32.71],[19.21,-32.72],[19.21,-32.73],[19.17,-32.74],[19.17,-32.8],[19.18,-32.81],[19.18,-32.83],[19.19,-32.85],[19.19,-32.87],[19.15,-32.98],[19.17,-33.04],[19.18,-33.06],[19.17,-33.09],[19.15,-33.11],[19.09,-33.11],[19.08,-33.12],[19.07,-33.13],[19.06,-33.13],[19.06,-33.14],[19.05,-33.14],[19.04,-33.14],[19.03,-33.14],[19.02,-33.14],[19.01,-33.14],[19.01,-33.15],[19.0,-33.15],[18.99,-33.15],[18.98,-33.15],[18.97,-33.16],[18.96,-33.17],[18.96,-33.18],[18.96,-33.19],[18.94,-33.19],[18.94,-33.2],[18.93,-33.2],[18.94,-33.2],[18.95,-33.2],[18.95,-33.21],[18.94,-33.21],[18.95,-33.21],[18.95,-33.22],[18.96,-33.22],[18.96,-33.23],[18.95,-33.23],[18.95,-33.24],[18.95,-33.25],[18.95,-33.26],[18.95,-33.25],[18.95,-33.26],[18.95,-33.27],[18.96,-33.27],[18.97,-33.27],[18.97,-33.28],[18.98,-33.28],[18.97,-33.29],[18.98,-33.29],[18.98,-33.3],[18.99,-33.3],[18.99,-33.31],[19.0,-33.31],[18.99,-33.31],[18.98,-33.31],[18.98,-33.32],[18.98,-33.33],[18.99,-33.33],[18.99,-33.34],[18.98,-33.34],[18.98,-33.35],[18.99,-33.35],[18.99,-33.36],[18.99,-33.37],[18.99,-33.38],[18.98,-33.38],[18.99,-33.38],[18.99,-33.39],[18.99,-33.4],[18.98,-33.4],[18.98,-33.41],[18.97,-33.41],[18.98,-33.41],[18.97,-33.41],[18.97,-33.42],[18.97,-33.43],[18.96,-33.43],[18.96,-33.44],[18.96,-33.45],[18.95,-33.45],[18.95,-33.46],[18.94,-33.47],[18.94,-33.48],[18.94,-33.49],[18.93,-33.49],[18.94,-33.49],[18.94,-33.5],[18.94,-33.51],[18.94,-33.52],[18.93,-33.52],[18.93,-33.53],[18.94,-33.54],[18.94,-33.55],[18.93,-33.55],[18.91,-33.55],[18.9,-33.55],[18.9,-33.56],[18.9,-33.57],[18.89,-33.57],[18.88,-33.57],[18.86,-33.58],[18.86,-33.57],[18.85,-33.57],[18.84,-33.58],[18.84,-33.59],[18.84,-33.6],[18.83,-33.6],[18.82,-33.6],[18.81,-33.61],[18.8,-33.62],[18.8,-33.63],[18.79,-33.63],[18.79,-33.64],[18.78,-33.64],[18.78,-33.65],[18.76,-33.65],[18.76,-33.67],[18.75,-33.66],[18.75,-33.68],[18.74,-33.69],[18.73,-33.69],[18.71,-33.68],[18.69,-33.68],[18.69,-33.67],[18.69,-33.66],[18.67,-33.65],[18.66,-33.64],[18.66,-33.63],[18.65,-33.63],[18.64,-33.64],[18.64,-33.63],[18.63,-33.63],[18.63,-33.62],[18.62,-33.61],[18.62,-33.6],[18.62,-33.59],[18.62,-33.58],[18.61,-33.58],[18.61,-33.59],[18.6,-33.59],[18.6,-33.58],[18.59,-33.58],[18.58,-33.58],[18.57,-33.57],[18.57,-33.56],[18.58,-33.56],[18.58,-33.55],[18.58,-33.54],[18.58,-33.53],[18.57,-33.53],[18.56,-33.52],[18.55,-33.53],[18.54,-33.53],[18.53,-33.53],[18.52,-33.53],[18.52,-33.52],[18.52,-33.5],[18.51,-33.5],[18.51,-33.49],[18.5,-33.48],[18.48,-33.48],[18.46,-33.47],[18.45,-33.49],[18.44,-33.5],[18.43,-33.51],[18.4,-33.51],[18.39,-33.51],[18.38,-33.51],[18.37,-33.53],[18.36,-33.54],[18.36,-33.55],[18.34,-33.56],[18.34,-33.57],[18.33,-33.57],[18.32,-33.57],[18.32,-33.58],[18.32,-33.57],[18.31,-33.57],[18.31,-33.56],[18.31,-33.57],[18.31,-33.56],[18.31,-33.55],[18.31,-33.54],[18.32,-33.54],[18.32,-33.53],[18.31,-33.53],[18.32,-33.53],[18.31,-33.53],[18.32,-33.53],[18.31,-33.53],[18.32,-33.53],[18.32,-33.52],[18.33,-33.52],[18.32,-33.52],[18.32,-33.51],[18.32,-33.52],[18.32,-33.51],[18.32,-33.52],[18.32,-33.51],[18.32,-33.52],[18.32,-33.51],[18.31,-33.51],[18.31,-33.5],[18.32,-33.5],[18.31,-33.5],[18.32,-33.5],[18.31,-33.5],[18.32,-33.5],[18.31,-33.5],[18.31,-33.49],[18.31,-33.5],[18.31,-33.49],[18.31,-33.48],[18.3,-33.48],[18.3,-33.47],[18.29,-33.47],[18.29,-33.46],[18.28,-33.46],[18.28,-33.45],[18.27,-33.45],[18.27,-33.44],[18.26,-33.44],[18.26,-33.43],[18.25,-33.43],[18.25,-33.42],[18.24,-33.42],[18.24,-33.41],[18.23,-33.41],[18.23,-33.4],[18.22,-33.4],[18.21,-33.4],[18.21,-33.39],[18.2,-33.39],[18.19,-33.38],[18.18,-33.38],[18.18,-33.37],[18.17,-33.37],[18.16,-33.37],[18.16,-33.36],[18.16,-33.37],[18.16,-33.36],[18.16,-33.37],[18.16,-33.36],[18.15,-33.36],[18.15,-33.35],[18.15,-33.36],[18.15,-33.35],[18.15,-33.36],[18.15,-33.35],[18.15,-33.36],[18.15,-33.35],[18.16,-33.35],[18.16,-33.34],[18.16,-33.33],[18.16,-33.32],[18.15,-33.32],[18.15,-33.31],[18.15,-33.3],[18.14,-33.3],[18.14,-33.29],[18.14,-33.28],[18.13,-33.28],[18.13,-33.27],[18.12,-33.27],[18.12,-33.26],[18.12,-33.25],[18.11,-33.25],[18.11,-33.24],[18.1,-33.24],[18.1,-33.23],[18.09,-33.23],[18.09,-33.22],[18.08,-33.22],[18.08,-33.21],[18.07,-33.21],[18.07,-33.2],[18.06,-33.2],[18.06,-33.19],[18.05,-33.19],[18.05,-33.18],[18.04,-33.18],[18.04,-33.17],[18.03,-33.17],[18.03,-33.16],[18.02,-33.16],[18.01,-33.16],[18.01,-33.15],[18.0,-33.15],[17.99,-33.15],[17.99,-33.14],[17.99,-33.15],[17.99,-33.14],[17.99,-33.15],[17.99,-33.14],[17.99,-33.15],[17.99,-33.14],[17.98,-33.14],[17.97,-33.14],[17.98,-33.14],[17.97,-33.14],[17.97,-33.13],[17.98,-33.13],[17.97,-33.13],[17.98,-33.13],[17.97,-33.13],[17.98,-33.13],[17.98,-33.12],[17.97,-33.12],[17.97,-33.11],[17.96,-33.11],[17.95,-33.11],[17.96,-33.11],[17.95,-33.11],[17.95,-33.1],[17.96,-33.1],[17.97,-33.1],[17.97,-33.09],[17.97,-33.1],[17.97,-33.09],[17.97,-33.1],[17.98,-33.1],[17.98,-33.09],[17.98,-33.08],[17.97,-33.08],[17.98,-33.08],[17.97,-33.08],[17.98,-33.08],[17.97,-33.08],[17.98,-33.08],[17.97,-33.08],[17.97,-33.07],[17.98,-33.07],[17.97,-33.07],[17.98,-33.07],[17.97,-33.07],[17.98,-33.07],[17.99,-33.07],[18.0,-33.07],[17.99,-33.07],[18.0,-33.07],[18.0,-33.08],[17.99,-33.08],[18.0,-33.08],[17.99,-33.08],[18.0,-33.08],[17.99,-33.08],[18.0,-33.08],[17.99,-33.08],[18.0,-33.08],[17.99,-33.08],[18.0,-33.08],[18.0,-33.09],[17.99,-33.09],[17.98,-33.09],[17.98,-33.1],[17.98,-33.09],[17.99,-33.09],[18.0,-33.09],[18.01,-33.09],[18.01,-33.1],[18.01,-33.11],[18.01,-33.12],[18.02,-33.12],[18.03,-33.13],[18.03,-33.14],[18.02,-33.14],[18.03,-33.15],[18.04,-33.15],[18.05,-33.15],[18.05,-33.16],[18.05,-33.17],[18.06,-33.17],[18.06,-33.18],[18.07,-33.18],[18.08,-33.18],[18.08,-33.19],[18.09,-33.19],[18.09,-33.2],[18.1,-33.2],[18.1,-33.21],[18.1,-33.2],[18.11,-33.2],[18.12,-33.2],[18.12,-33.19],[18.13,-33.19],[18.13,-33.18],[18.12,-33.18],[18.11,-33.18],[18.11,-33.19],[18.11,-33.18],[18.1,-33.18],[18.11,-33.18],[18.1,-33.18],[18.09,-33.18],[18.09,-33.17],[18.08,-33.17],[18.08,-33.16],[18.09,-33.16],[18.09,-33.17],[18.1,-33.17],[18.09,-33.17],[18.09,-33.16],[18.09,-33.17],[18.09,-33.16],[18.09,-33.15],[18.1,-33.15],[18.09,-33.15],[18.09,-33.14],[18.08,-33.14],[18.07,-33.14],[18.07,-33.13],[18.06,-33.13],[18.06,-33.12],[18.05,-33.12],[18.05,-33.11],[18.04,-33.11],[18.03,-33.11],[18.03,-33.1],[18.03,-33.09],[18.03,-33.08],[18.04,-33.08],[18.04,-33.07],[18.04,-33.06],[18.04,-33.05],[18.04,-33.04],[18.04,-33.05],[18.04,-33.04],[18.04,-33.03],[18.03,-33.03],[18.03,-33.02],[18.02,-33.02],[18.02,-33.01],[18.01,-33.01],[18.0,-33.01],[17.99,-33.02],[17.99,-33.03],[17.98,-33.03],[17.99,-33.03],[17.99,-33.02],[17.99,-33.03],[17.99,-33.02],[17.99,-33.01],[18.0,-33.0],[17.99,-33.0],[18.0,-33.0],[17.99,-33.0],[17.98,-33.0],[17.97,-33.0],[17.96,-33.0],[17.95,-33.0],[17.95,-33.01],[17.95,-33.02],[17.96,-33.02],[17.96,-33.03],[17.96,-33.02],[17.96,-33.03],[17.96,-33.02],[17.96,-33.03],[17.97,-33.03],[17.97,-33.04],[17.97,-33.05],[17.97,-33.04],[17.97,-33.05],[17.97,-33.04],[17.97,-33.05],[17.97,-33.04],[17.97,-33.05],[17.97,-33.04],[17.96,-33.04],[17.97,-33.04],[17.96,-33.04],[17.97,-33.04],[17.97,-33.03],[17.96,-33.03],[17.95,-33.03],[17.96,-33.03],[17.95,-33.03],[17.94,-33.03],[17.93,-33.03],[17.94,-33.03],[17.94,-33.04],[17.93,-33.04],[17.92,-33.04],[17.92,-33.05],[17.92,-33.04],[17.92,-33.05],[17.91,-33.05],[17.9,-33.05],[17.9,-33.04],[17.89,-33.04],[17.9,-33.04],[17.9,-33.03],[17.89,-33.03],[17.9,-33.03],[17.89,-33.03],[17.9,-33.03],[17.9,-33.02],[17.9,-33.01],[17.9,-33.0],[17.89,-33.0],[17.88,-33.0],[17.88,-33.01],[17.88,-33.0],[17.87,-33.0],[17.87,-32.99],[17.88,-32.99],[17.88,-32.98],[17.89,-32.98],[17.88,-32.98],[17.88,-32.97],[17.89,-32.97],[17.89,-32.96],[17.88,-32.96],[17.88,-32.97],[17.88,-32.96],[17.88,-32.95],[17.88,-32.96],[17.88,-32.95],[17.89,-32.95],[17.89,-32.94],[17.89,-32.93],[17.88,-32.93],[17.88,-32.92],[17.87,-32.92],[17.87,-32.91],[17.86,-32.91],[17.86,-32.9],[17.87,-32.9],[17.87,-32.89],[17.86,-32.89],[17.87,-32.89],[17.86,-32.89],[17.87,-32.89],[17.88,-32.89],[17.88,-32.88],[17.88,-32.87],[17.88,-32.86],[17.88,-32.85],[17.87,-32.85],[17.88,-32.85],[17.87,-32.85],[17.87,-32.84],[17.86,-32.84],[17.85,-32.84],[17.86,-32.84],[17.86,-32.83],[17.86,-32.84],[17.86,-32.83],[17.85,-32.83],[17.85,-32.84],[17.85,-32.83],[17.85,-32.84],[17.85,-32.83],[17.84,-32.83],[17.85,-32.83],[17.84,-32.83],[17.85,-32.83],[17.84,-32.83],[17.85,-32.83],[17.84,-32.83],[17.84,-32.82],[17.84,-32.83],[17.85,-32.83],[17.85,-32.82],[17.86,-32.82],[17.85,-32.82],[17.86,-32.82],[17.87,-32.82],[17.86,-32.82],[17.86,-32.81],[17.87,-32.81],[17.87,-32.82],[17.87,-32.81],[17.87,-32.82],[17.87,-32.81],[17.88,-32.81],[17.88,-32.8],[17.88,-32.81],[17.89,-32.81],[17.9,-32.81],[17.9,-32.8],[17.91,-32.8],[17.91,-32.79],[17.91,-32.78],[17.91,-32.77],[17.91,-32.76],[17.9,-32.76],[17.9,-32.75],[17.89,-32.75],[17.9,-32.75],[17.9,-32.74],[17.91,-32.74],[17.91,-32.73],[17.92,-32.73],[17.92,-32.72],[17.92,-32.71],[17.92,-32.72],[17.93,-32.72],[17.94,-32.72],[17.95,-32.72],[17.96,-32.72],[17.96,-32.71],[17.97,-32.71],[17.97,-32.7],[17.97,-32.71],[17.98,-32.71],[17.98,-32.7],[17.98,-32.71],[17.98,-32.7],[17.98,-32.71],[17.98,-32.72],[17.97,-32.72],[17.98,-32.72],[17.98,-32.73],[17.99,-32.73],[18.0,-32.73],[18.0,-32.74],[18.01,-32.74],[18.02,-32.74],[18.01,-32.74],[18.02,-32.74],[18.01,-32.74],[18.02,-32.74],[18.01,-32.74],[18.01,-32.75],[18.02,-32.75],[18.03,-32.75],[18.03,-32.76],[18.04,-32.76],[18.04,-32.77],[18.05,-32.77],[18.04,-32.77],[18.05,-32.77],[18.05,-32.78],[18.06,-32.78],[18.05,-32.78],[18.06,-32.78],[18.07,-32.78],[18.08,-32.78],[18.09,-32.78],[18.1,-32.78],[18.11,-32.78],[18.12,-32.78],[18.13,-32.78],[18.13,-32.77],[18.14,-32.77],[18.15,-32.77],[18.15,-32.76],[18.16,-32.76],[18.17,-32.76],[18.17,-32.75],[18.17,-32.74],[18.18,-32.74],[18.18,-32.73],[18.19,-32.73],[18.19,-32.72],[18.2,-32.72],[18.2,-32.71],[18.21,-32.71],[18.21,-32.7],[18.22,-32.7],[18.23,-32.7],[18.23,-32.69],[18.24,-32.69],[18.24,-32.68],[18.25,-32.68],[18.25,-32.67],[18.26,-32.67],[18.26,-32.66],[18.26,-32.65],[18.27,-32.65],[18.27,-32.64],[18.28,-32.64],[18.28,-32.63],[18.28,-32.62],[18.29,-32.62],[18.29,-32.61],[18.3,-32.61],[18.3,-32.6],[18.3,-32.59],[18.31,-32.58],[18.31,-32.57],[18.31,-32.56],[18.32,-32.56],[18.32,-32.55],[18.32,-32.54],[18.32,-32.53],[18.33,-32.53],[18.33,-32.52],[18.33,-32.51],[18.33,-32.5],[18.33,-32.49],[18.33,-32.48],[18.33,-32.47],[18.33,-32.46],[18.33,-32.45],[18.33,-32.44],[18.33,-32.43],[18.33,-32.42],[18.33,-32.41],[18.33,-32.4],[18.33,-32.39],[18.33,-32.38],[18.33,-32.37],[18.32,-32.37],[18.32,-32.36],[18.32,-32.35],[18.32,-32.34],[18.32,-32.33],[18.32,-32.32],[18.31,-32.32],[18.32,-32.32],[18.32,-32.31],[18.32,-32.32],[18.33,-32.32],[18.34,-32.32],[18.34,-32.31],[18.34,-32.3],[18.34,-32.29],[18.34,-32.28],[18.34,-32.27],[18.34,-32.26],[18.34,-32.25],[18.34,-32.24],[18.33,-32.24],[18.33,-32.23],[18.33,-32.22],[18.33,-32.21],[18.32,-32.21],[18.33,-32.21],[18.33,-32.2],[18.32,-32.2],[18.32,-32.19],[18.32,-32.18],[18.31,-32.18],[18.31,-32.17],[18.31,-32.16],[18.31,-32.15],[18.31,-32.14],[18.3,-32.14],[18.3,-32.13],[18.31,-32.13],[18.3,-32.13],[18.3,-32.12],[18.3,-32.11],[18.3,-32.1],[18.3,-32.09],[18.31,-32.09],[18.3,-32.09],[18.31,-32.09],[18.3,-32.09],[18.31,-32.09],[18.31,-32.08],[18.32,-32.08],[18.31,-32.08],[18.31,-32.07],[18.31,-32.06],[18.31,-32.05],[18.3,-32.05],[18.3,-32.04],[18.3,-32.03],[18.29,-32.03],[18.29,-32.02],[18.3,-32.02],[18.29,-32.02],[18.29,-32.01],[18.29,-32.0],[18.28,-32.0],[18.28,-31.99],[18.29,-31.99],[18.29,-31.98],[18.28,-31.98],[18.28,-31.97],[18.28,-31.96],[18.27,-31.96],[18.27,-31.95],[18.27,-31.94],[18.26,-31.94],[18.27,-31.94],[18.27,-31.93],[18.28,-31.93],[18.28,-31.92],[18.27,-31.92],[18.27,-31.91],[18.28,-31.91],[18.28,-31.9],[18.28,-31.89],[18.28,-31.88],[18.27,-31.88],[18.27,-31.87],[18.27,-31.86],[18.26,-31.86],[18.26,-31.85],[18.25,-31.85],[18.25,-31.84],[18.24,-31.84],[18.24,-31.83],[18.24,-31.82],[18.23,-31.82],[18.23,-31.81],[18.24,-31.81],[18.23,-31.81],[18.24,-31.81],[18.23,-31.81],[18.24,-31.81],[18.23,-31.81],[18.24,-31.81],[18.23,-31.81],[18.23,-31.8],[18.23,-31.79],[18.23,-31.78],[18.23,-31.77],[18.22,-31.77],[18.23,-31.77],[18.22,-31.77],[18.22,-31.76],[18.22,-31.75],[18.23,-31.75],[18.22,-31.75],[18.22,-31.74],[18.21,-31.73],[18.21,-31.72],[18.2,-31.72],[18.2,-31.71],[18.19,-31.71],[18.19,-31.7],[18.18,-31.7],[18.19,-31.7],[18.18,-31.7],[18.18,-31.69],[18.18,-31.7],[18.18,-31.69],[18.18,-31.68],[18.17,-31.68],[18.17,-31.67],[18.16,-31.67],[18.16,-31.66],[18.16,-31.67],[18.16,-31.66],[18.15,-31.66],[18.15,-31.65],[18.15,-31.66],[18.15,-31.65],[18.15,-31.64],[18.14,-31.64],[18.14,-31.63],[18.13,-31.63],[18.13,-31.62],[18.13,-31.63],[18.13,-31.62],[18.13,-31.63],[18.13,-31.62],[18.13,-31.61],[18.12,-31.61],[18.12,-31.6],[18.12,-31.61],[18.12,-31.6],[18.11,-31.6],[18.12,-31.6],[18.12,-31.59],[18.12,-31.58],[18.11,-31.58],[18.11,-31.57],[18.1,-31.57],[18.1,-31.56],[18.09,-31.56],[18.09,-31.55],[18.08,-31.55],[18.08,-31.54],[18.07,-31.54],[18.07,-31.53],[18.06,-31.53],[18.06,-31.52],[18.05,-31.52],[18.05,-31.51],[18.04,-31.51],[18.04,-31.5],[18.03,-31.5],[18.03,-31.49],[18.02,-31.49],[18.02,-31.48],[18.01,-31.48],[18.01,-31.47],[18.0,-31.47],[18.01,-31.47],[18.0,-31.47],[18.0,-31.46],[17.99,-31.46],[17.99,-31.45],[17.99,-31.44],[17.98,-31.44],[17.98,-31.43],[17.97,-31.43],[17.97,-31.42],[17.96,-31.42],[17.96,-31.41],[17.95,-31.41],[17.95,-31.4],[17.94,-31.4],[17.94,-31.39],[17.93,-31.39],[17.93,-31.38],[17.93,-31.37],[17.92,-31.37],[17.91,-31.37],[17.92,-31.37],[17.91,-31.37],[17.91,-31.36],[17.9,-31.36],[17.9,-31.35],[17.9,-31.34],[17.89,-31.34],[17.89,-31.33],[17.89,-31.32],[17.88,-31.32],[17.88,-31.33],[17.88,-31.32],[17.88,-31.31],[17.88,-31.3],[17.88,-31.29],[17.88,-31.28],[17.87,-31.28],[17.87,-31.27],[17.87,-31.26],[17.86,-31.26],[17.86,-31.25],[17.85,-31.25],[17.85,-31.24],[17.84,-31.24],[17.84,-31.23],[17.83,-31.23],[17.83,-31.22],[17.82,-31.22],[17.81,-31.22],[17.82,-31.22],[17.81,-31.22],[17.81,-31.21],[17.8,-31.21],[17.8,-31.2],[17.8,-31.21],[17.8,-31.2],[17.79,-31.2],[17.79,-31.19],[17.79,-31.18],[17.78,-31.18],[17.78,-31.17],[17.78,-31.18],[17.78,-31.17],[17.77,-31.17],[17.77,-31.16],[17.76,-31.16],[17.76,-31.15]]],[[[18.07,-33.41],[18.08,-33.41],[18.08,-33.42],[18.09,-33.42],[18.09,-33.41],[18.09,-33.42],[18.1,-33.42],[18.09,-33.42],[18.1,-33.42],[18.1,-33.43],[18.09,-33.43],[18.08,-33.43],[18.08,-33.42],[18.08,-33.43],[18.08,-33.42],[18.07,-33.42],[18.08,-33.42],[18.07,-33.42],[18.08,-33.42],[18.07,-33.42],[18.07,-33.41]]],[[[17.95,-33.08],[17.96,-33.08],[17.96,-33.09],[17.96,-33.08],[17.96,-33.09],[17.95,-33.09],[17.95,-33.08],[17.95,-33.09],[17.95,-33.08]]],[[[18.02,-33.09],[18.03,-33.09],[18.02,-33.09],[18.03,-33.09],[18.02,-33.09]]],[[[17.92,-33.05],[17.93,-33.05],[17.93,-33.06],[17.93,-33.05],[17.93,-33.06],[17.93,-33.05],[17.93,-33.06],[17.93,-33.05],[17.92,-33.05]]]]},"properties":{"name":"West Coast District"}},{"type":"Feature","geometry":{"type":"MultiPolygon","coordinates":[[[[27.16,-26.52],[27.18,-26.52],[27.19,-26.53],[27.18,-26.52],[27.19,-26.52],[27.2,-26.52],[27.21,-26.52],[27.21,-26.51],[27.23,-26.51],[27.23,-26.49],[27.23,-26.46],[27.22,-26.46],[27.22,-26.45],[27.22,-26.44],[27.21,-26.43],[27.21,-26.41],[27.19,-26.38],[27.2,-26.36],[27.21,-26.36],[27.22,-26.35],[27.23,-26.34],[27.25,-26.33],[27.26,-26.32],[27.27,-26.32],[27.27,-26.31],[27.28,-26.31],[27.29,-26.31],[27.3,-26.31],[27.3,-26.3],[27.31,-26.3],[27.31,-26.29],[27.32,-26.29],[27.33,-26.29],[27.33,-26.28],[27.33,-26.27],[27.32,-26.27],[27.32,-26.26],[27.32,-26.25],[27.31,-26.24],[27.31,-26.23],[27.3,-26.2],[27.3,-26.18],[27.29,-26.14],[27.3,-26.15],[27.31,-26.15],[27.32,-26.15],[27.33,-26.15],[27.34,-26.15],[27.35,-26.15],[27.36,-26.15],[27.36,-26.14],[27.36,-26.13],[27.36,-26.12],[27.38,-26.12],[27.39,-26.12],[27.4,-26.12],[27.42,-26.12],[27.42,-26.11],[27.42,-26.1],[27.42,-26.09],[27.43,-26.09],[27.43,-26.08],[27.43,-26.07],[27.43,-26.06],[27.43,-26.05],[27.43,-26.04],[27.43,-26.03],[27.44,-26.03],[27.43,-26.03],[27.43,-26.02],[27.44,-26.02],[27.44,-26.01],[27.44,-26.02],[27.45,-26.02],[27.45,-26.01],[27.45,-26.0],[27.46,-25.98],[27.46,-25.97],[27.46,-25.96],[27.46,-25.95],[27.45,-25.95],[27.45,-25.94],[27.45,-25.92],[27.46,-25.92],[27.46,-25.91],[27.46,-25.9],[27.46,-25.89],[27.47,-25.89],[27.47,-25.88],[27.46,-25.87],[27.47,-25.87],[27.48,-25.86],[27.49,-25.86],[27.5,-25.86],[27.51,-25.86],[27.53,-25.85],[27.54,-25.85],[27.55,-25.85],[27.55,-25.84],[27.56,-25.84],[27.57,-25.84],[27.58,-25.83],[27.59,-25.83],[27.59,-25.82],[27.6,-25.82],[27.6,-25.81],[27.61,-25.81],[27.62,-25.8],[27.63,-25.8],[27.64,-25.8],[27.65,-25.81],[27.64,-25.81],[27.65,-25.82],[27.65,-25.83],[27.65,-25.84],[27.65,-25.85],[27.66,-25.85],[27.66,-25.84],[27.67,-25.85],[27.67,-25.86],[27.68,-25.86],[27.68,-25.87],[27.68,-25.88],[27.69,-25.87],[27.7,-25.87],[27.71,-25.87],[27.71,-25.86],[27.72,-25.86],[27.73,-25.86],[27.74,-25.86],[27.74,-25.85],[27.74,-25.86],[27.74,-25.89],[27.76,-25.89],[27.78,-25.88],[27.79,-25.87],[27.81,-25.87],[27.83,-25.86],[27.84,-25.85],[27.85,-25.85],[27.85,-25.84],[27.85,-25.83],[27.86,-25.82],[27.87,-25.82],[27.88,-25.82],[27.89,-25.82],[27.89,-25.83],[27.89,-25.84],[27.88,-25.84],[27.88,-25.85],[27.88,-25.86],[27.89,-25.86],[27.9,-25.86],[27.9,-25.87],[27.9,-25.88],[27.89,-25.88],[27.89,-25.89],[27.89,-25.9],[27.89,-25.91],[27.9,-25.91],[27.91,-25.91],[27.92,-25.92],[27.93,-25.92],[27.94,-25.92],[27.94,-25.93],[27.93,-25.93],[27.92,-25.93],[27.91,-25.93],[27.91,-25.94],[27.91,-25.95],[27.9,-25.95],[27.9,-25.96],[27.91,-25.97],[27.92,-25.97],[27.92,-25.98],[27.93,-25.98],[27.92,-25.98],[27.92,-25.99],[27.92,-26.0],[27.92,-26.01],[27.92,-26.02],[27.91,-26.02],[27.91,-26.03],[27.9,-26.03],[27.9,-26.04],[27.9,-26.05],[27.9,-26.06],[27.89,-26.06],[27.88,-26.06],[27.87,-26.06],[27.87,-26.07],[27.87,-26.06],[27.86,-26.06],[27.85,-26.06],[27.85,-26.07],[27.86,-26.07],[27.87,-26.07],[27.87,-26.08],[27.86,-26.08],[27.86,-26.07],[27.85,-26.07],[27.84,-26.07],[27.84,-26.08],[27.85,-26.08],[27.84,-26.08],[27.84,-26.09],[27.84,-26.1],[27.84,-26.11],[27.83,-26.11],[27.84,-26.12],[27.84,-26.13],[27.83,-26.13],[27.83,-26.14],[27.82,-26.15],[27.82,-26.16],[27.81,-26.16],[27.81,-26.17],[27.82,-26.17],[27.82,-26.18],[27.81,-26.18],[27.8,-26.18],[27.79,-26.18],[27.78,-26.19],[27.78,-26.2],[27.77,-26.21],[27.75,-26.21],[27.72,-26.2],[27.72,-26.21],[27.71,-26.21],[27.71,-26.22],[27.72,-26.22],[27.72,-26.23],[27.72,-26.24],[27.73,-26.24],[27.73,-26.25],[27.75,-26.26],[27.75,-26.27],[27.74,-26.28],[27.74,-26.29],[27.76,-26.29],[27.77,-26.29],[27.78,-26.29],[27.78,-26.3],[27.79,-26.3],[27.79,-26.29],[27.8,-26.29],[27.81,-26.29],[27.81,-26.28],[27.81,-26.29],[27.82,-26.29],[27.82,-26.3],[27.82,-26.31],[27.82,-26.32],[27.82,-26.33],[27.82,-26.34],[27.81,-26.33],[27.81,-26.34],[27.81,-26.35],[27.81,-26.36],[27.8,-26.36],[27.79,-26.36],[27.78,-26.36],[27.77,-26.36],[27.76,-26.36],[27.75,-26.36],[27.75,-26.37],[27.75,-26.38],[27.76,-26.39],[27.76,-26.4],[27.76,-26.42],[27.75,-26.42],[27.75,-26.43],[27.75,-26.44],[27.74,-26.44],[27.73,-26.44],[27.73,-26.43],[27.72,-26.44],[27.71,-26.44],[27.71,-26.45],[27.71,-26.46],[27.71,-26.48],[27.71,-26.49],[27.71,-26.5],[27.71,-26.51],[27.71,-26.52],[27.71,-26.53],[27.69,-26.53],[27.68,-26.53],[27.68,-26.52],[27.68,-26.53],[27.68,-26.54],[27.68,-26.55],[27.68,-26.56],[27.68,-26.57],[27.68,-26.58],[27.67,-26.58],[27.67,-26.59],[27.67,-26.6],[27.67,-26.61],[27.66,-26.61],[27.66,-26.6],[27.66,-26.61],[27.66,-26.62],[27.65,-26.62],[27.65,-26.61],[27.64,-26.61],[27.63,-26.61],[27.62,-26.61],[27.61,-26.61],[27.6,-26.61],[27.58,-26.61],[27.58,-26.62],[27.57,-26.63],[27.57,-26.64],[27.57,-26.65],[27.56,-26.65],[27.55,-26.65],[27.54,-26.65],[27.53,-26.65],[27.52,-26.65],[27.51,-26.65],[27.5,-26.64],[27.49,-26.64],[27.48,-26.64],[27.47,-26.63],[27.46,-26.63],[27.45,-26.63],[27.44,-26.63],[27.43,-26.63],[27.43,-26.64],[27.43,-26.65],[27.42,-26.65],[27.41,-26.64],[27.4,-26.63],[27.38,-26.61],[27.39,-26.6],[27.38,-26.6],[27.37,-26.59],[27.37,-26.58],[27.37,-26.57],[27.36,-26.57],[27.35,-26.57],[27.34,-26.57],[27.34,-26.58],[27.33,-26.59],[27.33,-26.6],[27.34,-26.61],[27.33,-26.62],[27.31,-26.62],[27.3,-26.62],[27.29,-26.62],[27.28,-26.62],[27.29,-26.62],[27.29,-26.63],[27.28,-26.63],[27.28,-26.62],[27.28,-26.63],[27.28,-26.62],[27.28,-26.63],[27.27,-26.63],[27.26,-26.63],[27.25,-26.63],[27.25,-26.64],[27.25,-26.63],[27.25,-26.64],[27.24,-26.64],[27.24,-26.63],[27.24,-26.62],[27.23,-26.6],[27.23,-26.59],[27.23,-26.58],[27.23,-26.57],[27.2,-26.57],[27.18,-26.57],[27.18,-26.56],[27.18,-26.55],[27.17,-26.55],[27.16,-26.54],[27.16,-26.53],[27.16,-26.52]]]]},"properties":{"name":"West Rand District"}},{"type":"Feature","geometry":{"type":"MultiPolygon","coordinates":[[[[24.35,-29.66],[24.35,-29.65],[24.35,-29.64],[24.36,-29.63],[24.37,-29.62],[24.37,-29.61],[24.38,-29.6],[24.39,-29.58],[24.39,-29.57],[24.4,-29.56],[24.41,-29.55],[24.41,-29.54],[24.41,-29.53],[24.42,-29.53],[24.43,-29.5],[24.45,-29.47],[24.47,-29.43],[24.47,-29.42],[24.48,-29.42],[24.49,-29.39],[24.51,-29.36],[24.52,-29.35],[24.52,-29.34],[24.52,-29.33],[24.53,-29.31],[24.54,-29.31],[24.55,-29.29],[24.56,-29.27],[24.58,-29.24],[24.58,-29.23],[24.58,-29.22],[24.59,-29.21],[24.6,-29.2],[24.6,-29.19],[24.61,-29.18],[24.62,-29.16],[24.63,-29.14],[24.63,-29.13],[24.64,-29.13],[24.64,-29.12],[24.65,-29.11],[24.66,-29.09],[24.66,-29.08],[24.67,-29.07],[24.67,-29.06],[24.68,-29.04],[24.69,-29.03],[24.69,-29.02],[24.7,-29.0],[24.71,-28.99],[24.72,-28.98],[24.72,-28.97],[24.73,-28.96],[24.73,-28.95],[24.75,-28.92],[24.77,-28.89],[24.77,-28.88],[24.79,-28.85],[24.8,-28.83],[24.8,-28.85],[24.81,-28.91],[24.83,-28.91],[24.84,-28.9],[24.85,-28.9],[24.87,-28.89],[24.89,-28.91],[24.91,-28.92],[24.93,-28.93],[24.96,-28.94],[24.97,-28.95],[24.98,-28.94],[24.99,-28.93],[24.99,-28.91],[24.99,-28.9],[25.01,-28.91],[25.03,-28.91],[25.04,-28.91],[25.09,-28.91],[25.11,-28.96],[25.11,-28.97],[25.11,-28.96],[25.12,-28.96],[25.13,-28.96],[25.14,-28.96],[25.14,-28.95],[25.15,-28.95],[25.15,-28.94],[25.15,-28.95],[25.16,-28.95],[25.17,-28.95],[25.18,-28.94],[25.19,-28.94],[25.19,-28.93],[25.2,-28.93],[25.2,-28.92],[25.21,-28.92],[25.2,-28.92],[25.21,-28.92],[25.21,-28.91],[25.2,-28.91],[25.21,-28.9],[25.22,-28.9],[25.22,-28.89],[25.23,-28.89],[25.23,-28.9],[25.24,-28.9],[25.24,-28.91],[25.25,-28.91],[25.25,-28.9],[25.26,-28.9],[25.27,-28.9],[25.27,-28.89],[25.27,-28.9],[25.28,-28.9],[25.29,-28.9],[25.29,-28.89],[25.3,-28.89],[25.3,-28.9],[25.31,-28.9],[25.31,-28.89],[25.31,-28.9],[25.32,-28.9],[25.33,-28.9],[25.33,-28.89],[25.34,-28.89],[25.34,-28.9],[25.35,-28.9],[25.36,-28.9],[25.36,-28.91],[25.37,-28.91],[25.38,-28.91],[25.38,-28.92],[25.39,-28.92],[25.4,-28.92],[25.41,-28.92],[25.41,-28.91],[25.42,-28.91],[25.42,-28.9],[25.43,-28.9],[25.44,-28.9],[25.45,-28.9],[25.46,-28.9],[25.46,-28.89],[25.47,-28.89],[25.47,-28.88],[25.48,-28.88],[25.49,-28.88],[25.5,-28.88],[25.5,-28.87],[25.51,-28.87],[25.51,-28.86],[25.52,-28.86],[25.52,-28.85],[25.53,-28.85],[25.54,-28.86],[25.54,-28.87],[25.55,-28.87],[25.55,-28.88],[25.56,-28.88],[25.57,-28.88],[25.57,-28.87],[25.57,-28.88],[25.58,-28.88],[25.59,-28.88],[25.59,-28.87],[25.6,-28.87],[25.6,-28.88],[25.61,-28.88],[25.61,-28.89],[25.62,-28.89],[25.62,-28.9],[25.62,-28.89],[25.63,-28.89],[25.64,-28.89],[25.65,-28.89],[25.66,-28.89],[25.67,-28.89],[25.67,-28.9],[25.68,-28.9],[25.69,-28.9],[25.69,-28.91],[25.7,-28.91],[25.71,-28.91],[25.7,-28.91],[25.71,-28.91],[25.72,-28.91],[25.73,-28.91],[25.74,-28.91],[25.74,-28.9],[25.74,-28.91],[25.75,-28.91],[25.74,-28.91],[25.74,-28.96],[25.75,-28.98],[25.74,-28.99],[25.73,-28.99],[25.72,-29.01],[25.74,-29.01],[25.75,-29.02],[25.76,-29.03],[25.75,-29.04],[25.74,-29.06],[25.73,-29.08],[25.74,-29.08],[25.74,-29.09],[25.73,-29.09],[25.73,-29.1],[25.73,-29.11],[25.75,-29.12],[25.76,-29.12],[25.76,-29.13],[25.73,-29.14],[25.74,-29.15],[25.76,-29.16],[25.77,-29.17],[25.75,-29.18],[25.74,-29.18],[25.74,-29.19],[25.74,-29.2],[25.74,-29.23],[25.75,-29.23],[25.76,-29.23],[25.78,-29.22],[25.8,-29.23],[25.8,-29.24],[25.79,-29.26],[25.8,-29.26],[25.81,-29.26],[25.82,-29.25],[25.83,-29.24],[25.84,-29.23],[25.85,-29.24],[25.86,-29.26],[25.86,-29.25],[25.88,-29.25],[25.9,-29.25],[25.91,-29.25],[25.91,-29.27],[25.91,-29.28],[25.91,-29.29],[25.91,-29.3],[25.91,-29.31],[25.92,-29.3],[25.93,-29.3],[25.94,-29.3],[25.96,-29.29],[25.97,-29.29],[25.98,-29.28],[25.99,-29.28],[25.99,-29.27],[26.0,-29.28],[26.0,-29.29],[26.0,-29.31],[26.01,-29.31],[26.02,-29.32],[26.02,-29.33],[26.02,-29.34],[26.01,-29.35],[26.0,-29.36],[25.96,-29.37],[25.96,-29.38],[25.97,-29.39],[25.98,-29.4],[25.99,-29.41],[26.0,-29.41],[26.01,-29.41],[26.03,-29.42],[26.03,-29.43],[26.03,-29.44],[26.03,-29.45],[26.04,-29.45],[26.04,-29.44],[26.04,-29.45],[26.04,-29.44],[26.06,-29.44],[26.06,-29.45],[26.07,-29.46],[26.08,-29.48],[26.09,-29.48],[26.09,-29.46],[26.1,-29.47],[26.11,-29.47],[26.11,-29.48],[26.13,-29.47],[26.14,-29.48],[26.14,-29.47],[26.14,-29.46],[26.16,-29.47],[26.18,-29.47],[26.2,-29.47],[26.21,-29.48],[26.21,-29.47],[26.21,-29.46],[26.21,-29.45],[26.21,-29.44],[26.21,-29.43],[26.22,-29.43],[26.23,-29.43],[26.24,-29.43],[26.25,-29.43],[26.25,-29.42],[26.25,-29.43],[26.26,-29.43],[26.27,-29.43],[26.28,-29.43],[26.29,-29.43],[26.29,-29.42],[26.3,-29.42],[26.31,-29.42],[26.31,-29.43],[26.32,-29.43],[26.32,-29.44],[26.33,-29.44],[26.32,-29.44],[26.32,-29.43],[26.33,-29.43],[26.33,-29.44],[26.34,-29.44],[26.35,-29.44],[26.35,-29.43],[26.35,-29.44],[26.36,-29.44],[26.37,-29.44],[26.38,-29.44],[26.39,-29.44],[26.4,-29.44],[26.41,-29.44],[26.41,-29.46],[26.43,-29.45],[26.44,-29.45],[26.45,-29.45],[26.45,-29.44],[26.45,-29.42],[26.45,-29.41],[26.45,-29.4],[26.46,-29.4],[26.47,-29.4],[26.47,-29.39],[26.48,-29.39],[26.49,-29.39],[26.49,-29.4],[26.5,-29.4],[26.5,-29.39],[26.51,-29.39],[26.51,-29.38],[26.51,-29.37],[26.51,-29.36],[26.51,-29.35],[26.52,-29.35],[26.53,-29.35],[26.54,-29.35],[26.54,-29.34],[26.55,-29.34],[26.55,-29.33],[26.56,-29.33],[26.56,-29.32],[26.57,-29.32],[26.58,-29.32],[26.59,-29.31],[26.59,-29.3],[26.59,-29.29],[26.6,-29.29],[26.61,-29.29],[26.62,-29.29],[26.62,-29.3],[26.64,-29.29],[26.65,-29.28],[26.67,-29.29],[26.65,-29.31],[26.67,-29.32],[26.65,-29.33],[26.64,-29.34],[26.64,-29.35],[26.65,-29.35],[26.65,-29.36],[26.65,-29.35],[26.66,-29.35],[26.66,-29.36],[26.66,-29.37],[26.67,-29.37],[26.67,-29.38],[26.68,-29.38],[26.68,-29.39],[26.68,-29.4],[26.69,-29.4],[26.7,-29.4],[26.7,-29.41],[26.7,-29.42],[26.7,-29.43],[26.7,-29.44],[26.71,-29.44],[26.72,-29.44],[26.73,-29.44],[26.74,-29.44],[26.75,-29.43],[26.75,-29.44],[26.76,-29.44],[26.77,-29.45],[26.78,-29.44],[26.8,-29.45],[26.82,-29.45],[26.83,-29.46],[26.84,-29.45],[26.84,-29.44],[26.86,-29.44],[26.88,-29.45],[26.89,-29.45],[26.9,-29.46],[26.91,-29.47],[26.91,-29.49],[26.92,-29.49],[26.93,-29.49],[26.95,-29.49],[26.96,-29.5],[26.97,-29.5],[26.96,-29.51],[26.95,-29.53],[26.97,-29.53],[27.0,-29.52],[27.01,-29.52],[27.02,-29.53],[27.04,-29.53],[27.06,-29.52],[27.07,-29.54],[27.07,-29.55],[27.08,-29.56],[27.11,-29.55],[27.12,-29.56],[27.13,-29.57],[27.13,-29.58],[27.12,-29.58],[27.11,-29.58],[27.11,-29.59],[27.1,-29.59],[27.11,-29.6],[27.1,-29.6],[27.09,-29.6],[27.09,-29.61],[27.09,-29.62],[27.08,-29.62],[27.08,-29.61],[27.08,-29.6],[27.07,-29.6],[27.06,-29.6],[27.07,-29.6],[27.07,-29.61],[27.06,-29.61],[27.07,-29.61],[27.07,-29.62],[27.06,-29.62],[27.06,-29.63],[27.06,-29.64],[27.05,-29.64],[27.05,-29.63],[27.04,-29.63],[27.04,-29.62],[27.03,-29.61],[27.03,-29.62],[27.02,-29.62],[27.02,-29.63],[27.03,-29.63],[27.03,-29.64],[27.02,-29.64],[27.02,-29.65],[27.01,-29.65],[27.01,-29.66],[27.02,-29.66],[27.02,-29.67],[27.03,-29.67],[27.03,-29.68],[27.04,-29.68],[27.05,-29.69],[27.06,-29.7],[27.06,-29.71],[27.07,-29.71],[27.08,-29.71],[27.09,-29.72],[27.08,-29.72],[27.1,-29.73],[27.1,-29.74],[27.11,-29.75],[27.11,-29.76],[27.12,-29.77],[27.13,-29.8],[27.13,-29.81],[27.14,-29.82],[27.15,-29.85],[27.16,-29.86],[27.17,-29.88],[27.18,-29.9],[27.18,-29.91],[27.19,-29.92],[27.19,-29.94],[27.2,-29.95],[27.21,-29.96],[27.21,-29.97],[27.21,-29.98],[27.22,-29.98],[27.22,-29.99],[27.22,-30.0],[27.22,-30.01],[27.23,-30.01],[27.24,-30.02],[27.25,-30.02],[27.25,-30.03],[27.27,-30.03],[27.27,-30.04],[27.28,-30.05],[27.29,-30.05],[27.3,-30.06],[27.3,-30.07],[27.3,-30.08],[27.31,-30.08],[27.31,-30.09],[27.31,-30.1],[27.31,-30.11],[27.32,-30.12],[27.32,-30.13],[27.32,-30.14],[27.33,-30.15],[27.34,-30.15],[27.35,-30.15],[27.36,-30.15],[27.36,-30.14],[27.37,-30.14],[27.38,-30.14],[27.39,-30.14],[27.4,-30.14],[27.41,-30.14],[27.41,-30.15],[27.4,-30.15],[27.41,-30.15],[27.41,-30.16],[27.4,-30.16],[27.4,-30.17],[27.39,-30.17],[27.39,-30.18],[27.38,-30.18],[27.39,-30.18],[27.39,-30.19],[27.38,-30.19],[27.37,-30.19],[27.37,-30.2],[27.38,-30.2],[27.37,-30.2],[27.37,-30.21],[27.37,-30.22],[27.37,-30.23],[27.37,-30.24],[27.37,-30.25],[27.37,-30.26],[27.37,-30.27],[27.37,-30.28],[27.38,-30.28],[27.38,-30.27],[27.38,-30.28],[27.39,-30.28],[27.39,-30.29],[27.39,-30.3],[27.38,-30.3],[27.39,-30.3],[27.39,-30.31],[27.4,-30.31],[27.39,-30.31],[27.39,-30.32],[27.38,-30.32],[27.38,-30.33],[27.37,-30.33],[27.37,-30.32],[27.36,-30.32],[27.36,-30.33],[27.35,-30.33],[27.35,-30.34],[27.36,-30.34],[27.37,-30.34],[27.37,-30.35],[27.36,-30.35],[27.36,-30.36],[27.37,-30.36],[27.37,-30.37],[27.37,-30.38],[27.38,-30.37],[27.38,-30.36],[27.39,-30.36],[27.4,-30.36],[27.4,-30.37],[27.4,-30.38],[27.4,-30.39],[27.4,-30.4],[27.39,-30.4],[27.38,-30.4],[27.38,-30.41],[27.37,-30.41],[27.37,-30.4],[27.36,-30.4],[27.35,-30.4],[27.34,-30.4],[27.34,-30.41],[27.33,-30.41],[27.33,-30.42],[27.32,-30.42],[27.33,-30.42],[27.33,-30.43],[27.34,-30.43],[27.35,-30.43],[27.36,-30.43],[27.37,-30.43],[27.37,-30.44],[27.36,-30.44],[27.35,-30.44],[27.35,-30.45],[27.34,-30.45],[27.33,-30.45],[27.32,-30.45],[27.32,-30.44],[27.31,-30.44],[27.3,-30.44],[27.3,-30.45],[27.29,-30.45],[27.29,-30.46],[27.3,-30.46],[27.3,-30.47],[27.31,-30.47],[27.32,-30.47],[27.32,-30.48],[27.33,-30.48],[27.33,-30.49],[27.32,-30.49],[27.31,-30.49],[27.3,-30.49],[27.3,-30.5],[27.3,-30.51],[27.29,-30.51],[27.29,-30.5],[27.28,-30.5],[27.27,-30.5],[27.27,-30.51],[27.26,-30.51],[27.26,-30.5],[27.25,-30.5],[27.25,-30.49],[27.25,-30.48],[27.24,-30.48],[27.23,-30.48],[27.23,-30.49],[27.23,-30.5],[27.23,-30.51],[27.22,-30.51],[27.22,-30.5],[27.22,-30.49],[27.21,-30.49],[27.21,-30.5],[27.21,-30.51],[27.2,-30.51],[27.2,-30.52],[27.19,-30.52],[27.18,-30.52],[27.17,-30.52],[27.17,-30.51],[27.16,-30.51],[27.15,-30.51],[27.14,-30.51],[27.13,-30.51],[27.13,-30.52],[27.14,-30.52],[27.14,-30.53],[27.14,-30.54],[27.13,-30.54],[27.12,-30.54],[27.12,-30.55],[27.11,-30.55],[27.11,-30.56],[27.1,-30.56],[27.1,-30.55],[27.09,-30.55],[27.09,-30.54],[27.09,-30.53],[27.08,-30.53],[27.07,-30.53],[27.06,-30.53],[27.05,-30.53],[27.05,-30.54],[27.04,-30.54],[27.03,-30.54],[27.03,-30.53],[27.02,-30.53],[27.02,-30.54],[27.01,-30.54],[27.0,-30.54],[27.0,-30.55],[27.0,-30.56],[27.01,-30.56],[27.02,-30.56],[27.02,-30.57],[27.02,-30.58],[27.03,-30.58],[27.04,-30.58],[27.04,-30.59],[27.04,-30.6],[27.03,-30.6],[27.02,-30.6],[27.02,-30.61],[27.01,-30.61],[27.01,-30.6],[27.0,-30.6],[27.0,-30.59],[27.0,-30.6],[26.99,-30.6],[26.98,-30.6],[26.97,-30.6],[26.96,-30.6],[26.96,-30.61],[26.95,-30.61],[26.94,-30.61],[26.94,-30.62],[26.93,-30.62],[26.93,-30.63],[26.94,-30.63],[26.94,-30.64],[26.94,-30.65],[26.95,-30.65],[26.95,-30.66],[26.94,-30.66],[26.93,-30.67],[26.92,-30.67],[26.92,-30.66],[26.92,-30.67],[26.91,-30.67],[26.9,-30.67],[26.89,-30.67],[26.89,-30.66],[26.88,-30.66],[26.88,-30.67],[26.88,-30.68],[26.87,-30.68],[26.86,-30.68],[26.85,-30.68],[26.84,-30.68],[26.84,-30.67],[26.83,-30.67],[26.83,-30.66],[26.83,-30.65],[26.82,-30.65],[26.82,-30.64],[26.81,-30.64],[26.8,-30.64],[26.79,-30.64],[26.79,-30.65],[26.78,-30.65],[26.77,-30.65],[26.77,-30.66],[26.76,-30.66],[26.75,-30.66],[26.75,-30.67],[26.74,-30.67],[26.74,-30.66],[26.73,-30.66],[26.73,-30.67],[26.72,-30.67],[26.72,-30.68],[26.71,-30.68],[26.71,-30.69],[26.7,-30.69],[26.69,-30.69],[26.68,-30.69],[26.68,-30.68],[26.68,-30.67],[26.67,-30.67],[26.67,-30.68],[26.66,-30.68],[26.66,-30.69],[26.65,-30.69],[26.64,-30.69],[26.63,-30.69],[26.62,-30.69],[26.62,-30.68],[26.63,-30.68],[26.63,-30.67],[26.64,-30.67],[26.63,-30.67],[26.63,-30.66],[26.62,-30.66],[26.61,-30.66],[26.6,-30.66],[26.59,-30.66],[26.58,-30.66],[26.58,-30.67],[26.57,-30.67],[26.56,-30.67],[26.56,-30.66],[26.55,-30.66],[26.54,-30.66],[26.54,-30.65],[26.53,-30.65],[26.53,-30.64],[26.52,-30.64],[26.51,-30.64],[26.51,-30.63],[26.5,-30.63],[26.49,-30.63],[26.48,-30.63],[26.48,-30.62],[26.48,-30.61],[26.49,-30.61],[26.49,-30.6],[26.49,-30.59],[26.48,-30.59],[26.47,-30.59],[26.47,-30.58],[26.46,-30.58],[26.46,-30.57],[26.45,-30.57],[26.44,-30.57],[26.43,-30.57],[26.42,-30.57],[26.41,-30.57],[26.4,-30.57],[26.4,-30.58],[26.39,-30.58],[26.38,-30.58],[26.37,-30.58],[26.37,-30.59],[26.36,-30.59],[26.36,-30.6],[26.35,-30.6],[26.35,-30.59],[26.34,-30.59],[26.33,-30.59],[26.32,-30.59],[26.32,-30.58],[26.31,-30.58],[26.31,-30.59],[26.3,-30.59],[26.29,-30.59],[26.28,-30.59],[26.28,-30.58],[26.28,-30.57],[26.27,-30.57],[26.26,-30.57],[26.26,-30.56],[26.26,-30.55],[26.27,-30.55],[26.26,-30.55],[26.26,-30.54],[26.25,-30.54],[26.24,-30.54],[26.23,-30.54],[26.23,-30.53],[26.22,-30.53],[26.21,-30.53],[26.2,-30.53],[26.19,-30.53],[26.19,-30.52],[26.2,-30.52],[26.2,-30.51],[26.19,-30.51],[26.19,-30.5],[26.18,-30.5],[26.18,-30.49],[26.17,-30.49],[26.17,-30.48],[26.16,-30.48],[26.15,-30.48],[26.15,-30.49],[26.14,-30.49],[26.13,-30.49],[26.13,-30.5],[26.13,-30.51],[26.14,-30.51],[26.15,-30.51],[26.15,-30.52],[26.15,-30.53],[26.15,-30.54],[26.14,-30.54],[26.13,-30.54],[26.12,-30.54],[26.12,-30.53],[26.11,-30.53],[26.11,-30.52],[26.1,-30.52],[26.09,-30.52],[26.08,-30.52],[26.07,-30.52],[26.06,-30.52],[26.05,-30.52],[26.05,-30.53],[26.04,-30.53],[26.03,-30.53],[26.02,-30.53],[26.01,-30.53],[26.01,-30.54],[26.0,-30.54],[25.99,-30.54],[25.98,-30.54],[25.97,-30.54],[25.96,-30.54],[25.96,-30.55],[25.95,-30.55],[25.95,-30.56],[25.94,-30.56],[25.94,-30.57],[25.94,-30.58],[25.93,-30.58],[25.93,-30.59],[25.93,-30.58],[25.92,-30.58],[25.93,-30.58],[25.93,-30.57],[25.92,-30.57],[25.92,-30.56],[25.91,-30.56],[25.91,-30.55],[25.9,-30.54],[25.89,-30.54],[25.88,-30.54],[25.88,-30.55],[25.87,-30.56],[25.87,-30.57],[25.88,-30.57],[25.88,-30.58],[25.88,-30.59],[25.89,-30.59],[25.89,-30.6],[25.89,-30.61],[25.88,-30.61],[25.87,-30.61],[25.86,-30.61],[25.86,-30.62],[25.85,-30.62],[25.85,-30.63],[25.84,-30.63],[25.83,-30.63],[25.82,-30.63],[25.81,-30.63],[25.8,-30.63],[25.8,-30.64],[25.79,-30.64],[25.78,-30.64],[25.78,-30.65],[25.78,-30.66],[25.78,-30.67],[25.78,-30.68],[25.77,-30.68],[25.77,-30.69],[25.76,-30.69],[25.75,-30.69],[25.75,-30.68],[25.74,-30.68],[25.73,-30.68],[25.72,-30.68],[25.71,-30.68],[25.7,-30.68],[25.69,-30.68],[25.69,-30.67],[25.68,-30.67],[25.68,-30.66],[25.68,-30.65],[25.69,-30.65],[25.68,-30.65],[25.68,-30.64],[25.67,-30.64],[25.66,-30.64],[25.66,-30.65],[25.65,-30.65],[25.65,-30.66],[25.64,-30.66],[25.63,-30.66],[25.62,-30.66],[25.61,-30.66],[25.61,-30.65],[25.61,-30.64],[25.62,-30.64],[25.62,-30.63],[25.63,-30.63],[25.62,-30.63],[25.62,-30.62],[25.61,-30.62],[25.61,-30.61],[25.61,-30.6],[25.6,-30.6],[25.6,-30.59],[25.59,-30.59],[25.59,-30.6],[25.58,-30.6],[25.58,-30.61],[25.57,-30.61],[25.57,-30.62],[25.56,-30.62],[25.55,-30.62],[25.55,-30.61],[25.54,-30.61],[25.53,-30.61],[25.52,-30.61],[25.52,-30.62],[25.51,-30.62],[25.5,-30.62],[25.5,-30.63],[25.49,-30.63],[25.48,-30.63],[25.47,-30.64],[25.47,-30.63],[25.47,-30.62],[25.46,-30.62],[25.46,-30.61],[25.45,-30.61],[25.45,-30.6],[25.44,-30.6],[25.43,-30.6],[25.43,-30.59],[25.42,-30.59],[25.42,-30.58],[25.41,-30.58],[25.41,-30.57],[25.4,-30.57],[25.39,-30.57],[25.39,-30.56],[25.38,-30.56],[25.37,-30.56],[25.36,-30.56],[25.35,-30.56],[25.34,-30.56],[25.33,-30.56],[25.33,-30.57],[25.32,-30.57],[25.32,-30.58],[25.31,-30.58],[25.3,-30.58],[25.3,-30.57],[25.29,-30.57],[25.29,-30.56],[25.28,-30.56],[25.28,-30.55],[25.28,-30.54],[25.27,-30.54],[25.27,-30.53],[25.26,-30.53],[25.26,-30.52],[25.25,-30.52],[25.24,-30.51],[25.24,-30.5],[25.23,-30.5],[25.22,-30.5],[25.21,-30.5],[25.21,-30.51],[25.21,-30.5],[25.2,-30.5],[25.19,-30.5],[25.19,-30.49],[25.18,-30.48],[25.17,-30.48],[25.17,-30.47],[25.16,-30.47],[25.16,-30.46],[25.15,-30.46],[25.15,-30.45],[25.16,-30.45],[25.16,-30.44],[25.15,-30.44],[25.15,-30.43],[25.14,-30.43],[25.14,-30.42],[25.13,-30.42],[25.12,-30.42],[25.12,-30.41],[25.11,-30.41],[25.11,-30.4],[25.1,-30.39],[25.1,-30.38],[25.1,-30.37],[25.09,-30.37],[25.08,-30.37],[25.08,-30.36],[25.07,-30.36],[25.06,-30.36],[25.05,-30.36],[25.04,-30.36],[25.04,-30.35],[25.04,-30.34],[25.04,-30.33],[25.05,-30.33],[25.05,-30.32],[25.05,-30.31],[25.04,-30.31],[25.04,-30.3],[25.04,-30.29],[25.03,-30.29],[25.03,-30.28],[25.02,-30.28],[25.02,-30.29],[25.01,-30.29],[25.0,-30.29],[24.99,-30.29],[24.98,-30.29],[24.98,-30.28],[24.98,-30.27],[24.97,-30.27],[24.96,-30.27],[24.96,-30.26],[24.95,-30.26],[24.95,-30.25],[24.95,-30.24],[24.96,-30.24],[24.96,-30.23],[24.95,-30.23],[24.95,-30.22],[24.95,-30.23],[24.95,-30.22],[24.94,-30.22],[24.93,-30.22],[24.93,-30.21],[24.93,-30.2],[24.92,-30.2],[24.92,-30.21],[24.91,-30.21],[24.9,-30.21],[24.9,-30.2],[24.9,-30.19],[24.9,-30.18],[24.89,-30.18],[24.88,-30.18],[24.88,-30.17],[24.88,-30.16],[24.88,-30.15],[24.88,-30.14],[24.87,-30.14],[24.87,-30.13],[24.86,-30.13],[24.85,-30.13],[24.85,-30.12],[24.84,-30.12],[24.84,-30.11],[24.84,-30.1],[24.84,-30.09],[24.83,-30.09],[24.83,-30.08],[24.82,-30.08],[24.82,-30.07],[24.81,-30.07],[24.81,-30.06],[24.8,-30.06],[24.8,-30.05],[24.8,-30.04],[24.8,-30.03],[24.81,-30.03],[24.81,-30.02],[24.81,-30.01],[24.8,-30.01],[24.8,-30.0],[24.79,-30.0],[24.78,-30.0],[24.78,-29.99],[24.77,-29.99],[24.76,-29.99],[24.75,-29.99],[24.74,-29.99],[24.73,-29.99],[24.72,-29.99],[24.71,-29.99],[24.71,-29.98],[24.7,-29.98],[24.69,-29.98],[24.68,-29.98],[24.67,-29.98],[24.67,-29.97],[24.67,-29.96],[24.67,-29.95],[24.66,-29.95],[24.66,-29.94],[24.66,-29.93],[24.67,-29.93],[24.67,-29.92],[24.67,-29.91],[24.67,-29.9],[24.66,-29.9],[24.65,-29.9],[24.65,-29.91],[24.64,-29.91],[24.63,-29.91],[24.62,-29.91],[24.61,-29.91],[24.6,-29.91],[24.6,-29.9],[24.59,-29.9],[24.58,-29.9],[24.58,-29.89],[24.57,-29.89],[24.57,-29.88],[24.56,-29.88],[24.56,-29.87],[24.56,-29.86],[24.55,-29.86],[24.55,-29.85],[24.55,-29.84],[24.54,-29.84],[24.53,-29.84],[24.53,-29.85],[24.52,-29.85],[24.52,-29.84],[24.51,-29.84],[24.5,-29.84],[24.5,-29.83],[24.5,-29.82],[24.5,-29.81],[24.49,-29.81],[24.48,-29.81],[24.47,-29.81],[24.46,-29.81],[24.45,-29.81],[24.45,-29.82],[24.44,-29.82],[24.44,-29.81],[24.43,-29.81],[24.43,-29.8],[24.42,-29.8],[24.42,-29.79],[24.41,-29.79],[24.41,-29.78],[24.4,-29.78],[24.4,-29.77],[24.39,-29.76],[24.39,-29.75],[24.38,-29.75],[24.38,-29.74],[24.38,-29.73],[24.37,-29.73],[24.37,-29.72],[24.36,-29.72],[24.36,-29.71],[24.35,-29.71],[24.35,-29.7],[24.35,-29.69],[24.35,-29.68],[24.35,-29.67],[24.35,-29.66]]]]},"properties":{"name":"Xhariep District"}},{"type":"Feature","geometry":{"type":"MultiPolygon","coordinates":[[[[19.51,-28.6],[19.51,-28.59],[19.52,-28.59],[19.53,-28.59],[19.54,-28.59],[19.54,-28.58],[19.54,-28.57],[19.54,-28.56],[19.55,-28.56],[19.55,-28.55],[19.55,-28.54],[19.56,-28.54],[19.56,-28.53],[19.57,-28.53],[19.58,-28.53],[19.59,-28.53],[19.59,-28.52],[19.6,-28.52],[19.61,-28.52],[19.61,-28.51],[19.62,-28.51],[19.63,-28.51],[19.64,-28.51],[19.64,-28.52],[19.65,-28.52],[19.66,-28.52],[19.66,-28.53],[19.67,-28.53],[19.67,-28.52],[19.68,-28.52],[19.69,-28.52],[19.7,-28.52],[19.7,-28.51],[19.71,-28.51],[19.71,-28.5],[19.72,-28.5],[19.72,-28.49],[19.73,-28.49],[19.74,-28.49],[19.75,-28.49],[19.76,-28.49],[19.77,-28.49],[19.77,-28.5],[19.78,-28.5],[19.79,-28.5],[19.8,-28.5],[19.8,-28.51],[19.81,-28.51],[19.82,-28.51],[19.82,-28.5],[19.83,-28.5],[19.83,-28.49],[19.84,-28.49],[19.84,-28.48],[19.84,-28.47],[19.84,-28.46],[19.85,-28.46],[19.86,-28.46],[19.87,-28.46],[19.87,-28.45],[19.87,-28.44],[19.88,-28.44],[19.89,-28.44],[19.9,-28.44],[19.9,-28.45],[19.91,-28.45],[19.92,-28.45],[19.92,-28.44],[19.93,-28.44],[19.94,-28.44],[19.95,-28.44],[19.95,-28.43],[19.96,-28.43],[19.97,-28.43],[19.98,-28.43],[19.99,-28.43],[20.0,-28.43],[20.0,-28.36],[20.0,-28.34],[20.0,-28.33],[20.0,-28.32],[20.0,-28.31],[20.0,-28.3],[20.0,-28.29],[20.0,-28.28],[20.0,-28.25],[20.0,-28.22],[20.0,-28.21],[20.0,-28.15],[20.0,-28.14],[20.0,-28.13],[20.0,-28.1],[20.0,-28.05],[20.0,-28.02],[20.0,-27.98],[20.0,-27.89],[20.0,-27.77],[20.0,-27.75],[20.0,-27.7],[20.0,-27.66],[20.0,-27.63],[20.0,-27.55],[20.0,-27.52],[20.0,-27.5],[20.0,-27.35],[20.0,-27.24],[20.0,-27.19],[20.0,-27.04],[20.0,-26.96],[20.0,-26.91],[20.0,-26.82],[20.0,-26.67],[20.0,-26.62],[20.0,-26.6],[20.0,-26.54],[20.0,-26.5],[20.0,-26.46],[20.0,-26.45],[20.0,-26.42],[20.0,-26.4],[20.0,-26.38],[20.0,-26.35],[20.0,-26.28],[20.0,-26.27],[20.0,-26.25],[20.0,-26.23],[20.0,-26.21],[20.0,-26.19],[20.0,-26.14],[20.0,-26.12],[20.0,-26.1],[20.0,-26.06],[20.0,-26.0],[20.0,-25.92],[20.0,-25.9],[20.0,-25.78],[20.0,-25.77],[20.0,-25.76],[20.0,-25.75],[20.0,-25.71],[20.0,-25.7],[20.0,-25.69],[20.0,-25.65],[20.0,-25.62],[20.0,-25.61],[20.0,-25.6],[20.0,-25.59],[20.0,-25.58],[20.0,-25.57],[20.0,-25.55],[20.0,-25.54],[20.0,-25.53],[20.0,-25.52],[20.0,-25.51],[20.0,-25.49],[20.0,-25.48],[20.0,-25.45],[20.0,-25.44],[20.0,-25.43],[20.0,-25.42],[20,-25.4],[20.0,-25.39],[20.0,-25.38],[20.0,-25.36],[20.0,-25.35],[20.0,-25.33],[20.0,-25.32],[20.0,-25.31],[20.0,-25.29],[20.0,-25.28],[20.0,-25.27],[20.0,-25.26],[20.0,-25.25],[20.0,-25.24],[20.0,-25.23],[20.0,-25.22],[20.0,-25.21],[20.0,-25.19],[20.0,-25.18],[20.0,-25.17],[20.0,-25.16],[20.0,-25.15],[20.0,-25.13],[20.0,-25.12],[20.0,-25.11],[20.0,-25.1],[20.0,-25.09],[20.0,-25.08],[20.0,-25.07],[20.0,-25.06],[20.0,-25.04],[20.0,-25.03],[20.0,-25.01],[20.0,-25.0],[20.0,-24.99],[20.0,-24.98],[20.0,-24.97],[20.0,-24.96],[20.0,-24.95],[20.0,-24.94],[20.0,-24.93],[20.0,-24.92],[20.0,-24.91],[20.0,-24.9],[20.0,-24.89],[20.0,-24.88],[20.0,-24.87],[20.0,-24.85],[20.0,-24.84],[20.0,-24.8],[20.0,-24.78],[20.0,-24.77],[20.0,-24.76],[20.0,-24.77],[20.01,-24.78],[20.03,-24.79],[20.04,-24.81],[20.07,-24.81],[20.07,-24.82],[20.07,-24.83],[20.08,-24.83],[20.09,-24.83],[20.09,-24.84],[20.09,-24.85],[20.1,-24.86],[20.11,-24.86],[20.11,-24.87],[20.12,-24.88],[20.13,-24.88],[20.14,-24.88],[20.15,-24.88],[20.16,-24.88],[20.16,-24.89],[20.17,-24.9],[20.18,-24.91],[20.19,-24.91],[20.19,-24.9],[20.2,-24.9],[20.21,-24.9],[20.21,-24.91],[20.22,-24.92],[20.23,-24.91],[20.25,-24.92],[20.26,-24.92],[20.27,-24.93],[20.27,-24.94],[20.27,-24.95],[20.28,-24.95],[20.29,-24.95],[20.29,-24.96],[20.29,-24.97],[20.3,-24.98],[20.32,-24.99],[20.33,-25.0],[20.33,-25.01],[20.34,-25.01],[20.35,-25.01],[20.35,-25.02],[20.36,-25.02],[20.37,-25.03],[20.38,-25.03],[20.39,-25.04],[20.39,-25.05],[20.38,-25.06],[20.38,-25.07],[20.39,-25.07],[20.39,-25.08],[20.41,-25.08],[20.42,-25.09],[20.41,-25.1],[20.41,-25.11],[20.42,-25.1],[20.42,-25.11],[20.43,-25.12],[20.42,-25.13],[20.43,-25.13],[20.43,-25.14],[20.43,-25.15],[20.44,-25.16],[20.45,-25.16],[20.46,-25.15],[20.47,-25.15],[20.47,-25.16],[20.47,-25.17],[20.47,-25.18],[20.46,-25.18],[20.45,-25.19],[20.44,-25.19],[20.44,-25.2],[20.45,-25.2],[20.46,-25.21],[20.46,-25.22],[20.47,-25.22],[20.47,-25.23],[20.48,-25.23],[20.49,-25.22],[20.5,-25.22],[20.5,-25.23],[20.5,-25.24],[20.49,-25.25],[20.5,-25.27],[20.51,-25.28],[20.52,-25.27],[20.52,-25.28],[20.53,-25.29],[20.54,-25.29],[20.55,-25.29],[20.54,-25.29],[20.53,-25.3],[20.52,-25.31],[20.51,-25.31],[20.51,-25.32],[20.52,-25.32],[20.53,-25.32],[20.54,-25.32],[20.55,-25.32],[20.55,-25.33],[20.54,-25.33],[20.54,-25.34],[20.54,-25.35],[20.55,-25.36],[20.55,-25.37],[20.56,-25.38],[20.56,-25.39],[20.57,-25.39],[20.58,-25.4],[20.59,-25.39],[20.6,-25.39],[20.6,-25.4],[20.61,-25.4],[20.6,-25.41],[20.6,-25.42],[20.6,-25.43],[20.61,-25.43],[20.63,-25.42],[20.63,-25.43],[20.63,-25.44],[20.62,-25.44],[20.62,-25.45],[20.62,-25.46],[20.63,-25.46],[20.64,-25.46],[20.65,-25.46],[20.65,-25.45],[20.66,-25.45],[20.67,-25.45],[20.67,-25.46],[20.67,-25.47],[20.66,-25.47],[20.65,-25.47],[20.64,-25.47],[20.64,-25.48],[20.64,-25.49],[20.64,-25.5],[20.63,-25.51],[20.63,-25.52],[20.63,-25.53],[20.64,-25.53],[20.65,-25.53],[20.66,-25.54],[20.66,-25.55],[20.67,-25.55],[20.68,-25.56],[20.69,-25.58],[20.7,-25.59],[20.7,-25.6],[20.69,-25.6],[20.68,-25.6],[20.67,-25.6],[20.66,-25.61],[20.66,-25.62],[20.65,-25.62],[20.65,-25.63],[20.65,-25.64],[20.66,-25.64],[20.67,-25.63],[20.68,-25.63],[20.69,-25.63],[20.69,-25.64],[20.69,-25.65],[20.68,-25.66],[20.68,-25.67],[20.68,-25.68],[20.68,-25.69],[20.69,-25.7],[20.7,-25.7],[20.71,-25.71],[20.72,-25.72],[20.72,-25.73],[20.73,-25.73],[20.73,-25.74],[20.73,-25.75],[20.73,-25.76],[20.73,-25.77],[20.74,-25.77],[20.75,-25.77],[20.76,-25.77],[20.76,-25.78],[20.76,-25.79],[20.76,-25.8],[20.75,-25.8],[20.74,-25.8],[20.74,-25.81],[20.74,-25.82],[20.74,-25.83],[20.75,-25.83],[20.76,-25.82],[20.76,-25.81],[20.77,-25.81],[20.77,-25.8],[20.78,-25.8],[20.79,-25.8],[20.79,-25.81],[20.79,-25.82],[20.79,-25.83],[20.79,-25.84],[20.78,-25.84],[20.78,-25.85],[20.79,-25.86],[20.8,-25.86],[20.81,-25.86],[20.81,-25.87],[20.81,-25.88],[20.81,-25.89],[20.8,-25.9],[20.8,-25.91],[20.8,-25.92],[20.81,-25.92],[20.81,-25.93],[20.82,-25.94],[20.83,-25.94],[20.84,-25.95],[20.84,-25.96],[20.84,-25.97],[20.83,-25.97],[20.83,-25.98],[20.83,-25.99],[20.82,-26.0],[20.82,-26.01],[20.83,-26.02],[20.83,-26.03],[20.84,-26.03],[20.84,-26.04],[20.83,-26.05],[20.82,-26.05],[20.82,-26.06],[20.82,-26.07],[20.83,-26.07],[20.84,-26.08],[20.84,-26.09],[20.83,-26.09],[20.83,-26.1],[20.82,-26.1],[20.82,-26.11],[20.83,-26.11],[20.83,-26.12],[20.84,-26.12],[20.85,-26.12],[20.86,-26.12],[20.86,-26.13],[20.86,-26.14],[20.85,-26.15],[20.85,-26.16],[20.84,-26.17],[20.83,-26.17],[20.82,-26.18],[20.82,-26.19],[20.81,-26.2],[20.82,-26.2],[20.82,-26.21],[20.82,-26.22],[20.81,-26.22],[20.81,-26.23],[20.81,-26.24],[20.8,-26.25],[20.79,-26.26],[20.79,-26.27],[20.78,-26.28],[20.77,-26.28],[20.76,-26.28],[20.76,-26.29],[20.76,-26.3],[20.75,-26.3],[20.75,-26.31],[20.74,-26.32],[20.73,-26.33],[20.72,-26.33],[20.72,-26.34],[20.71,-26.35],[20.71,-26.36],[20.7,-26.36],[20.7,-26.37],[20.7,-26.38],[20.7,-26.39],[20.69,-26.4],[20.68,-26.4],[20.67,-26.4],[20.67,-26.41],[20.66,-26.41],[20.66,-26.42],[20.66,-26.43],[20.65,-26.43],[20.65,-26.44],[20.64,-26.43],[20.63,-26.43],[20.62,-26.44],[20.62,-26.45],[20.62,-26.47],[20.61,-26.47],[20.61,-26.48],[20.61,-26.49],[20.61,-26.5],[20.61,-26.51],[20.6,-26.51],[20.6,-26.52],[20.61,-26.53],[20.61,-26.54],[20.61,-26.55],[20.61,-26.56],[20.61,-26.57],[20.62,-26.57],[20.63,-26.58],[20.63,-26.59],[20.63,-26.6],[20.63,-26.61],[20.63,-26.62],[20.63,-26.63],[20.63,-26.64],[20.63,-26.65],[20.63,-26.66],[20.64,-26.66],[20.64,-26.67],[20.63,-26.67],[20.62,-26.67],[20.62,-26.68],[20.61,-26.69],[20.62,-26.69],[20.62,-26.7],[20.62,-26.71],[20.62,-26.72],[20.63,-26.72],[20.63,-26.73],[20.63,-26.74],[20.63,-26.75],[20.63,-26.76],[20.64,-26.76],[20.64,-26.77],[20.63,-26.77],[20.63,-26.78],[20.62,-26.79],[20.63,-26.79],[20.64,-26.79],[20.64,-26.8],[20.65,-26.8],[20.65,-26.81],[20.64,-26.82],[20.64,-26.83],[20.65,-26.83],[20.66,-26.83],[20.66,-26.84],[20.67,-26.84],[20.68,-26.84],[20.69,-26.85],[20.68,-26.85],[20.68,-26.86],[20.68,-26.87],[20.68,-26.88],[20.68,-26.89],[20.69,-26.89],[20.69,-26.9],[20.69,-26.91],[20.69,-26.9],[20.7,-26.9],[20.7,-26.89],[20.71,-26.88],[20.71,-26.87],[20.72,-26.87],[20.73,-26.87],[20.74,-26.87],[20.75,-26.87],[20.76,-26.87],[20.77,-26.87],[20.77,-26.86],[20.78,-26.86],[20.78,-26.85],[20.78,-26.84],[20.79,-26.84],[20.8,-26.84],[20.81,-26.84],[20.82,-26.84],[20.82,-26.83],[20.82,-26.82],[20.83,-26.82],[20.84,-26.82],[20.85,-26.82],[20.85,-26.81],[20.86,-26.81],[20.87,-26.81],[20.87,-26.8],[20.88,-26.8],[20.89,-26.8],[20.9,-26.8],[20.91,-26.8],[20.92,-26.8],[20.92,-26.81],[20.93,-26.81],[20.94,-26.81],[20.95,-26.81],[20.96,-26.81],[20.97,-26.81],[20.98,-26.81],[20.98,-26.82],[20.99,-26.82],[20.99,-26.83],[21.0,-26.83],[21.0,-26.84],[21.01,-26.84],[21.01,-26.85],[21.02,-26.85],[21.03,-26.85],[21.04,-26.85],[21.05,-26.85],[21.06,-26.85],[21.07,-26.85],[21.08,-26.85],[21.09,-26.85],[21.1,-26.86],[21.11,-26.86],[21.12,-26.86],[21.12,-26.87],[21.13,-26.87],[21.14,-26.87],[21.15,-26.87],[21.16,-26.87],[21.17,-26.87],[21.18,-26.87],[21.18,-26.86],[21.19,-26.86],[21.19,-26.85],[21.2,-26.85],[21.21,-26.85],[21.22,-26.84],[21.23,-26.84],[21.24,-26.84],[21.24,-26.85],[21.25,-26.85],[21.25,-26.84],[21.26,-26.84],[21.27,-26.84],[21.28,-26.84],[21.28,-26.85],[21.29,-26.85],[21.3,-26.85],[21.31,-26.85],[21.31,-26.84],[21.32,-26.84],[21.32,-26.83],[21.33,-26.83],[21.34,-26.83],[21.35,-26.83],[21.36,-26.83],[21.37,-26.83],[21.38,-26.83],[21.39,-26.83],[21.39,-26.82],[21.4,-26.82],[21.41,-26.82],[21.42,-26.82],[21.43,-26.83],[21.44,-26.83],[21.45,-26.83],[21.45,-26.84],[21.46,-26.84],[21.47,-26.84],[21.48,-26.84],[21.49,-26.84],[21.49,-26.85],[21.5,-26.85],[21.51,-26.85],[21.51,-26.86],[21.52,-26.86],[21.53,-26.86],[21.54,-26.85],[21.54,-26.84],[21.55,-26.84],[21.55,-26.85],[21.56,-26.85],[21.57,-26.85],[21.57,-26.84],[21.58,-26.84],[21.59,-26.84],[21.6,-26.84],[21.6,-26.85],[21.61,-26.85],[21.61,-26.86],[21.62,-26.86],[21.62,-26.87],[21.63,-26.87],[21.64,-26.87],[21.64,-26.86],[21.65,-26.86],[21.66,-26.86],[21.66,-26.87],[21.66,-26.86],[21.67,-26.86],[21.67,-26.85],[21.68,-26.85],[21.68,-26.86],[21.69,-26.86],[21.7,-26.86],[21.71,-26.85],[21.72,-26.85],[21.72,-26.84],[21.73,-26.84],[21.73,-26.83],[21.74,-26.83],[21.74,-26.82],[21.75,-26.82],[21.76,-26.82],[21.76,-26.81],[21.77,-26.81],[21.77,-26.8],[21.78,-26.8],[21.78,-26.79],[21.78,-26.78],[21.79,-26.78],[21.79,-26.77],[21.8,-26.77],[21.81,-26.77],[21.83,-26.79],[21.83,-26.8],[21.87,-26.86],[21.9,-26.91],[21.91,-26.93],[21.91,-26.94],[21.91,-26.95],[21.92,-26.96],[21.93,-26.96],[21.95,-26.95],[21.96,-26.97],[21.99,-27.02],[22.0,-27.02],[22.0,-27.03],[22.0,-27.11],[22.03,-27.1],[22.06,-27.1],[22.12,-27.07],[22.14,-27.04],[22.11,-27.0],[22.11,-26.99],[22.1,-27.0],[22.1,-26.99],[22.11,-26.98],[22.15,-27.03],[22.17,-27.05],[22.19,-27.07],[22.2,-27.09],[22.21,-27.09],[22.23,-27.07],[22.25,-27.04],[22.32,-27.08],[22.33,-27.12],[22.33,-27.17],[22.34,-27.23],[22.34,-27.26],[22.38,-27.26],[22.39,-27.26],[22.4,-27.26],[22.4,-27.28],[22.47,-27.28],[22.48,-27.28],[22.49,-27.28],[22.54,-27.28],[22.54,-27.27],[22.57,-27.27],[22.62,-27.26],[22.65,-27.24],[22.67,-27.25],[22.69,-27.27],[22.68,-27.28],[22.67,-27.3],[22.65,-27.31],[22.65,-27.34],[22.65,-27.35],[22.68,-27.35],[22.67,-27.39],[22.67,-27.45],[22.69,-27.45],[22.72,-27.46],[22.72,-27.48],[22.72,-27.5],[22.71,-27.55],[22.71,-27.58],[22.71,-27.59],[22.71,-27.61],[22.7,-27.67],[22.67,-27.67],[22.69,-27.68],[22.7,-27.69],[22.72,-27.7],[22.72,-27.71],[22.73,-27.72],[22.75,-27.73],[22.76,-27.74],[22.77,-27.75],[22.78,-27.77],[22.8,-27.79],[22.82,-27.83],[22.78,-27.85],[22.75,-27.85],[22.74,-27.85],[22.75,-27.86],[22.79,-27.89],[22.79,-27.9],[22.8,-27.91],[22.78,-27.92],[22.76,-27.93],[22.75,-27.93],[22.74,-27.93],[22.73,-27.93],[22.72,-27.93],[22.67,-27.94],[22.66,-27.94],[22.64,-27.94],[22.65,-27.97],[22.64,-27.99],[22.67,-27.98],[22.68,-27.98],[22.71,-27.99],[22.72,-27.99],[22.75,-27.99],[22.77,-27.98],[22.78,-27.98],[22.79,-27.97],[22.8,-27.97],[22.81,-27.97],[22.82,-27.96],[22.83,-27.96],[22.84,-27.94],[22.85,-27.94],[22.85,-27.93],[22.86,-27.93],[22.87,-27.92],[22.88,-27.92],[22.89,-27.91],[22.9,-27.91],[22.93,-27.89],[22.95,-27.89],[22.96,-27.9],[22.98,-27.9],[22.99,-27.9],[23.01,-27.88],[23.01,-27.87],[23.02,-27.86],[23.04,-27.88],[23.04,-27.89],[23.06,-27.88],[23.1,-27.89],[23.1,-27.9],[23.1,-27.91],[23.11,-27.93],[23.11,-27.96],[23.14,-27.96],[23.16,-27.96],[23.18,-27.96],[23.22,-27.95],[23.27,-27.95],[23.27,-27.94],[23.3,-27.94],[23.31,-27.93],[23.32,-27.92],[23.35,-27.9],[23.36,-27.93],[23.36,-27.94],[23.39,-27.93],[23.4,-27.92],[23.42,-27.92],[23.43,-27.93],[23.43,-27.94],[23.44,-27.96],[23.47,-27.94],[23.5,-27.92],[23.56,-27.9],[23.58,-27.88],[23.6,-27.89],[23.59,-27.89],[23.6,-27.91],[23.63,-27.92],[23.64,-27.91],[23.67,-27.93],[23.68,-27.93],[23.69,-27.94],[23.7,-27.94],[23.74,-27.96],[23.77,-27.98],[23.8,-28.0],[23.83,-28.02],[23.79,-28.08],[23.82,-28.1],[23.86,-28.11],[23.87,-28.12],[23.88,-28.12],[23.89,-28.13],[23.89,-28.14],[23.88,-28.14],[23.88,-28.15],[23.88,-28.16],[23.87,-28.17],[23.87,-28.18],[23.87,-28.19],[23.86,-28.19],[23.86,-28.2],[23.86,-28.21],[23.86,-28.22],[23.85,-28.23],[23.85,-28.24],[23.85,-28.25],[23.85,-28.26],[23.85,-28.27],[23.84,-28.28],[23.84,-28.29],[23.83,-28.29],[23.83,-28.3],[23.83,-28.31],[23.82,-28.31],[23.82,-28.32],[23.82,-28.33],[23.81,-28.33],[23.83,-28.34],[23.84,-28.35],[23.84,-28.36],[23.84,-28.37],[23.83,-28.37],[23.83,-28.38],[23.83,-28.39],[23.82,-28.4],[23.82,-28.41],[23.81,-28.42],[23.8,-28.42],[23.8,-28.43],[23.79,-28.44],[23.79,-28.45],[23.78,-28.45],[23.78,-28.46],[23.77,-28.47],[23.78,-28.48],[23.79,-28.49],[23.78,-28.5],[23.77,-28.51],[23.76,-28.52],[23.75,-28.53],[23.74,-28.54],[23.74,-28.55],[23.73,-28.56],[23.72,-28.57],[23.71,-28.58],[23.71,-28.59],[23.7,-28.6],[23.69,-28.6],[23.69,-28.61],[23.68,-28.61],[23.68,-28.62],[23.67,-28.63],[23.67,-28.64],[23.66,-28.64],[23.66,-28.65],[23.65,-28.66],[23.65,-28.67],[23.64,-28.68],[23.64,-28.69],[23.63,-28.69],[23.63,-28.7],[23.62,-28.71],[23.64,-28.72],[23.65,-28.72],[23.66,-28.72],[23.67,-28.73],[23.68,-28.73],[23.69,-28.74],[23.69,-28.75],[23.68,-28.75],[23.68,-28.76],[23.67,-28.76],[23.67,-28.77],[23.66,-28.76],[23.65,-28.76],[23.64,-28.76],[23.63,-28.76],[23.61,-28.76],[23.6,-28.76],[23.59,-28.75],[23.58,-28.75],[23.57,-28.75],[23.56,-28.75],[23.55,-28.75],[23.54,-28.75],[23.53,-28.74],[23.52,-28.74],[23.52,-28.73],[23.51,-28.73],[23.5,-28.73],[23.5,-28.72],[23.49,-28.72],[23.48,-28.72],[23.48,-28.71],[23.47,-28.71],[23.44,-28.7],[23.43,-28.7],[23.42,-28.7],[23.41,-28.7],[23.41,-28.69],[23.4,-28.68],[23.4,-28.67],[23.39,-28.66],[23.39,-28.65],[23.38,-28.65],[23.38,-28.64],[23.37,-28.64],[23.36,-28.65],[23.35,-28.65],[23.34,-28.65],[23.32,-28.65],[23.31,-28.65],[23.3,-28.65],[23.29,-28.65],[23.28,-28.64],[23.27,-28.62],[23.26,-28.62],[23.26,-28.61],[23.25,-28.61],[23.25,-28.62],[23.24,-28.63],[23.23,-28.64],[23.22,-28.63],[23.21,-28.63],[23.2,-28.63],[23.2,-28.62],[23.21,-28.61],[23.21,-28.6],[23.21,-28.59],[23.22,-28.58],[23.22,-28.56],[23.21,-28.55],[23.2,-28.55],[23.19,-28.55],[23.19,-28.56],[23.18,-28.57],[23.17,-28.57],[23.17,-28.58],[23.16,-28.58],[23.15,-28.59],[23.14,-28.59],[23.13,-28.59],[23.13,-28.6],[23.12,-28.6],[23.11,-28.6],[23.1,-28.6],[23.09,-28.6],[23.08,-28.6],[23.08,-28.59],[23.07,-28.59],[23.06,-28.59],[23.05,-28.59],[23.04,-28.59],[23.03,-28.59],[23.03,-28.58],[23.02,-28.58],[23.01,-28.58],[23.0,-28.58],[22.99,-28.58],[22.98,-28.57],[22.97,-28.57],[22.97,-28.56],[22.96,-28.56],[22.95,-28.57],[22.94,-28.57],[22.93,-28.57],[22.92,-28.58],[22.91,-28.58],[22.9,-28.58],[22.89,-28.58],[22.88,-28.58],[22.87,-28.58],[22.86,-28.58],[22.85,-28.58],[22.84,-28.58],[22.83,-28.58],[22.82,-28.58],[22.81,-28.58],[22.8,-28.58],[22.79,-28.58],[22.79,-28.57],[22.78,-28.56],[22.78,-28.55],[22.77,-28.55],[22.77,-28.54],[22.76,-28.54],[22.75,-28.53],[22.73,-28.52],[22.72,-28.52],[22.7,-28.51],[22.69,-28.51],[22.68,-28.51],[22.67,-28.5],[22.65,-28.5],[22.64,-28.5],[22.62,-28.5],[22.61,-28.5],[22.6,-28.5],[22.6,-28.51],[22.59,-28.51],[22.58,-28.5],[22.57,-28.5],[22.56,-28.5],[22.55,-28.5],[22.54,-28.5],[22.53,-28.5],[22.52,-28.5],[22.52,-28.49],[22.51,-28.49],[22.51,-28.48],[22.5,-28.48],[22.49,-28.47],[22.48,-28.46],[22.47,-28.46],[22.47,-28.45],[22.46,-28.45],[22.46,-28.44],[22.46,-28.45],[22.45,-28.45],[22.45,-28.46],[22.44,-28.46],[22.44,-28.47],[22.43,-28.47],[22.43,-28.48],[22.42,-28.48],[22.42,-28.49],[22.41,-28.49],[22.41,-28.5],[22.4,-28.5],[22.4,-28.51],[22.39,-28.51],[22.39,-28.52],[22.38,-28.52],[22.38,-28.53],[22.37,-28.53],[22.36,-28.54],[22.35,-28.55],[22.34,-28.56],[22.33,-28.56],[22.33,-28.57],[22.32,-28.57],[22.32,-28.58],[22.31,-28.58],[22.31,-28.59],[22.3,-28.59],[22.3,-28.6],[22.29,-28.6],[22.29,-28.61],[22.28,-28.61],[22.28,-28.62],[22.27,-28.62],[22.27,-28.63],[22.26,-28.63],[22.26,-28.64],[22.25,-28.64],[22.25,-28.65],[22.24,-28.65],[22.24,-28.66],[22.23,-28.66],[22.23,-28.67],[22.22,-28.67],[22.21,-28.68],[22.21,-28.69],[22.2,-28.69],[22.19,-28.7],[22.18,-28.71],[22.17,-28.72],[22.16,-28.72],[22.16,-28.73],[22.15,-28.73],[22.15,-28.74],[22.14,-28.74],[22.14,-28.75],[22.13,-28.75],[22.13,-28.76],[22.12,-28.76],[22.12,-28.77],[22.11,-28.77],[22.11,-28.78],[22.1,-28.78],[22.1,-28.79],[22.09,-28.79],[22.09,-28.8],[22.08,-28.8],[22.08,-28.81],[22.07,-28.81],[22.07,-28.82],[22.06,-28.82],[22.06,-28.83],[22.05,-28.83],[22.04,-28.84],[22.05,-28.85],[22.06,-28.85],[22.06,-28.84],[22.07,-28.84],[22.08,-28.84],[22.08,-28.85],[22.08,-28.86],[22.09,-28.86],[22.09,-28.87],[22.09,-28.88],[22.1,-28.88],[22.1,-28.89],[22.11,-28.89],[22.11,-28.9],[22.12,-28.9],[22.13,-28.9],[22.13,-28.91],[22.14,-28.91],[22.14,-28.92],[22.15,-28.92],[22.15,-28.93],[22.15,-28.94],[22.16,-28.94],[22.16,-28.95],[22.16,-28.96],[22.17,-28.96],[22.17,-28.97],[22.18,-28.97],[22.18,-28.98],[22.18,-28.99],[22.17,-28.99],[22.16,-29.0],[22.16,-29.01],[22.17,-29.01],[22.17,-29.02],[22.18,-29.02],[22.18,-29.03],[22.19,-29.03],[22.2,-29.04],[22.21,-29.05],[22.21,-29.06],[22.21,-29.07],[22.2,-29.08],[22.21,-29.09],[22.22,-29.1],[22.21,-29.11],[22.2,-29.11],[22.18,-29.06],[22.12,-29.01],[22.11,-29.01],[22.11,-29.0],[22.11,-28.99],[22.1,-28.99],[22.1,-28.98],[22.1,-28.97],[22.09,-28.97],[22.09,-28.96],[22.09,-28.95],[22.08,-28.95],[22.07,-28.95],[22.06,-28.95],[22.05,-28.95],[22.04,-28.95],[22.03,-28.95],[22.02,-28.95],[22.01,-28.95],[22.0,-28.95],[21.99,-28.95],[21.99,-28.96],[21.98,-28.96],[21.98,-28.97],[21.98,-28.98],[21.97,-28.98],[21.97,-28.99],[21.97,-29.0],[21.96,-29.0],[21.96,-29.01],[21.96,-29.02],[21.95,-29.02],[21.94,-29.03],[21.93,-29.03],[21.93,-29.04],[21.92,-29.04],[21.91,-29.05],[21.9,-29.05],[21.9,-29.06],[21.89,-29.06],[21.89,-29.07],[21.88,-29.07],[21.87,-29.08],[21.86,-29.08],[21.86,-29.09],[21.85,-29.09],[21.85,-29.1],[21.84,-29.1],[21.85,-29.11],[21.85,-29.12],[21.86,-29.12],[21.87,-29.13],[21.87,-29.14],[21.88,-29.14],[21.88,-29.15],[21.89,-29.15],[21.89,-29.16],[21.9,-29.16],[21.9,-29.17],[21.91,-29.17],[21.91,-29.18],[21.91,-29.19],[21.92,-29.19],[21.92,-29.2],[21.93,-29.2],[21.93,-29.21],[21.94,-29.22],[21.94,-29.23],[21.95,-29.23],[21.95,-29.24],[21.96,-29.24],[21.96,-29.25],[21.96,-29.26],[21.97,-29.26],[21.97,-29.27],[21.98,-29.27],[21.98,-29.28],[21.97,-29.28],[21.97,-29.29],[21.96,-29.3],[21.95,-29.31],[21.95,-29.32],[21.94,-29.32],[21.94,-29.33],[21.93,-29.33],[21.93,-29.34],[21.92,-29.34],[21.92,-29.35],[21.91,-29.35],[21.91,-29.36],[21.9,-29.36],[21.89,-29.37],[21.88,-29.37],[21.88,-29.38],[21.87,-29.38],[21.86,-29.39],[21.85,-29.39],[21.85,-29.4],[21.86,-29.41],[21.87,-29.42],[21.88,-29.43],[21.89,-29.44],[21.9,-29.45],[21.89,-29.45],[21.89,-29.46],[21.88,-29.46],[21.88,-29.47],[21.87,-29.47],[21.87,-29.48],[21.86,-29.48],[21.86,-29.49],[21.85,-29.49],[21.85,-29.5],[21.84,-29.5],[21.84,-29.51],[21.83,-29.51],[21.83,-29.52],[21.82,-29.52],[21.82,-29.53],[21.81,-29.53],[21.81,-29.54],[21.8,-29.54],[21.8,-29.55],[21.79,-29.55],[21.79,-29.56],[21.78,-29.56],[21.79,-29.56],[21.79,-29.57],[21.8,-29.57],[21.8,-29.58],[21.8,-29.59],[21.81,-29.59],[21.81,-29.6],[21.82,-29.6],[21.82,-29.61],[21.82,-29.62],[21.83,-29.62],[21.82,-29.63],[21.81,-29.64],[21.8,-29.64],[21.8,-29.65],[21.79,-29.66],[21.78,-29.66],[21.78,-29.67],[21.77,-29.68],[21.77,-29.69],[21.76,-29.69],[21.76,-29.7],[21.76,-29.71],[21.75,-29.71],[21.75,-29.72],[21.75,-29.73],[21.74,-29.73],[21.74,-29.74],[21.74,-29.75],[21.73,-29.75],[21.73,-29.76],[21.73,-29.77],[21.72,-29.77],[21.72,-29.78],[21.73,-29.78],[21.74,-29.79],[21.75,-29.79],[21.75,-29.8],[21.76,-29.8],[21.76,-29.81],[21.77,-29.81],[21.78,-29.82],[21.79,-29.82],[21.79,-29.83],[21.8,-29.83],[21.8,-29.84],[21.81,-29.84],[21.82,-29.84],[21.82,-29.85],[21.83,-29.85],[21.84,-29.85],[21.85,-29.85],[21.85,-29.86],[21.86,-29.86],[21.87,-29.86],[21.88,-29.86],[21.88,-29.87],[21.89,-29.87],[21.9,-29.87],[21.91,-29.87],[21.92,-29.88],[21.93,-29.88],[21.94,-29.88],[21.95,-29.89],[21.96,-29.89],[21.97,-29.89],[21.98,-29.89],[21.99,-29.9],[22.0,-29.9],[22.01,-29.9],[22.01,-29.91],[22.01,-29.92],[22.0,-29.92],[22.0,-29.93],[22.0,-29.94],[22.0,-29.95],[21.99,-29.95],[22.0,-29.96],[22.0,-29.97],[22.0,-29.98],[22.01,-29.98],[22.01,-29.99],[22.01,-30.0],[22.01,-30.01],[22.0,-30.01],[21.99,-30.01],[21.98,-30.01],[21.98,-30.02],[21.97,-30.02],[21.96,-30.02],[21.95,-30.02],[21.94,-30.02],[21.93,-30.02],[21.93,-30.01],[21.92,-30.01],[21.92,-30.0],[21.92,-29.99],[21.91,-29.99],[21.9,-30.0],[21.89,-30.0],[21.88,-30.01],[21.87,-30.01],[21.86,-30.01],[21.86,-30.02],[21.85,-30.02],[21.84,-30.02],[21.84,-30.03],[21.83,-30.03],[21.82,-30.03],[21.82,-30.02],[21.81,-30.02],[21.8,-30.02],[21.79,-30.02],[21.78,-30.02],[21.78,-30.01],[21.77,-30.01],[21.76,-30.01],[21.75,-30.01],[21.74,-30.01],[21.73,-30.0],[21.72,-30.0],[21.71,-30.0],[21.7,-30.0],[21.69,-30.0],[21.68,-30.0],[21.67,-30.0],[21.66,-30.0],[21.65,-30.0],[21.65,-30.01],[21.64,-30.01],[21.63,-30.01],[21.62,-30.01],[21.61,-30.01],[21.6,-30.01],[21.59,-30.01],[21.59,-30.02],[21.58,-30.03],[21.58,-30.04],[21.57,-30.04],[21.56,-30.04],[21.55,-30.04],[21.54,-30.04],[21.53,-30.04],[21.53,-30.03],[21.52,-30.03],[21.51,-30.03],[21.5,-30.03],[21.49,-30.02],[21.48,-30.02],[21.47,-30.01],[21.46,-30.01],[21.46,-30.0],[21.45,-30.0],[21.44,-30.0],[21.44,-29.99],[21.43,-29.99],[21.42,-29.99],[21.41,-29.99],[21.41,-30.0],[21.4,-30.0],[21.39,-30.0],[21.39,-30.01],[21.38,-30.01],[21.37,-30.02],[21.35,-30.02],[21.34,-30.02],[21.33,-30.02],[21.32,-30.03],[21.31,-30.03],[21.3,-30.03],[21.29,-30.03],[21.28,-30.03],[21.27,-30.03],[21.26,-30.04],[21.25,-30.04],[21.24,-30.04],[21.31,-29.98],[21.3,-29.98],[21.29,-29.97],[21.28,-29.96],[21.27,-29.95],[21.26,-29.95],[21.26,-29.94],[21.25,-29.94],[21.25,-29.93],[21.24,-29.93],[21.24,-29.92],[21.23,-29.92],[21.22,-29.91],[21.21,-29.91],[21.2,-29.9],[21.19,-29.89],[21.18,-29.89],[21.17,-29.88],[21.15,-29.87],[21.16,-29.86],[21.17,-29.86],[21.17,-29.85],[21.18,-29.84],[21.19,-29.83],[21.2,-29.82],[21.21,-29.81],[21.22,-29.8],[21.22,-29.79],[21.23,-29.79],[21.23,-29.78],[21.24,-29.77],[21.25,-29.76],[21.26,-29.76],[21.26,-29.75],[21.27,-29.74],[21.27,-29.73],[21.27,-29.72],[21.27,-29.71],[21.27,-29.7],[21.28,-29.69],[21.27,-29.68],[21.25,-29.67],[21.24,-29.66],[21.23,-29.65],[21.22,-29.65],[21.21,-29.64],[21.2,-29.64],[21.19,-29.64],[21.19,-29.65],[21.18,-29.65],[21.17,-29.66],[21.16,-29.66],[21.16,-29.67],[21.15,-29.67],[21.13,-29.69],[21.12,-29.69],[21.11,-29.7],[21.1,-29.71],[21.09,-29.71],[21.08,-29.72],[21.07,-29.72],[21.07,-29.73],[21.06,-29.73],[21.04,-29.74],[21.04,-29.75],[21.02,-29.76],[21.01,-29.77],[20.99,-29.78],[20.98,-29.78],[20.97,-29.79],[20.96,-29.8],[20.91,-29.84],[20.9,-29.85],[20.86,-29.86],[20.83,-29.88],[20.83,-29.89],[20.82,-29.9],[20.82,-29.91],[20.82,-29.92],[20.81,-29.93],[20.8,-29.94],[20.81,-29.94],[20.81,-29.95],[20.82,-29.95],[20.81,-29.96],[20.8,-29.96],[20.79,-29.97],[20.78,-29.97],[20.77,-29.98],[20.76,-29.98],[20.75,-29.98],[20.75,-29.99],[20.74,-29.99],[20.73,-29.99],[20.72,-29.99],[20.71,-29.99],[20.71,-29.98],[20.7,-29.98],[20.7,-29.97],[20.69,-29.96],[20.68,-29.95],[20.68,-29.94],[20.68,-29.93],[20.67,-29.93],[20.67,-29.92],[20.66,-29.92],[20.66,-29.91],[20.65,-29.9],[20.65,-29.89],[20.64,-29.89],[20.64,-29.88],[20.63,-29.87],[20.63,-29.86],[20.63,-29.85],[20.63,-29.84],[20.63,-29.83],[20.63,-29.82],[20.63,-29.81],[20.63,-29.8],[20.63,-29.79],[20.63,-29.78],[20.63,-29.77],[20.64,-29.77],[20.64,-29.76],[20.64,-29.75],[20.64,-29.74],[20.64,-29.73],[20.64,-29.72],[20.65,-29.7],[20.66,-29.67],[20.66,-29.64],[20.65,-29.64],[20.65,-29.63],[20.64,-29.63],[20.63,-29.63],[20.63,-29.62],[20.62,-29.62],[20.62,-29.63],[20.61,-29.63],[20.6,-29.63],[20.59,-29.63],[20.59,-29.64],[20.58,-29.65],[20.57,-29.66],[20.56,-29.67],[20.56,-29.68],[20.55,-29.68],[20.55,-29.69],[20.54,-29.7],[20.53,-29.71],[20.52,-29.72],[20.51,-29.71],[20.51,-29.7],[20.5,-29.7],[20.5,-29.69],[20.49,-29.69],[20.49,-29.68],[20.48,-29.67],[20.47,-29.66],[20.47,-29.65],[20.46,-29.65],[20.46,-29.64],[20.45,-29.64],[20.45,-29.63],[20.44,-29.62],[20.41,-29.61],[20.4,-29.61],[20.39,-29.6],[20.36,-29.61],[20.35,-29.62],[20.32,-29.63],[20.27,-29.64],[20.26,-29.64],[20.24,-29.65],[20.21,-29.65],[20.2,-29.65],[20.18,-29.65],[20.17,-29.65],[20.16,-29.65],[20.16,-29.66],[20.16,-29.67],[20.16,-29.68],[20.16,-29.69],[20.16,-29.7],[20.17,-29.71],[20.17,-29.72],[20.17,-29.73],[20.17,-29.74],[20.17,-29.75],[20.17,-29.76],[20.18,-29.76],[20.17,-29.77],[20.16,-29.77],[20.16,-29.78],[20.15,-29.78],[20.15,-29.79],[20.14,-29.79],[20.14,-29.8],[20.13,-29.8],[20.12,-29.81],[20.11,-29.82],[20.11,-29.83],[20.1,-29.83],[20.09,-29.84],[20.08,-29.85],[20.06,-29.85],[20.05,-29.86],[20.03,-29.86],[20.0,-29.87],[19.99,-29.87],[19.98,-29.86],[19.95,-29.83],[19.93,-29.82],[19.92,-29.81],[19.91,-29.8],[19.9,-29.79],[19.89,-29.78],[19.88,-29.78],[19.86,-29.78],[19.85,-29.78],[19.84,-29.78],[19.83,-29.78],[19.82,-29.78],[19.81,-29.78],[19.8,-29.78],[19.79,-29.78],[19.78,-29.78],[19.77,-29.79],[19.76,-29.79],[19.75,-29.79],[19.74,-29.79],[19.73,-29.79],[19.72,-29.79],[19.71,-29.79],[19.7,-29.79],[19.69,-29.79],[19.68,-29.79],[19.67,-29.79],[19.66,-29.79],[19.65,-29.79],[19.64,-29.78],[19.63,-29.77],[19.62,-29.76],[19.61,-29.75],[19.6,-29.75],[19.59,-29.74],[19.58,-29.73],[19.57,-29.73],[19.61,-29.68],[19.61,-29.67],[19.61,-29.66],[19.6,-29.66],[19.6,-29.65],[19.6,-29.64],[19.59,-29.63],[19.59,-29.62],[19.59,-29.61],[19.6,-29.61],[19.61,-29.61],[19.62,-29.6],[19.63,-29.6],[19.64,-29.6],[19.65,-29.6],[19.66,-29.6],[19.67,-29.6],[19.68,-29.59],[19.69,-29.59],[19.7,-29.59],[19.71,-29.59],[19.73,-29.59],[19.74,-29.59],[19.75,-29.58],[19.76,-29.58],[19.76,-29.57],[19.77,-29.57],[19.77,-29.56],[19.77,-29.55],[19.77,-29.54],[19.76,-29.53],[19.76,-29.52],[19.76,-29.51],[19.76,-29.5],[19.76,-29.49],[19.75,-29.49],[19.75,-29.48],[19.75,-29.47],[19.75,-29.46],[19.75,-29.45],[19.74,-29.44],[19.74,-29.43],[19.7,-29.42],[19.71,-29.4],[19.69,-29.37],[19.66,-29.32],[19.6,-29.27],[19.59,-29.21],[19.58,-29.17],[19.58,-29.16],[19.58,-29.15],[19.58,-29.14],[19.58,-29.13],[19.58,-29.12],[19.58,-29.11],[19.58,-29.09],[19.59,-29.08],[19.6,-29.07],[19.61,-29.06],[19.62,-29.05],[19.63,-29.05],[19.64,-29.03],[19.65,-29.02],[19.66,-29.02],[19.67,-29.0],[19.68,-29.0],[19.68,-28.99],[19.69,-28.98],[19.7,-28.97],[19.71,-28.96],[19.72,-28.94],[19.73,-28.93],[19.74,-28.92],[19.75,-28.91],[19.76,-28.9],[19.77,-28.89],[19.78,-28.88],[19.77,-28.87],[19.75,-28.86],[19.73,-28.86],[19.72,-28.85],[19.7,-28.84],[19.69,-28.84],[19.68,-28.83],[19.67,-28.83],[19.66,-28.82],[19.66,-28.8],[19.65,-28.79],[19.65,-28.77],[19.64,-28.76],[19.63,-28.72],[19.62,-28.7],[19.62,-28.69],[19.61,-28.69],[19.61,-28.68],[19.6,-28.68],[19.6,-28.67],[19.59,-28.67],[19.59,-28.66],[19.58,-28.66],[19.58,-28.65],[19.57,-28.65],[19.56,-28.64],[19.55,-28.63],[19.54,-28.63],[19.54,-28.62],[19.53,-28.62],[19.53,-28.61],[19.52,-28.61],[19.52,-28.6],[19.51,-28.6]]]]},"properties":{"name":"ZF Mgcawu District"}},{"type":"Feature","geometry":{"type":"MultiPolygon","coordinates":[[[[30.44,-27.36],[30.45,-27.35],[30.45,-27.34],[30.45,-27.33],[30.46,-27.33],[30.47,-27.33],[30.47,-27.32],[30.48,-27.32],[30.49,-27.32],[30.49,-27.31],[30.5,-27.31],[30.51,-27.31],[30.52,-27.31],[30.52,-27.32],[30.53,-27.32],[30.54,-27.32],[30.55,-27.32],[30.55,-27.33],[30.56,-27.33],[30.57,-27.33],[30.57,-27.32],[30.58,-27.32],[30.59,-27.32],[30.6,-27.32],[30.6,-27.31],[30.61,-27.31],[30.62,-27.31],[30.64,-27.3],[30.66,-27.29],[30.67,-27.29],[30.69,-27.29],[30.69,-27.28],[30.7,-27.28],[30.71,-27.28],[30.71,-27.29],[30.72,-27.29],[30.72,-27.28],[30.72,-27.29],[30.73,-27.29],[30.73,-27.3],[30.74,-27.29],[30.74,-27.3],[30.74,-27.31],[30.74,-27.3],[30.75,-27.3],[30.76,-27.3],[30.76,-27.31],[30.76,-27.32],[30.77,-27.32],[30.77,-27.33],[30.77,-27.32],[30.78,-27.32],[30.79,-27.32],[30.78,-27.32],[30.78,-27.31],[30.79,-27.31],[30.79,-27.32],[30.8,-27.32],[30.8,-27.33],[30.8,-27.32],[30.81,-27.33],[30.8,-27.33],[30.81,-27.33],[30.81,-27.34],[30.82,-27.34],[30.83,-27.34],[30.83,-27.35],[30.82,-27.35],[30.83,-27.35],[30.84,-27.35],[30.85,-27.35],[30.85,-27.34],[30.86,-27.34],[30.86,-27.33],[30.87,-27.33],[30.86,-27.33],[30.86,-27.32],[30.86,-27.31],[30.87,-27.31],[30.88,-27.31],[30.89,-27.31],[30.9,-27.31],[30.91,-27.31],[30.92,-27.31],[30.92,-27.32],[30.92,-27.33],[30.93,-27.33],[30.93,-27.34],[30.94,-27.34],[30.94,-27.35],[30.94,-27.36],[30.94,-27.37],[30.95,-27.37],[30.95,-27.36],[30.96,-27.36],[30.96,-27.37],[30.97,-27.37],[30.97,-27.36],[30.98,-27.36],[30.99,-27.36],[31.0,-27.36],[31.0,-27.35],[31.01,-27.35],[31.01,-27.36],[31.02,-27.36],[31.02,-27.35],[31.03,-27.35],[31.04,-27.35],[31.05,-27.35],[31.05,-27.34],[31.06,-27.34],[31.07,-27.34],[31.08,-27.34],[31.09,-27.33],[31.1,-27.33],[31.1,-27.34],[31.11,-27.34],[31.11,-27.35],[31.12,-27.35],[31.13,-27.35],[31.13,-27.36],[31.14,-27.36],[31.16,-27.37],[31.17,-27.37],[31.17,-27.36],[31.18,-27.35],[31.18,-27.34],[31.19,-27.34],[31.19,-27.33],[31.2,-27.33],[31.2,-27.32],[31.22,-27.3],[31.23,-27.29],[31.24,-27.28],[31.25,-27.27],[31.26,-27.26],[31.26,-27.25],[31.27,-27.25],[31.27,-27.24],[31.28,-27.24],[31.28,-27.25],[31.29,-27.25],[31.3,-27.25],[31.31,-27.25],[31.31,-27.26],[31.32,-27.26],[31.33,-27.26],[31.34,-27.26],[31.34,-27.27],[31.35,-27.27],[31.36,-27.27],[31.37,-27.27],[31.38,-27.28],[31.39,-27.28],[31.4,-27.28],[31.41,-27.29],[31.42,-27.29],[31.43,-27.29],[31.44,-27.3],[31.45,-27.3],[31.46,-27.3],[31.46,-27.31],[31.47,-27.31],[31.48,-27.31],[31.49,-27.31],[31.49,-27.32],[31.5,-27.32],[31.51,-27.32],[31.52,-27.32],[31.53,-27.32],[31.54,-27.32],[31.55,-27.32],[31.56,-27.32],[31.57,-27.32],[31.58,-27.32],[31.59,-27.32],[31.6,-27.32],[31.61,-27.32],[31.63,-27.32],[31.64,-27.32],[31.66,-27.32],[31.67,-27.32],[31.69,-27.32],[31.7,-27.32],[31.71,-27.32],[31.72,-27.32],[31.73,-27.32],[31.74,-27.32],[31.75,-27.32],[31.76,-27.32],[31.79,-27.32],[31.81,-27.32],[31.84,-27.32],[31.88,-27.32],[31.89,-27.32],[31.9,-27.32],[31.91,-27.32],[31.92,-27.32],[31.93,-27.32],[31.95,-27.32],[31.98,-27.32],[31.99,-27.32],[31.99,-27.33],[31.99,-27.34],[31.99,-27.35],[31.99,-27.36],[31.99,-27.37],[31.99,-27.38],[31.99,-27.39],[32.0,-27.38],[32.0,-27.39],[32.0,-27.4],[32.01,-27.41],[32.01,-27.42],[32.01,-27.43],[32.01,-27.45],[32.01,-27.46],[32.02,-27.46],[32.01,-27.47],[32.01,-27.48],[32.02,-27.49],[32.02,-27.5],[32.02,-27.51],[32.03,-27.52],[32.03,-27.53],[32.03,-27.54],[32.04,-27.54],[32.04,-27.55],[32.04,-27.56],[32.05,-27.57],[32.05,-27.58],[32.05,-27.59],[32.04,-27.59],[32.03,-27.59],[32.02,-27.59],[32.01,-27.59],[32.0,-27.59],[32.0,-27.58],[31.99,-27.58],[31.99,-27.59],[31.98,-27.59],[31.98,-27.6],[31.97,-27.6],[31.97,-27.59],[31.96,-27.59],[31.96,-27.6],[31.96,-27.61],[31.96,-27.62],[31.95,-27.62],[31.95,-27.64],[31.96,-27.65],[31.96,-27.66],[31.96,-27.67],[31.96,-27.69],[31.97,-27.71],[31.97,-27.72],[31.97,-27.73],[31.97,-27.75],[31.98,-27.77],[31.98,-27.78],[31.98,-27.79],[31.98,-27.82],[31.99,-27.85],[32.0,-27.89],[32.01,-27.9],[32.03,-27.93],[32.02,-27.93],[32.03,-27.93],[32.02,-27.93],[32.01,-27.93],[32.0,-27.93],[31.99,-27.93],[31.98,-27.93],[31.99,-27.93],[31.98,-27.93],[31.98,-27.94],[31.98,-27.93],[31.97,-27.93],[31.96,-27.93],[31.96,-27.94],[31.95,-27.94],[31.96,-27.94],[31.96,-27.95],[31.95,-27.95],[31.95,-27.96],[31.95,-27.97],[31.94,-27.97],[31.94,-27.98],[31.94,-27.99],[31.94,-28.0],[31.95,-28.0],[31.95,-28.01],[31.94,-28.01],[31.95,-28.01],[31.95,-28.02],[31.95,-28.03],[31.94,-28.03],[31.95,-28.03],[31.94,-28.03],[31.94,-28.04],[31.94,-28.05],[31.93,-28.05],[31.93,-28.04],[31.93,-28.03],[31.93,-28.04],[31.92,-28.04],[31.92,-28.03],[31.91,-28.03],[31.9,-28.03],[31.9,-28.04],[31.89,-28.04],[31.89,-28.03],[31.88,-28.03],[31.88,-28.04],[31.87,-28.04],[31.87,-28.03],[31.85,-28.03],[31.84,-28.03],[31.83,-28.03],[31.82,-28.03],[31.82,-28.04],[31.82,-28.05],[31.82,-28.06],[31.83,-28.06],[31.83,-28.07],[31.82,-28.07],[31.82,-28.08],[31.82,-28.09],[31.82,-28.1],[31.81,-28.1],[31.81,-28.11],[31.81,-28.12],[31.8,-28.12],[31.8,-28.13],[31.8,-28.14],[31.79,-28.14],[31.79,-28.15],[31.8,-28.15],[31.8,-28.16],[31.79,-28.16],[31.79,-28.17],[31.8,-28.17],[31.8,-28.18],[31.79,-28.18],[31.8,-28.18],[31.8,-28.19],[31.81,-28.19],[31.8,-28.19],[31.8,-28.2],[31.81,-28.2],[31.82,-28.2],[31.82,-28.21],[31.82,-28.22],[31.81,-28.22],[31.8,-28.22],[31.79,-28.22],[31.78,-28.22],[31.78,-28.21],[31.77,-28.21],[31.77,-28.22],[31.76,-28.22],[31.75,-28.22],[31.75,-28.23],[31.74,-28.23],[31.74,-28.22],[31.73,-28.22],[31.72,-28.22],[31.7,-28.23],[31.7,-28.24],[31.7,-28.26],[31.7,-28.27],[31.71,-28.28],[31.72,-28.3],[31.72,-28.31],[31.71,-28.32],[31.71,-28.34],[31.7,-28.35],[31.7,-28.36],[31.7,-28.37],[31.69,-28.38],[31.68,-28.38],[31.69,-28.38],[31.69,-28.39],[31.69,-28.4],[31.69,-28.39],[31.68,-28.39],[31.68,-28.4],[31.67,-28.4],[31.66,-28.4],[31.66,-28.39],[31.65,-28.39],[31.64,-28.39],[31.64,-28.4],[31.64,-28.41],[31.63,-28.41],[31.62,-28.41],[31.62,-28.4],[31.61,-28.4],[31.61,-28.39],[31.61,-28.38],[31.61,-28.37],[31.6,-28.37],[31.6,-28.38],[31.6,-28.39],[31.59,-28.39],[31.59,-28.38],[31.58,-28.38],[31.58,-28.37],[31.57,-28.37],[31.57,-28.38],[31.56,-28.38],[31.56,-28.39],[31.55,-28.39],[31.55,-28.38],[31.54,-28.38],[31.54,-28.39],[31.53,-28.39],[31.54,-28.39],[31.54,-28.4],[31.55,-28.4],[31.55,-28.41],[31.54,-28.41],[31.54,-28.42],[31.54,-28.43],[31.53,-28.43],[31.53,-28.44],[31.52,-28.44],[31.52,-28.43],[31.52,-28.42],[31.51,-28.42],[31.51,-28.43],[31.5,-28.43],[31.49,-28.43],[31.49,-28.44],[31.5,-28.44],[31.5,-28.45],[31.5,-28.46],[31.5,-28.47],[31.48,-28.47],[31.45,-28.48],[31.43,-28.47],[31.41,-28.46],[31.41,-28.45],[31.39,-28.43],[31.36,-28.4],[31.36,-28.39],[31.35,-28.39],[31.35,-28.4],[31.34,-28.4],[31.34,-28.41],[31.33,-28.41],[31.33,-28.42],[31.33,-28.43],[31.33,-28.44],[31.33,-28.45],[31.31,-28.47],[31.3,-28.46],[31.29,-28.47],[31.28,-28.48],[31.27,-28.48],[31.26,-28.47],[31.25,-28.46],[31.24,-28.47],[31.23,-28.47],[31.23,-28.48],[31.22,-28.48],[31.21,-28.49],[31.2,-28.49],[31.19,-28.5],[31.2,-28.51],[31.21,-28.51],[31.21,-28.52],[31.2,-28.52],[31.2,-28.51],[31.19,-28.51],[31.19,-28.52],[31.19,-28.53],[31.18,-28.54],[31.17,-28.54],[31.17,-28.55],[31.16,-28.55],[31.16,-28.54],[31.15,-28.54],[31.14,-28.54],[31.13,-28.54],[31.12,-28.54],[31.12,-28.53],[31.11,-28.53],[31.1,-28.53],[31.1,-28.52],[31.11,-28.52],[31.12,-28.52],[31.12,-28.51],[31.11,-28.51],[31.1,-28.5],[31.09,-28.5],[31.08,-28.5],[31.08,-28.51],[31.08,-28.5],[31.08,-28.51],[31.07,-28.51],[31.07,-28.5],[31.08,-28.5],[31.07,-28.5],[31.08,-28.5],[31.08,-28.49],[31.07,-28.49],[31.06,-28.49],[31.06,-28.48],[31.07,-28.48],[31.06,-28.48],[31.07,-28.48],[31.06,-28.48],[31.06,-28.47],[31.06,-28.46],[31.05,-28.46],[31.04,-28.46],[31.04,-28.45],[31.03,-28.45],[31.02,-28.45],[31.02,-28.44],[31.03,-28.44],[31.02,-28.44],[31.02,-28.43],[31.02,-28.42],[31.01,-28.42],[31.0,-28.42],[30.99,-28.42],[30.99,-28.41],[30.99,-28.4],[31.0,-28.39],[30.99,-28.39],[30.99,-28.4],[30.98,-28.4],[30.97,-28.4],[30.97,-28.41],[30.96,-28.4],[30.96,-28.39],[30.96,-28.38],[30.96,-28.37],[30.96,-28.36],[30.96,-28.34],[30.94,-28.35],[30.92,-28.36],[30.93,-28.34],[30.93,-28.33],[30.94,-28.32],[30.94,-28.31],[30.95,-28.31],[30.96,-28.3],[30.96,-28.29],[30.97,-28.29],[31.0,-28.26],[31.02,-28.24],[31.03,-28.23],[31.04,-28.21],[31.05,-28.2],[31.02,-28.19],[31.02,-28.18],[31.01,-28.19],[30.99,-28.15],[30.97,-28.17],[30.97,-28.16],[30.95,-28.14],[30.94,-28.14],[30.94,-28.15],[30.94,-28.16],[30.94,-28.17],[30.93,-28.17],[30.92,-28.17],[30.91,-28.17],[30.9,-28.17],[30.9,-28.16],[30.9,-28.15],[30.89,-28.15],[30.88,-28.15],[30.88,-28.14],[30.88,-28.13],[30.87,-28.13],[30.87,-28.12],[30.86,-28.12],[30.85,-28.12],[30.85,-28.13],[30.84,-28.13],[30.83,-28.13],[30.83,-28.12],[30.82,-28.12],[30.82,-28.13],[30.81,-28.13],[30.8,-28.13],[30.8,-28.14],[30.79,-28.14],[30.78,-28.14],[30.77,-28.14],[30.76,-28.14],[30.76,-28.13],[30.75,-28.13],[30.75,-28.14],[30.75,-28.13],[30.74,-28.13],[30.74,-28.12],[30.73,-28.12],[30.73,-28.13],[30.72,-28.13],[30.71,-28.13],[30.7,-28.13],[30.69,-28.13],[30.68,-28.13],[30.68,-28.14],[30.67,-28.14],[30.66,-28.14],[30.65,-28.14],[30.64,-28.14],[30.64,-28.15],[30.63,-28.15],[30.63,-28.14],[30.64,-28.14],[30.66,-28.1],[30.67,-28.1],[30.66,-28.1],[30.66,-28.09],[30.65,-28.09],[30.65,-28.08],[30.64,-28.08],[30.64,-28.07],[30.63,-28.07],[30.63,-28.06],[30.63,-28.05],[30.62,-28.04],[30.61,-28.04],[30.62,-28.03],[30.63,-28.02],[30.64,-28.01],[30.65,-28.0],[30.66,-27.99],[30.67,-27.98],[30.68,-27.98],[30.68,-27.99],[30.68,-27.98],[30.69,-27.98],[30.68,-27.98],[30.69,-27.98],[30.68,-27.98],[30.68,-27.97],[30.68,-27.96],[30.67,-27.97],[30.67,-27.96],[30.67,-27.95],[30.66,-27.95],[30.66,-27.94],[30.65,-27.94],[30.64,-27.94],[30.64,-27.93],[30.63,-27.93],[30.62,-27.93],[30.62,-27.94],[30.62,-27.93],[30.62,-27.94],[30.62,-27.93],[30.61,-27.93],[30.6,-27.93],[30.59,-27.93],[30.58,-27.93],[30.58,-27.92],[30.58,-27.91],[30.58,-27.9],[30.59,-27.9],[30.58,-27.9],[30.58,-27.89],[30.59,-27.89],[30.59,-27.88],[30.59,-27.87],[30.59,-27.88],[30.59,-27.87],[30.58,-27.87],[30.58,-27.86],[30.59,-27.86],[30.59,-27.87],[30.59,-27.86],[30.59,-27.85],[30.59,-27.84],[30.6,-27.84],[30.6,-27.83],[30.61,-27.83],[30.61,-27.82],[30.62,-27.82],[30.62,-27.81],[30.63,-27.81],[30.63,-27.8],[30.63,-27.79],[30.63,-27.78],[30.63,-27.77],[30.62,-27.77],[30.62,-27.76],[30.62,-27.75],[30.62,-27.74],[30.63,-27.74],[30.63,-27.75],[30.64,-27.75],[30.65,-27.75],[30.65,-27.74],[30.65,-27.75],[30.66,-27.75],[30.67,-27.75],[30.68,-27.75],[30.69,-27.75],[30.7,-27.75],[30.7,-27.74],[30.69,-27.74],[30.69,-27.73],[30.7,-27.73],[30.69,-27.73],[30.7,-27.73],[30.69,-27.73],[30.69,-27.72],[30.69,-27.71],[30.68,-27.71],[30.68,-27.7],[30.67,-27.7],[30.66,-27.7],[30.66,-27.68],[30.66,-27.67],[30.67,-27.65],[30.67,-27.64],[30.66,-27.64],[30.65,-27.64],[30.63,-27.64],[30.62,-27.64],[30.62,-27.63],[30.63,-27.62],[30.63,-27.61],[30.64,-27.6],[30.63,-27.58],[30.62,-27.56],[30.61,-27.55],[30.6,-27.54],[30.59,-27.53],[30.59,-27.52],[30.59,-27.5],[30.58,-27.5],[30.57,-27.49],[30.55,-27.48],[30.54,-27.48],[30.53,-27.47],[30.52,-27.47],[30.51,-27.46],[30.51,-27.44],[30.52,-27.43],[30.51,-27.43],[30.51,-27.42],[30.49,-27.41],[30.48,-27.42],[30.48,-27.41],[30.49,-27.4],[30.5,-27.39],[30.49,-27.38],[30.48,-27.37],[30.49,-27.36],[30.48,-27.34],[30.47,-27.34],[30.47,-27.35],[30.46,-27.35],[30.47,-27.35],[30.46,-27.35],[30.45,-27.35],[30.45,-27.36],[30.44,-27.36]]]]},"properties":{"name":"Zululand District"}}]}