sku_or_id,title,brand,category,price,availability,availability_bucket,n_images,desc_len,source_url,image_url
102116026,"50mm Desktop Paperweight Magnifying Glass, Domed Reading Magnifier",,Stationery & Office,245,Ships in 14 - 16 work days,Lead time (imported),9,693,https://www.takealot.com/50mm-desktop-paperweight-magnifying-glass-domed-reading-magnifie/PLID102116026,https://media.takealot.com/covers_images/c98ba0d4e21545f28206520882944187/s-pdpxl.file
101098584,"Pocket Digital Camera, 48MP, 16X Zoom, 1080P HD, 2.4"" IPS, Mini",,Electronics,486,Ships in 14 - 16 work days,Lead time (imported),5,2496,https://www.takealot.com/pocket-digital-camera-48mp-16x-zoom-1080p-hd-2-4-ips-mini/PLID101098584,https://media.takealot.com/covers_images/1ffb7b7f39804ca1ba7521a328e06f98/s-pdpxl.file
95334072,3-Piece Travel 28-Inch Luggage Suitcase Bag Set - Stylish,,Fashion,1499,,No live offer,72,1161,https://www.takealot.com/3-piece-travel-28-inch-luggage-suitcase-bag-set-stylish/PLID95334072,https://media.takealot.com/covers_images/1ee786859f0e4faeb1e7165d34460b1b/s-pdpxl.file
73659539,Tempered Glass 2 Burner Gas Stove With Regulator And 2M Pipe,,General Merchandise,799,Ships in 3 - 5 work days,Lead time (imported),2,568,https://www.takealot.com/tempered-glass-2-burner-gas-stove-with-regulator-and-2m-pipe/PLID73659539,https://media.takealot.com/covers_images/4201d5819342498ba5c25cceb7eb4c11/s-pdpxl.file
51857754,Electro Bizz Outdoor Insect Killer - Single Tube,Electro-Bizz,General Merchandise,2477,Ships in 5 - 7 work days,Lead time (imported),1,264,https://www.takealot.com/electro-bizz-outdoor-insect-killer-single-tube/PLID51857754,https://media.takealot.com/covers_tsins/54787668/54787668-1-pdpxl.jpg
90816875,Bathroom Rack,,General Merchandise,225,Ships in 5 - 7 work days,Lead time (imported),3,388,https://www.takealot.com/bathroom-rack/PLID90816875,https://media.takealot.com/covers_images/c1361524fe0b4b8cadfd6a443946b788/s-pdpxl.file
96304152,12 Pairs 925 Sterling Silver Hypoallergenic Studs,,General Merchandise,266,In stock,In stock (fast),5,1192,https://www.takealot.com/12-pairs-925-sterling-silver-hypoallergenic-studs/PLID96304152,https://media.takealot.com/covers_images/66c2b21c0bbd419dbe16058d545d5c19/s-pdpxl.file
99591583,USB Rechargeable Table Fan Cooling Device Portable Double Head Cooling Fan,,Electronics,248,,No live offer,10,679,https://www.takealot.com/usb-rechargeable-table-fan-cooling-device-portable-double-head-c/PLID99591583,https://media.takealot.com/covers_images/e7aa2393251d4ffe93f8b07db0c742de/s-pdpxl.file
100472302,MS148 Reciprocating Electric Polishing Sander Mini Handheld Sanding Tools f,,Tools & DIY,317,Ships in 14 - 16 work days,Lead time (imported),5,1776,https://www.takealot.com/ms148-reciprocating-electric-polishing-sander-mini-handheld-sand/PLID100472302,https://media.takealot.com/covers_images/5691a21eb1294be3af9307110e778b3c/s-pdpxl.file
56256614,Adjustable Noise Reduction Safety Ear Muffs - Black & Black,,Home & Kitchen,167,In stock,In stock (fast),5,1768,https://www.takealot.com/adjustable-noise-reduction-safety-ear-muffs-black-black/PLID56256614,https://media.takealot.com/covers_tsins/59370422/59370422-1-pdpxl.jpeg
90876506,3 Piece Hard Outer Shell Premium Lightweight Luggage Set,,Home & Kitchen,1499,,No live offer,17,1086,https://www.takealot.com/3-piece-hard-outer-shell-premium-lightweight-luggage-set/PLID90876506,https://media.takealot.com/covers_images/0859e84347bc419684f3af5766562e2c/s-pdpxl.file
101383957,Decorative Heat-Resistant Cotton Oven Skirt & Cabinet Curtain,,Home & Kitchen,310,Ships in 14 - 16 work days,Lead time (imported),5,692,https://www.takealot.com/decorative-heat-resistant-cotton-oven-skirt-cabinet-curtain/PLID101383957,https://media.takealot.com/covers_images/92e9aecfcb264fbb8fea03ed925c1f23/s-pdpxl.file
54590283,3 Piece Sleek Luggage Set,,General Merchandise,1499,,No live offer,28,1079,https://www.takealot.com/3-piece-sleek-luggage-set/PLID54590283,https://media.takealot.com/covers_tsins/57639349/57639349-1-pdpxl.jpeg
102116021,Car-Mounted Temporary Parking Sign with Phone Number,,Electronics,257,Ships in 14 - 16 work days,Lead time (imported),1,426,https://www.takealot.com/car-mounted-temporary-parking-sign-with-phone-number/PLID102116021,https://media.takealot.com/covers_images/734a52e2e2e74f93a6d7d014d5626034/s-pdpxl.file
102119906,32 Key Melodica Wind Instrument for Beginner Practice Pink,,Stationery & Office,525,Ships in 14 - 16 work days,Lead time (imported),5,447,https://www.takealot.com/32-key-melodica-wind-instrument-for-beginner-practice-pink/PLID102119906,https://media.takealot.com/covers_images/1a1b3c9f728b4356b605701b37bb8198/s-pdpxl.file
90124124,VGA Cable - 1.5m Bundle - 20 Pack,,Electronics,499,Ships in 5 - 7 work days,Lead time (imported),1,227,https://www.takealot.com/vga-cable-1-5m-bundle-20-pack/PLID90124124,https://media.takealot.com/covers_images/bc37ce4fecf24386b8f8aa3c886c589c/s-pdpxl.file
101302003,"Twist Drill Set 10 Pcs HSS, Hand Drill Chuck for Wood Drilling Tool",,Tools & DIY,313,Ships in 14 - 16 work days,Lead time (imported),5,593,https://www.takealot.com/twist-drill-set-10-pcs-hss-hand-drill-chuck-for-wood-drilling-to/PLID101302003,https://media.takealot.com/covers_images/3c9c1a3d1ee14c0d97f99da7758aabef/s-pdpxl.file
91700110,Impulse Plastic Heat Sealer 300mm,,General Merchandise,549,Ships in 3 - 5 work days,Lead time (imported),5,454,https://www.takealot.com/impulse-plastic-heat-sealer-300mm/PLID91700110,https://media.takealot.com/covers_tsins/48061421/48061421-1A-pdpxl.jpg
101944635,2 Pack UPF Sun Protection Baseball Hats,,Sport & Outdoor,342,Ships in 14 - 16 work days,Lead time (imported),8,740,https://www.takealot.com/2-pack-upf-sun-protection-baseball-hats/PLID101944635,https://media.takealot.com/covers_images/4ba0049bd1d141679b075e438206e746/s-pdpxl.file
101532706,"Sun & Rain Umbrella - Triple Fold, Auto Open, Compact",,Automotive,439,Ships in 14 - 16 work days,Lead time (imported),5,862,https://www.takealot.com/sun-rain-umbrella-triple-fold-auto-open-compact/PLID101532706,https://media.takealot.com/covers_images/865b1b0c81bc4dd7b574db0d5d8b09ee/s-pdpxl.file
97486198,Square Bathroom Basin Waterfall Faucet Taps Mixer With Two 60cm Hose,,Home & Kitchen,299,In stock,In stock (fast),6,910,https://www.takealot.com/square-bathroom-basin-waterfall-faucet-taps-mixer-with-two-60cm-/PLID97486198,https://media.takealot.com/covers_images/ae93c9e6e33b4e19aa5a9f6a6c16bede/s-pdpxl.file
94003606,Faux Leather Bar Stool / Kitchen Counter Chairs Set of 2 CR177,,Home & Kitchen,1394,,No live offer,18,585,https://www.takealot.com/faux-leather-bar-stool-kitchen-counter-chairs-set-of-2-cr177/PLID94003606,https://media.takealot.com/covers_images/db1f0f4944d64a599cf7ac3ca140e38a/s-pdpxl.file
73884425,Luminous Florescent Shoe Laces - Glow In The Dark,,Fashion,79,,No live offer,9,360,https://www.takealot.com/luminous-florescent-shoe-laces-glow-in-the-dark/PLID73884425,https://media.takealot.com/covers_images/c4b87e909c3b4b378667098bf367ff07/s-pdpxl.file
95922602,Ubiquiti UISP 60GHz/5GHz PtMP Wave Access Point |,Ubiquiti,General Merchandise,12200,Ships in 3 - 5 work days,Lead time (imported),5,626,https://www.takealot.com/ubiquiti-uisp-60ghz-5ghz-ptmp-wave-access-point/PLID95922602,https://media.takealot.com/covers_images/3979ca88d22541d9ac23c62c959aa90e/s-pdpxl.file
99692137,Double-Zipper Diagonal Classic Crossbody Bag,,Fashion,502,,No live offer,15,871,https://www.takealot.com/double-zipper-diagonal-classic-crossbody-bag/PLID99692137,https://media.takealot.com/covers_images/ff7a2aa06a40472181bdad66bac60b03/s-pdpxl.file
98283909,HUAWEI WATCH Fit 4 GPS - Enriched Sports Modes | Up to 10-Day Battery Life,Huawei,Sport & Outdoor,1999,,No live offer,20,4854,https://www.takealot.com/huawei-watch-fit-4-gps-enriched-sports-modes-up-to-10-day-batter/PLID98283909,https://media.takealot.com/covers_images/6cf41558e384402eb868c20861956c24/s-pdpxl.file
94552320,Tranquil Oasis: Outdoor Metal Swing Bench with Cushions,,Home & Kitchen,5799,Ships in 5 - 7 work days,Lead time (imported),6,887,https://www.takealot.com/tranquil-oasis-outdoor-metal-swing-bench-with-cushions/PLID94552320,https://media.takealot.com/covers_images/ba3ed43d68ef47dbbeaa5c25b7bf1472/s-pdpxl.file
91010761,Cricut 2007904 Infusible Ink Men's White T-Shirt (XL),Cricut,Fashion,169,Ships in 5 - 7 work days,Lead time (imported),1,370,https://www.takealot.com/cricut-2007904-infusible-ink-men-s-white-t-shirt-xl/PLID91010761,https://media.takealot.com/covers_images/e365695883c444858b3dc63c0eca64a6/s-pdpxl.file
90221583,Jooste Cylinder Ringset As70,Jooste,General Merchandise,305,Ships in 4 - 6 work days,Lead time (imported),1,154,https://www.takealot.com/jooste-cylinder-ringset-as70/PLID90221583,https://media.takealot.com/covers_images/f9926798c11749af938f3293e9a3d893/s-pdpxl.file
91188809,Premium TPU key cover - black and gold compatible with VW Golf/Polo/Jetta,,General Merchandise,299,In stock,In stock (fast),2,331,https://www.takealot.com/premium-tpu-key-cover-black-and-gold-compatible-with-vw-golf-pol/PLID91188809,https://media.takealot.com/covers_images/27d2e2d3b8d7499f98384791b436e98b/s-pdpxl.file
90422981,"8 Pieces Of 25.5"" Modern Style Eiffel Chair Counter Bar Stools Set",,Home & Kitchen,4294,,No live offer,17,1075,https://www.takealot.com/8-pieces-of-25-5-modern-style-eiffel-chair-counter-bar-stools-se/PLID90422981,https://media.takealot.com/covers_images/abb1bebf2f5045128d4f8b45ca6c5c84/s-pdpxl.file
101195292,Silicone TPU Soft Phone Case Compatible with Samsung Galaxy S25,,Electronics,239,,No live offer,9,433,https://www.takealot.com/silicone-tpu-soft-phone-case-compatible-with-samsung-galaxy-s25/PLID101195292,https://media.takealot.com/covers_images/60f8a8531fc0439baba10bb42b2a8489/s-pdpxl.file
99600162,Round Roll Top Chafing Dish with Window,,General Merchandise,3285,Ships in 4 - 6 work days,Lead time (imported),5,330,https://www.takealot.com/round-roll-top-chafing-dish-with-window/PLID99600162,https://media.takealot.com/covers_images/4c8af78fb3b7434e954f03a636bd4085/s-pdpxl.file
91294599,K-Brand - Johnson Coupling Galv 20mm,K-BRAND,General Merchandise,192,Ships in 4 - 6 work days,Lead time (imported),1,95,https://www.takealot.com/k-brand-johnson-coupling-galv-20mm/PLID91294599,https://media.takealot.com/covers_images/020273d6b7fe4aed99d154ce17945bdd/s-pdpxl.file
69531046,3 Piece Hard Outer Shell Luggage Set,,General Merchandise,1239,,No live offer,24,1081,https://www.takealot.com/3-piece-hard-outer-shell-luggage-set/PLID69531046,https://media.takealot.com/covers_images/10d29cfb3c174dda96b6d6a2eb3961df/s-pdpxl.file
100930783,Gradient Short Curly Wig,,General Merchandise,398,Ships in 14 - 16 work days,Lead time (imported),3,313,https://www.takealot.com/gradient-short-curly-wig/PLID100930783,https://media.takealot.com/covers_images/47eec5ede3c747bc84b981676f2e14b0/s-pdpxl.file
101816501,Toilet Water Valve 31705 Compatible with Thetford Aqua Magic V,,General Merchandise,398,Ships in 14 - 16 work days,Lead time (imported),5,856,https://www.takealot.com/toilet-water-valve-31705-compatible-with-thetford-aqua-magic-v/PLID101816501,https://media.takealot.com/covers_images/2c9bd876e61b4f7fab3a0cba1596f8f5/s-pdpxl.file
101823364,Stranger Things Carnivorous Plant Onesie Pajamas - Parent- Family Set,,General Merchandise,926,,No live offer,5,1401,https://www.takealot.com/stranger-things-carnivorous-plant-onesie-pajamas-parent-family-s/PLID101823364,https://media.takealot.com/covers_images/889c7cedb706452c89d45cd631da0885/s-pdpxl.file
101352302,16Pcs Carbide Drill Bits Set for Woodworking,,Tools & DIY,699,Ships in 14 - 16 work days,Lead time (imported),5,708,https://www.takealot.com/16pcs-carbide-drill-bits-set-for-woodworking/PLID101352302,https://media.takealot.com/covers_images/2082585d46534fef8d1d8c9eb2fcfa10/s-pdpxl.file
98315087,Lattafa Khamrah Dukhan 100ml EDP,Lattafa,General Merchandise,599,Ships in 4 - 6 work days,Lead time (imported),4,814,https://www.takealot.com/lattafa-khamrah-dukhan-100ml-edp/PLID98315087,https://media.takealot.com/covers_images/8a55219c6aa14b82b1100c400ca63a98/s-pdpxl.file
101816332,RV Refrigerator Door Handle Compatible with 3316882900 S,,General Merchandise,441,Ships in 14 - 16 work days,Lead time (imported),5,989,https://www.takealot.com/rv-refrigerator-door-handle-compatible-with-3316882900-s/PLID101816332,https://media.takealot.com/covers_images/d5d2feb4f36144df8680c768ba1b9348/s-pdpxl.file
92480041,Round Glass Table with 2 Modern Velvet and Gold Metal Dining Chairs,,Home & Kitchen,2595,Ships in 5 - 7 work days,Lead time (imported),4,1592,https://www.takealot.com/round-glass-table-with-2-modern-velvet-and-gold-metal-dining-cha/PLID92480041,https://media.takealot.com/covers_images/7656b4cbd9824f3cb20485e0e683ac1a/s-pdpxl.file
99387827,Dell Pro CP 5426 G 14-inch Plus EcoLoop Backpack Grey,Dell,Sport & Outdoor,886,Ships in 4 - 6 work days,Lead time (imported),5,565,https://www.takealot.com/dell-pro-cp-5426-g-14-inch-plus-ecoloop-backpack-grey/PLID99387827,https://media.takealot.com/covers_images/c0ea1578cfa14077aa653d26bc32c101/s-pdpxl.file
92578115,My First Toddler Balance Bike,,Sport & Outdoor,351,,No live offer,11,1622,https://www.takealot.com/my-first-toddler-balance-bike/PLID92578115,https://media.takealot.com/covers_images/ee737bb267544da48a37be09a49ddc5c/s-pdpxl.file
100983621,Soft Silicone Phone Case Compatible With Redmi Note 14 Pro Plus,,Electronics,301,,No live offer,25,1068,https://www.takealot.com/soft-silicone-phone-case-compatible-with-redmi-note-14-pro-plus/PLID100983621,https://media.takealot.com/covers_images/14ce4585997b49f0919af443fe8cfb7b/s-pdpxl.file
92677299,HP ScanJet Pro 2600 f1 Flatbed Scanner,HP,General Merchandise,6740,Ships in 4 - 6 work days,Lead time (imported),1,5543,https://www.takealot.com/hp-scanjet-pro-2600-f1-flatbed-scanner/PLID92677299,https://media.takealot.com/covers_images/29cec4cd44d94cca9be5b68f22b90a61/s-pdpxl.file
101508160,Professional Oxford Cloth Conductor Baton Case with Handle,,General Merchandise,367,Ships in 14 - 16 work days,Lead time (imported),6,1294,https://www.takealot.com/professional-oxford-cloth-conductor-baton-case-with-handle/PLID101508160,https://media.takealot.com/covers_images/f364ab9422734cd4a58fdbfe4df1f37c/s-pdpxl.file
100938760,Multifunctional Tension Rope Yoga Pedal Puller Resistance Band Pink,,Sport & Outdoor,319,Ships in 14 - 16 work days,Lead time (imported),6,1190,https://www.takealot.com/multifunctional-tension-rope-yoga-pedal-puller-resistance-band-p/PLID100938760,https://media.takealot.com/covers_images/a62ab79e79e64da2840e4e77a5fb5d8f/s-pdpxl.file
73181585,Keyboard Cleaning Adhesive Universal Dust Gel 160g tub - Blue,,Electronics,69,In stock,In stock (fast),2,1058,https://www.takealot.com/keyboard-cleaning-adhesive-universal-dust-gel-160g-tub-blue/PLID73181585,https://media.takealot.com/covers_images/f80e7fe7db964782a06c6982a467d2dc/s-pdpxl.file
94493863,Modern Mesh Visitor Office Chair D2332,,Home & Kitchen,3395,Ships in 5 - 7 work days,Lead time (imported),4,1793,https://www.takealot.com/modern-mesh-visitor-office-chair-d2332/PLID94493863,https://media.takealot.com/covers_images/02c5ffa7c6dd4a269207be62f1673aa6/s-pdpxl.file
101188720,Sparkling Braided CZ Ring - 925 Sterling Silver-Plated Platinum for Women,,Home & Kitchen,297,,No live offer,6,708,https://www.takealot.com/sparkling-braided-cz-ring-925-sterling-silver-plated-platinum-fo/PLID101188720,https://media.takealot.com/covers_images/6104afabe31340e1981cec3be66c8e1f/s-pdpxl.file
73672276,Chef Cooking Set For Kids Kitchen Set of 20,,Home & Kitchen,895,Ships in 4 - 6 work days,Lead time (imported),5,1045,https://www.takealot.com/chef-cooking-set-for-kids-kitchen-set-of-20/PLID73672276,https://media.takealot.com/covers_images/da52e9175ba549f79222855e5218c73c/s-pdpxl.file
97994185,"4Pc Furniture Legs,Oblique Cone Cabinet Leg For Table Sofa Desk,Replacement",,Home & Kitchen,201,,No live offer,7,777,https://www.takealot.com/4pc-furniture-legs-oblique-cone-cabinet-leg-for-table-sofa-desk-/PLID97994185,https://media.takealot.com/covers_images/fa8f2a2c2a334bd5b8e1991e6a0708fe/s-pdpxl.file
99477577,Black Slim Smart Band 10 Watch,,Fashion,1296,Ships in 14 - 16 work days,Lead time (imported),5,2033,https://www.takealot.com/black-slim-smart-band-10-watch/PLID99477577,https://media.takealot.com/covers_images/817a7c7a90f847ef9fee26b56730ea25/s-pdpxl.file
52949526,GAV Rubber Hose 13mm I.D. 100 Metres,GAV,General Merchandise,4617,Ships in 5 - 7 work days,Lead time (imported),1,99,https://www.takealot.com/gav-rubber-hose-13mm-i-d-100-metres/PLID52949526,https://media.takealot.com/covers_tsins/55925014/55925014-1-pdpxl.jpeg
101817901,5-Speed Electric Pet Nail Grinder: LED Light Anti-Splash Sponge Trimmer,,Beauty & Health,443,Ships in 14 - 16 work days,Lead time (imported),10,1263,https://www.takealot.com/5-speed-electric-pet-nail-grinder-led-light-anti-splash-sponge-t/PLID101817901,https://media.takealot.com/covers_images/df3366baabaa4b9d88cae75d082ecc8e/s-pdpxl.file
101825874,DIN Rail Terminal Block 76A 800V Screw Type UK-10N,,Toys & Games,446,Ships in 14 - 16 work days,Lead time (imported),5,653,https://www.takealot.com/din-rail-terminal-block-76a-800v-screw-type-uk-10n/PLID101825874,https://media.takealot.com/covers_images/4db49ab3ce504a6796c7921ab79a1a74/s-pdpxl.file
95282218,3-Piece Travel 28-Inch Luggage Suitcase Bag Set - Stylish,,Fashion,1499,,No live offer,69,1161,https://www.takealot.com/3-piece-travel-28-inch-luggage-suitcase-bag-set-stylish/PLID95282218,https://media.takealot.com/covers_images/94ad2d09438e428ba27bf8e8bc853906/s-pdpxl.file
73671586,80cm Round White top Wooden Leg Table,,Home & Kitchen,1018,In stock,In stock (fast),2,699,https://www.takealot.com/80cm-round-white-top-wooden-leg-table/PLID73671586,https://media.takealot.com/covers_images/6828dfe491844844925fa82633c0332b/s-pdpxl.file
96246568,Unbreakable 3piece Red HardShell Luggage Set-Spinner Wheels & Built-in Lock,,General Merchandise,3500,Ships in 5 - 7 work days,Lead time (imported),6,1785,https://www.takealot.com/unbreakable-3piece-red-hardshell-luggage-set-spinner-wheels-buil/PLID96246568,https://media.takealot.com/covers_images/0e332f14099e400ba0137e6b51099b25/s-pdpxl.file
102123070,Full Twist Ebike Throttle Grip with 1.5m Cable Kit,,Electronics,505,Ships in 14 - 16 work days,Lead time (imported),9,702,https://www.takealot.com/full-twist-ebike-throttle-grip-with-1-5m-cable-kit/PLID102123070,https://media.takealot.com/covers_images/a52bb990ae3f4d5badcc915e0d3608f7/s-pdpxl.file
96230501,Dark Gray Hardshell Luggage Set,Mooistar,General Merchandise,3500,Ships in 5 - 7 work days,Lead time (imported),5,1978,https://www.takealot.com/dark-gray-hardshell-luggage-set/PLID96230501,https://media.takealot.com/covers_images/f7008c865c15417a8c90fa941daae6b3/s-pdpxl.file
97215450,Intel Core Ultra 5 245K LGA1851 4.2Ghz 14-Core CPU,Intel,General Merchandise,4835,Ships in 4 - 6 work days,Lead time (imported),5,5630,https://www.takealot.com/intel-core-ultra-5-245k-lga1851-4-2ghz-14-core-cpu/PLID97215450,https://media.takealot.com/covers_images/c66c7475138e450aa48a631065759288/s-pdpxl.file
46857532,Stylin' Dredz Moisture Splash Conditioning Spray - 350ml,Stylin' Dredz,General Merchandise,105,In stock,In stock (fast),5,919,https://www.takealot.com/stylin-dredz-moisture-splash-conditioning-spray-350ml/PLID46857532,https://media.takealot.com/covers_images/e5e4375eae92499c91d736c6ddd86d06/s-pdpxl.file
93156840,9kg Empty Gas Cylinder -Grey (LPG),SAFY GAS,General Merchandise,749,In stock,In stock (fast),2,740,https://www.takealot.com/9kg-empty-gas-cylinder-grey-lpg/PLID93156840,https://media.takealot.com/covers_images/4d72f442b21748eb8cc76c37e3099329/s-pdpxl.file
98079112,DIY Jewellery & Bracelet Organizer Storage Tray,,Home & Kitchen,538,Ships in 14 - 16 work days,Lead time (imported),5,680,https://www.takealot.com/diy-jewellery-bracelet-organizer-storage-tray/PLID98079112,https://media.takealot.com/covers_images/def1a288139e466e9ce77522bf7638af/s-pdpxl.file
94378935,Coffee Table - Rectangular Clear Tempered Glass Top with Steel Frame,,Home & Kitchen,4291,Ships in 5 - 7 work days,Lead time (imported),1,858,https://www.takealot.com/coffee-table-rectangular-clear-tempered-glass-top-with-steel-fra/PLID94378935,https://media.takealot.com/covers_images/51768b733411419596bf013d2df16595/s-pdpxl.file
94757817,Smte-Plastic Chair With Wooden Leg Set of 2+ SMTE Keychain - Black,,Home & Kitchen,682,In stock,In stock (fast),3,287,https://www.takealot.com/smte-plastic-chair-with-wooden-leg-set-of-2-smte-keychain/PLID94757817,https://media.takealot.com/covers_images/910adec5872540e2830a6efec49fad04/s-pdpxl.file
102202542,"Lenovo ThinkPad E16 Gen 3 16"" WUXGA Laptop - Ultra 7 258V, 32GB RAM 1TB SSD",Lenovo,Electronics,33399,Ships in 3 - 5 work days,Lead time (imported),6,4626,https://www.takealot.com/lenovo-thinkpad-e16-gen-3-16-wuxga-laptop-ultra-7-258v-32gb-ram-/PLID102202542,https://media.takealot.com/covers_images/a7f6c1346f0543db902151a649a3d8a1/s-pdpxl.file
101352303,50mm Stainless Steel Cable Ties for Exhaust Pipe & Metal Locking,,Electronics,485,Ships in 14 - 16 work days,Lead time (imported),5,804,https://www.takealot.com/50mm-stainless-steel-cable-ties-for-exhaust-pipe-metal-locking/PLID101352303,https://media.takealot.com/covers_images/603838b8fa544a0397021f7b469775fc/s-pdpxl.file
90320778,Red Mixology Bar Stool,,Tools & DIY,1395,Ships in 5 - 7 work days,Lead time (imported),1,620,https://www.takealot.com/red-mixology-bar-stool/PLID90320778,https://media.takealot.com/covers_images/b633f11f60524f03afc9b26611c4e8f5/s-pdpxl.file
90380444,Blue & Gold Luxury Plush Throw Blanket,,General Merchandise,358,Ships in 5 - 7 work days,Lead time (imported),2,494,https://www.takealot.com/blue-gold-luxury-plush-throw-blanket/PLID90380444,https://media.takealot.com/covers_images/85772a2a9c0f47abb8c7e25eca8fc184/s-pdpxl.file
101047118,360 Ring Stand Hard Phone Case Compatible With Oppo A18,,Electronics,306,,No live offer,15,792,https://www.takealot.com/360-ring-stand-hard-phone-case-compatible-with-oppo-a18/PLID101047118,https://media.takealot.com/covers_images/43f3164a27fe4d3d9e5765afd769d4d0/s-pdpxl.file
101463283,Wahl Hair Cutting Clipper Shaving Machine Adjustable Kit Easy Cut- Set,WAHL,Home & Kitchen,574,Ships in 5 - 7 work days,Lead time (imported),5,1307,https://www.takealot.com/wahl-hair-cutting-clipper-shaving-machine-adjustable-kit-easy-cu/PLID101463283,https://media.takealot.com/covers_images/8d15157c8d804e75aa11b475fd4b4973/s-pdpxl.file
101459659,Compatible with Retro Ethnic Style Bracelet,,General Merchandise,317,Ships in 14 - 16 work days,Lead time (imported),2,698,https://www.takealot.com/compatible-with-retro-ethnic-style-bracelet/PLID101459659,https://media.takealot.com/covers_images/c93cb80c5ad04eb686acae9dd98d1ec5/s-pdpxl.file
101158843,"2Pieces Wireless Lavalier Mics, Compatible With Streaming",,General Merchandise,356,Ships in 14 - 16 work days,Lead time (imported),5,971,https://www.takealot.com/2pieces-wireless-lavalier-mics-compatible-with-streaming/PLID101158843,https://media.takealot.com/covers_images/9ad642164e3340a7bc755664d17fdaba/s-pdpxl.file
90116653,FSP Hydro Pro M 700W Semi-Modular Power Supply,,General Merchandise,1578,Ships in 5 - 7 work days,Lead time (imported),1,1789,https://www.takealot.com/fsp-hydro-pro-m-700w-semi-modular-power-supply/PLID90116653,https://media.takealot.com/covers_images/693d517367ab4de589f5e49132dc6a06/s-pdpxl.file
97215468,Antec C8 ARGB E-ATX DUAL Full Tower Gaming Chassis - Black,Antec,Electronics,3839,Ships in 5 - 7 work days,Lead time (imported),7,3281,https://www.takealot.com/antec-c8-argb-e-atx-dual-full-tower-gaming-chassis-black/PLID97215468,https://media.takealot.com/covers_images/807cc82a018d4a5fa88690b9f589100c/s-pdpxl.file
101368473,Pair of Skull Skeleton Hand 8mm 10mm Rearview Mirror for Motorcycle,,Automotive,547,Ships in 14 - 16 work days,Lead time (imported),5,983,https://www.takealot.com/pair-of-skull-skeleton-hand-8mm-10mm-rearview-mirror-for-motorcy/PLID101368473,https://media.takealot.com/covers_images/cdcf9fe1f2364d36af6bd1fca10f536c/s-pdpxl.file
95410024,Travel 28-Inch Luggage Suitcase Bag Set - Stylish - 3-Piece,,Fashion,1499,,No live offer,70,1161,https://www.takealot.com/travel-28-inch-luggage-suitcase-bag-set-stylish-3-piece/PLID95410024,https://media.takealot.com/covers_images/38f41c71e6064b2288768bd84012aba3/s-pdpxl.file
91759787,Super soft Throw Fleece Blanket Warm Winter,,General Merchandise,249,,No live offer,16,810,https://www.takealot.com/super-soft-throw-fleece-blanket-warm-winter/PLID91759787,https://media.takealot.com/covers_images/5c41da94f3ba4e22a790a1ae78c1e4c0/s-pdpxl.file
102052809,Plush Character Keychain Set for Bags and Keys - 8 Piece,,Fashion,497,Ships in 14 - 16 work days,Lead time (imported),5,672,https://www.takealot.com/plush-character-keychain-set-for-bags-and-keys-8-piece/PLID102052809,https://media.takealot.com/covers_images/8e02d447715e446a8136085022b81539/s-pdpxl.file
102146020,Mini Deep Tissue Massage Gun With 4 Heads White,,Beauty & Health,361,Ships in 14 - 16 work days,Lead time (imported),8,777,https://www.takealot.com/mini-deep-tissue-massage-gun-with-4-heads-white/PLID102146020,https://media.takealot.com/covers_images/76586d32e47d4a19abb441bba7dd7f88/s-pdpxl.file
100234420,Flip Wallet Wrist Strap Phone Case Compatible With iPhone 13 Pro,,Electronics,236,,No live offer,36,299,https://www.takealot.com/flip-wallet-wrist-strap-phone-case-compatible-with-iphone-13-pro/PLID100234420,https://media.takealot.com/covers_images/8004b3a946e24644b390a7d284522ec6/s-pdpxl.file
100687778,Luxurious Natural Slim Volume False Eyelashes|Compatible with Daily,,General Merchandise,397,In stock,In stock (fast),3,607,https://www.takealot.com/luxurious-natural-slim-volume-false-eyelashes-compatible-with-da/PLID100687778,https://media.takealot.com/covers_images/1f25cb4a562f4c7e839c47a47d9b3b83/s-pdpxl.file
91223989,Nails Clout 50mm 500g Pre-Pack - 3 Pack,,Beauty & Health,231,Ships in 4 - 6 work days,Lead time (imported),1,83,https://www.takealot.com/nails-clout-50mm-500g-pre-pack-3-pack/PLID91223989,https://media.takealot.com/covers_images/fe634ebeb4bf4d4b943f7ea832ed3376/s-pdpxl.file
100366035,Quartz Movement Watch Accessories For Isa 220 Movement Watch Date,,Fashion,1039,Ships in 14 - 16 work days,Lead time (imported),10,824,https://www.takealot.com/quartz-movement-watch-accessories-for-isa-220-movement-watch-dat/PLID100366035,https://media.takealot.com/covers_images/038b81cb6cef4ca5a24516da63a81038/s-pdpxl.file
101190034,Motorcycle Rearview Mirror Round Mirror Compatible with Honda,,Automotive,675,Ships in 14 - 16 work days,Lead time (imported),10,1522,https://www.takealot.com/motorcycle-rearview-mirror-round-mirror-compatible-with-honda/PLID101190034,https://media.takealot.com/covers_images/772d0f828ff94c94af8ad20950263cf2/s-pdpxl.file
102119902,37-Key Melodica Wind Instrument for Beginner Training,,General Merchandise,556,Ships in 14 - 16 work days,Lead time (imported),5,703,https://www.takealot.com/37-key-melodica-wind-instrument-for-beginner-training/PLID102119902,https://media.takealot.com/covers_images/81fc42a1906d46ba9d8f626a9af23c52/s-pdpxl.file
102005448,Comfortable Sponge Replacement Headphone Pads Compatible with Studio 2.0,,Electronics,291,Supplier out of stock,Other,9,717,https://www.takealot.com/comfortable-sponge-replacement-headphone-pads-compatible-with-st/PLID102005448,https://media.takealot.com/covers_images/fa23ab564b164a718c697307c4ca9da6/s-pdpxl.file
102109163,Portable Dual Line Handheld Sewing Machine 110-240V,,Home & Kitchen,802,Ships in 14 - 16 work days,Lead time (imported),5,786,https://www.takealot.com/portable-dual-line-handheld-sewing-machine-110-240v/PLID102109163,https://media.takealot.com/covers_images/6419b4d0e2c9473eb1086107b53f73ae/s-pdpxl.file
99961350,Shockproof Flip Case Cover Compatible with iPad Air 11 Inch Case M3 / M2,,General Merchandise,206,Ships in 14 - 16 work days,Lead time (imported),7,1010,https://www.takealot.com/shockproof-flip-case-cover-compatible-with-ipad-air-11-inch-case/PLID99961350,https://media.takealot.com/covers_images/0da4d625c0aa497382f558b039dd1f20/s-pdpxl.file
102119905,ABS 32 Key Melodica Kit for Beginner Music Training,,General Merchandise,452,Ships in 14 - 16 work days,Lead time (imported),5,728,https://www.takealot.com/abs-32-key-melodica-kit-for-beginner-music-training/PLID102119905,https://media.takealot.com/covers_images/eef86cb5c9494de9a84c8cfc70433225/s-pdpxl.file
101825696,"4 Terminal Bus Bar, M8 Screw Power Distribution Block for Auto",,Toys & Games,389,Ships in 14 - 16 work days,Lead time (imported),5,745,https://www.takealot.com/4-terminal-bus-bar-m8-screw-power-distribution-block-for-auto/PLID101825696,https://media.takealot.com/covers_images/a5b749c839454f43bb45a2059ee0b05c/s-pdpxl.file
102108790,Kalimba 17 Keys Portable Thumb Piano Set,,Home & Kitchen,530,Ships in 14 - 16 work days,Lead time (imported),5,1383,https://www.takealot.com/kalimba-17-keys-portable-thumb-piano-set/PLID102108790,https://media.takealot.com/covers_images/fdc18855f61d4f1d9622a7b270c1d370/s-pdpxl.file
100955581,4 Door 3 Shelf High Cabinet,,Home & Kitchen,4498,Ships in 4 - 6 work days,Lead time (imported),5,310,https://www.takealot.com/4-door-3-shelf-high-cabinet/PLID100955581,https://media.takealot.com/covers_images/7fc107496e87494b812b287bcf349e79/s-pdpxl.file
93155660,Tool DIY Multi-Function Flexible Four Claw Pick Up Tool & LED Torch 62.5 cm,,Tools & DIY,395,Ships in 4 - 6 work days,Lead time (imported),5,1422,https://www.takealot.com/tool-diy-multi-function-flexible-four-claw-pick-up-tool-led-torc/PLID93155660,https://media.takealot.com/covers_images/257aee26ff8c4a29a109b80c8c5e0ddd/s-pdpxl.file
102202715,"Lenovo ThinkPad E16 Gen 3 16"" WUXGA Laptop - Ultra 7 256V, 16GB, 512GB SSD",Lenovo,Electronics,27689,Ships in 3 - 5 work days,Lead time (imported),5,4960,https://www.takealot.com/lenovo-thinkpad-e16-gen-3-16-wuxga-laptop-ultra-7-256v-16gb-512g/PLID102202715,https://media.takealot.com/covers_images/a7f6c1346f0543db902151a649a3d8a1/s-pdpxl.file
95283099,Hikvision DS-2CE18D0T-LFS 2.8mm,Hikvision,General Merchandise,629,In stock,In stock (fast),6,689,https://www.takealot.com/hikvision-ds-2ce18d0t-lfs-2-8mm/PLID95283099,https://media.takealot.com/covers_images/8f37f983f2424404aa5300bb967703e8/s-pdpxl.file
101699565,Chinese-style Decorative Handmade Umbrella,,Home & Kitchen,430,Ships in 14 - 16 work days,Lead time (imported),6,1429,https://www.takealot.com/chinese-style-decorative-handmade-umbrella/PLID101699565,https://media.takealot.com/covers_images/de3369c97b99439bb5a3d5b5116adfda/s-pdpxl.file
101115681,"Day & Night Vision Binoculars: 10x Optical Zoom, 800m Range, 4K WiFi.",,General Merchandise,753,Ships in 14 - 16 work days,Lead time (imported),8,1710,https://www.takealot.com/day-night-vision-binoculars-10x-optical-zoom-800m-range-4k-wifi/PLID101115681,https://media.takealot.com/covers_images/690407d130ce4645916300a8cfa743dc/s-pdpxl.file
100757608,SORBO Vintage Outdoor Hanging Lantern - Waterproof Portable Camping Light,,Home & Kitchen,520,,No live offer,6,1348,https://www.takealot.com/sorbo-vintage-outdoor-hanging-lantern-waterproof-portable-campin/PLID100757608,https://media.takealot.com/covers_images/83c39dc207bc43a9942ac395298202e4/s-pdpxl.file
99146155,"Vinyl,12 inch x 50 FT Adhesive Vinyl Roll,Outdoor Permanent Vinyl",,General Merchandise,427,Ships in 14 - 16 work days,Lead time (imported),7,1370,https://www.takealot.com/vinyl-12-inch-x-50-ft-adhesive-vinyl-roll-outdoor-permanent-viny/PLID99146155,https://media.takealot.com/covers_images/4df739af53bd47a2974c44a178fa9780/s-pdpxl.file
92567620,Horus 4 Leg Dining Table,,Home & Kitchen,1295,Ships in 5 - 7 work days,Lead time (imported),3,286,https://www.takealot.com/horus-4-leg-dining-table/PLID92567620,https://media.takealot.com/covers_images/0bfe8c22bbcb4eec9ab8d1534cce2848/s-pdpxl.file
91244251,5 Piece Glass Table and Grey Wooden Leg Chairs,,Home & Kitchen,2170,Ships in 5 - 7 work days,Lead time (imported),3,690,https://www.takealot.com/5-piece-glass-table-and-grey-wooden-leg-chairs/PLID91244251,https://media.takealot.com/covers_images/45554a65d2714f1a9a3eeb14a172bd8e/s-pdpxl.file
101918755,Light Wood 400ml Onion Aroma Humidifier 7-Color,,Home & Kitchen,534,Ships in 14 - 16 work days,Lead time (imported),9,351,https://www.takealot.com/light-wood-400ml-onion-aroma-humidifier-7-color/PLID101918755,https://media.takealot.com/covers_images/92d3b53a2d534879829bfd899aa9b642/s-pdpxl.file
91289554,Orbit - Pop-Up Gear Sprinkler Voyager Packed,Orbit,Stationery & Office,515,Ships in 4 - 6 work days,Lead time (imported),1,111,https://www.takealot.com/orbit-pop-up-gear-sprinkler-voyager-packed/PLID91289554,https://media.takealot.com/covers_images/1ce6f7e2421b4e939ecae5d0345d7b72/s-pdpxl.file
73867111,Padded Seat Wooden Leg Dining Chairs - Pack of Six - White Colour,,Home & Kitchen,3109,Ships in 5 - 7 work days,Lead time (imported),2,1012,https://www.takealot.com/padded-seat-wooden-leg-dining-chairs-pack-of-six-white-colour/PLID73867111,https://media.takealot.com/covers_images/1925a8de004a4429904988bb943eeb84/s-pdpxl.file
73507484,3 Piece Table and Wooden Leg Chairs,,Home & Kitchen,1999,,No live offer,5,212,https://www.takealot.com/3-piece-table-and-wooden-leg-chairs/PLID73507484,https://media.takealot.com/covers_images/d5e037b5494847eb904e0ffbaf9ffdc3/s-pdpxl.file
101461119,Dash Cam Mount Replacement Rear View Mirror Bracket Holder Compatible with,,Automotive,309,Ships in 14 - 16 work days,Lead time (imported),9,592,https://www.takealot.com/dash-cam-mount-replacement-rear-view-mirror-bracket-holder-compa/PLID101461119,https://media.takealot.com/covers_images/6f7702596864444fbee81defe0e9d151/s-pdpxl.file
95730949,Moissanite Diamond 18K White Gold Plated 925 Sterling Silver Wedding Ring,,Home & Kitchen,525,,No live offer,8,3025,https://www.takealot.com/moissanite-diamond-18k-white-gold-plated-925-sterling-silver-wed/PLID95730949,https://media.takealot.com/covers_images/af3447a2ad8b420ab7889578565509ba/s-pdpxl.file
91298025,Wirquin - Jollyflex Short 110mm 130 - 280mm & Fins,Wirquin,General Merchandise,741,Ships in 4 - 6 work days,Lead time (imported),1,123,https://www.takealot.com/wirquin-jollyflex-short-110mm-130-280mm-fins/PLID91298025,https://media.takealot.com/covers_images/949a936203614bc1a4af604eb53dd8c5/s-pdpxl.file
101915082,Leakproof 4-Way Hose Splitter for Garden Irrigation,,General Merchandise,295,Ships in 5 - 7 work days,Lead time (imported),5,737,https://www.takealot.com/leakproof-4-way-hose-splitter-for-garden-irrigation/PLID101915082,https://media.takealot.com/covers_images/0b31503c68b74b43aa336611ea35bb54/s-pdpxl.file
93643619,"Giada VM27 with N6210 4G DDR4 on board, 64G EMMC on board",Giada,General Merchandise,7457,Ships in 5 - 7 work days,Lead time (imported),3,2755,https://www.takealot.com/giada-vm27-with-n6210-4g-ddr4-on-board-64g-emmc-on-board/PLID93643619,https://media.takealot.com/covers_images/51bcc93a28d645c5ae413de4ec9c33fd/s-pdpxl.file
95140598,Sea Moss (100% Pure & Highest Quality),The Herbalist,General Merchandise,159,,No live offer,4,1144,https://www.takealot.com/sea-moss-100-pure-highest-quality/PLID95140598,https://media.takealot.com/covers_images/e3889de1106542d0a2eb4daedcc02709/s-pdpxl.file
100741268,Rotating White Plastic Pen Holder 122mm x 219mm Desktop Brush Organizer,,Stationery & Office,380,Ships in 14 - 16 work days,Lead time (imported),5,288,https://www.takealot.com/rotating-white-plastic-pen-holder-122mm-x-219mm-desktop-brush-or/PLID100741268,https://media.takealot.com/covers_images/1a7abfa3da614a04bc910939f0dca167/s-pdpxl.file
101046419,Contax CY to Z adapter compatible,,Electronics,424,Ships in 14 - 16 work days,Lead time (imported),5,1432,https://www.takealot.com/contax-cy-to-z-adapter-compatible/PLID101046419,https://media.takealot.com/covers_images/dfb99a4e6194483794b4ba1620859222/s-pdpxl.file
100614963,Water Bottle Sports Water Bottle - 2000ML,,Home & Kitchen,184,,No live offer,9,293,https://www.takealot.com/water-bottle-sports-water-bottle-2000ml/PLID100614963,https://media.takealot.com/covers_images/6c4c5790a33f49a494defd14b7696f29/s-pdpxl.file
94446246,Homefront Silver Console Table - Rectangular Clear Tempered Glass Top,,Home & Kitchen,4595,Ships in 5 - 7 work days,Lead time (imported),7,803,https://www.takealot.com/homefront-silver-console-table-rectangular-clear-tempered-glass-/PLID94446246,https://media.takealot.com/covers_images/4836b3dacc22438dae9fbac93e82e7ec/s-pdpxl.file
102116298,3pcs Solar Vent Fan Car Cooling Solar Power Fan Car Exhaust New Double,,Automotive,484,Ships in 14 - 16 work days,Lead time (imported),9,703,https://www.takealot.com/3pcs-solar-vent-fan-car-cooling-solar-power-fan-car-exhaust-new-/PLID102116298,https://media.takealot.com/covers_images/c9b8bf5d43b74cd9b78fdd05bf7a5987/s-pdpxl.file
101174960,"Lenovo V15 G5 IRL Laptop 15.6"" FHD Intel Core i3-1315U 8GB RAM",Lenovo,Electronics,11995,Ships in 4 - 6 work days,Lead time (imported),5,1667,https://www.takealot.com/lenovo-v15-g5-irl-laptop-15-6-fhd-intel-core-i3-1315u-8gb-ram/PLID101174960,https://media.takealot.com/covers_images/eb2520bb49894b10b7006a7d548258f0/s-pdpxl.file
100883284,Pet Plush Chew Toy with Squeaker Durable Safe,,Toys & Games,249,,No live offer,15,341,https://www.takealot.com/pet-plush-chew-toy-with-squeaker-durable-safe/PLID100883284,https://media.takealot.com/covers_images/75782bddefe34e74a97203db4b557afe/s-pdpxl.file
91472987,Eames Dining Room Table - Grey,,Home & Kitchen,1395,Ships in 5 - 7 work days,Lead time (imported),1,578,https://www.takealot.com/eames-dining-room-table-grey/PLID91472987,https://media.takealot.com/covers_images/f013b977262a4c26a30ec43359e8a566/s-pdpxl.file
94447660,OWC Mac 32GB 2666Mhz DDR4 SODIMM Memory,OWC,General Merchandise,5423,Ships in 5 - 7 work days,Lead time (imported),1,1080,https://www.takealot.com/owc-mac-32gb-2666mhz-ddr4-sodimm-memory/PLID94447660,https://media.takealot.com/covers_images/6ff29bba37fa40c0bff0769ed60fc08e/s-pdpxl.file
101550736,360 Swivel Labor-Saving Scissor Jack Ratchet Wrench Car Tire Tool,,Automotive,300,Ships in 14 - 16 work days,Lead time (imported),7,720,https://www.takealot.com/360-swivel-labor-saving-scissor-jack-ratchet-wrench-car-tire-too/PLID101550736,https://media.takealot.com/covers_images/4db5a642fc2e43648341dea3669332f4/s-pdpxl.file
91224461,Bullet Hinge 70X16 Each Packed - 4 Pack,,General Merchandise,191,Ships in 4 - 6 work days,Lead time (imported),1,83,https://www.takealot.com/bullet-hinge-70x16-each-packed-4-pack/PLID91224461,https://media.takealot.com/covers_images/68ccdd4623814d21bd5efd239b8117ee/s-pdpxl.file
90991192,1000W Power Inverter 12V,,General Merchandise,999,Ships in 4 - 6 work days,Lead time (imported),3,848,https://www.takealot.com/1000w-power-inverter-12v/PLID90991192,https://media.takealot.com/covers_images/38f27a388457499b82e286bf44f94173/s-pdpxl.file
71779557,Wimbledon Resin Folding Chair 4 Piece,,Home & Kitchen,1997,Ships in 5 - 7 work days,Lead time (imported),1,208,https://www.takealot.com/wimbledon-resin-folding-chair-4-piece/PLID71779557,https://media.takealot.com/covers_images/7dc0225a4bc946d2a7f5e7a8c973a6c0/s-pdpxl.file
90530574,3 Piece Warm Soft Velvet Fitted Sheet King size,,General Merchandise,302,,No live offer,9,811,https://www.takealot.com/3-piece-warm-soft-velvet-fitted-sheet-king-size/PLID90530574,https://media.takealot.com/covers_images/22b75db90ff74048a28040da89ec5209/s-pdpxl.file
94767390,Rhinestone Lingerie Set,,General Merchandise,491,,No live offer,7,321,https://www.takealot.com/rhinestone-lingerie-set/PLID94767390,https://media.takealot.com/covers_images/b2167a7dc6dd4d4b964f4df8211637ef/s-pdpxl.file
100264970,Portable Bbq Fan Grill Turbo Air Blower For Fire Stove Blue Us Plug,,Home & Kitchen,928,Ships in 14 - 16 work days,Lead time (imported),6,1095,https://www.takealot.com/portable-bbq-fan-grill-turbo-air-blower-for-fire-stove-blue-us-p/PLID100264970,https://media.takealot.com/covers_images/72a5525cbcb948a7bb1e19e67a2933d9/s-pdpxl.file
94444287,Smte - Bar Stools / Kitchen Counter Breakfast Chairs - Set of Two-Black,,Home & Kitchen,4595,Ships in 5 - 7 work days,Lead time (imported),1,1106,https://www.takealot.com/smte-bar-stools-kitchen-counter-breakfast-chairs-set-of-two-blac/PLID94444287,https://media.takealot.com/covers_images/da8b44da1b3d4f4999cb6c4c15936bc2/s-pdpxl.file
99468391,"Ultrasonic Kid U-Shaped Electric Toothbrush, with 4 Brush Heads, Ages 6-14",,Beauty & Health,219,In stock,In stock (fast),7,1065,https://www.takealot.com/ultrasonic-kid-u-shaped-electric-toothbrush-with-4-brush-heads-a/PLID99468391,https://media.takealot.com/covers_images/9d40427eb0a64b21ba9ae7003f502e02/s-pdpxl.file
72933117,Tulip Velvet Single Seater Couch - Black,,General Merchandise,2543,Ships in 5 - 7 work days,Lead time (imported),4,472,https://www.takealot.com/tulip-velvet-single-seater-couch-black/PLID72933117,https://media.takealot.com/covers_images/393628fed49a442d951dc29ff54a8d19/s-pdpxl.file
99277471,"OKI Genuine 46507413 Yellow Image Drum (30,000 Pages) for OKI C712 Printers",OKI,Stationery & Office,2568,Ships in 5 - 7 work days,Lead time (imported),1,1565,https://www.takealot.com/oki-genuine-46507413-yellow-image-drum-30-000-pages-for-oki-c712/PLID99277471,https://media.takealot.com/covers_images/595c3d0541384cc5b529608b3600a611/s-pdpxl.file
73114933,Modern Minimalist Round Wooden Table Dining Set - White,,Home & Kitchen,2895,Ships in 5 - 7 work days,Lead time (imported),5,164,https://www.takealot.com/modern-minimalist-round-wooden-table-dining-set-white/PLID73114933,https://media.takealot.com/covers_images/fd039b5ae76a4da3ab164842fced12c6/s-pdpxl.file
100753063,Gold Plated Layered Waist Chain for Women,,Home & Kitchen,297,Ships in 14 - 16 work days,Lead time (imported),5,508,https://www.takealot.com/gold-plated-layered-waist-chain-for-women/PLID100753063,https://media.takealot.com/covers_images/a2468739b9944035ad8b412505d5bf95/s-pdpxl.file
101824682,Submersible Water Pump Brushless Ceramic DC24V Low Noise,,General Merchandise,926,Ships in 14 - 16 work days,Lead time (imported),5,576,https://www.takealot.com/submersible-water-pump-brushless-ceramic-dc24v-low-noise/PLID101824682,https://media.takealot.com/covers_images/82832bc51b50433bbc6de716c597c1a7/s-pdpxl.file
101973108,Insulated Screwdriver Set Magnetic Cross Slot Repair,,Tools & DIY,338,Ships in 14 - 16 work days,Lead time (imported),5,638,https://www.takealot.com/insulated-screwdriver-set-magnetic-cross-slot-repair/PLID101973108,https://media.takealot.com/covers_images/44ce2a53bf34456694e47db25dcce1a8/s-pdpxl.file
96386814,2 Pcs High Definition Passive Video Balun Cable Cord Transmitter,,Electronics,93,In stock,In stock (fast),5,2000,https://www.takealot.com/2-pcs-high-definition-passive-video-balun-cable-cord-transmitter/PLID96386814,https://media.takealot.com/covers_images/3ba427e5e2b64ef58fb67b1e9bc55554/s-pdpxl.file
93166386,Portable 4 Plate Gas Stove,,Home & Kitchen,389,In stock,In stock (fast),2,705,https://www.takealot.com/portable-4-plate-gas-stove/PLID93166386,https://media.takealot.com/covers_images/a8ca97b362d445799db7d8fd8c96ab8d/s-pdpxl.file
98959528,"Ubiquiti UniFi Access Door Hub Mini 2x Input, 1x Relay",Ubiquiti,General Merchandise,2607,Ships in 3 - 5 work days,Lead time (imported),5,879,https://www.takealot.com/ubiquiti-unifi-access-door-hub-mini-2x-input-1x-relay/PLID98959528,https://media.takealot.com/covers_images/0b16ce3e31ed4257a12ade408aa8093d/s-pdpxl.file
101552266,Simulated Appearance Key Hider Outdoor Yard Key Storage Box,,Home & Kitchen,329,Ships in 14 - 16 work days,Lead time (imported),5,622,https://www.takealot.com/simulated-appearance-key-hider-outdoor-yard-key-storage-box/PLID101552266,https://media.takealot.com/covers_images/ae6d9149d9bb48959d8635b24ce37f8f/s-pdpxl.file
101815664,"12-Slot Whiskey Glass Storage Box, Stackable Travel Case",,Home & Kitchen,806,Ships in 14 - 16 work days,Lead time (imported),9,659,https://www.takealot.com/12-slot-whiskey-glass-storage-box-stackable-travel-case/PLID101815664,https://media.takealot.com/covers_images/6493db76a6364099859e34f7178c4637/s-pdpxl.file
93448847,SMTE-Trolley 3 Piece Travel Luggage Spinner -Fabric,,General Merchandise,1298,,No live offer,18,1174,https://www.takealot.com/smte-trolley-3-piece-travel-luggage-spinner-fabric/PLID93448847,https://media.takealot.com/covers_images/9c10fdb400f244bfb13e6b2195044269/s-pdpxl.file
96911144,Silver Surgical Stainless Steel - 5 Set - 10 Pairs,,General Merchandise,339,In stock,In stock (fast),5,1923,https://www.takealot.com/silver-surgical-stainless-steel-5-set-10-pairs/PLID96911144,https://media.takealot.com/covers_images/6069a74cb060422c96e9c2b7c0865937/s-pdpxl.file
94738982,Jewelry Making Supplies Set Bracelet Making Beads Kit DIY Gift Girls,,General Merchandise,167,,No live offer,29,1534,https://www.takealot.com/jewelry-making-supplies-set-bracelet-making-beads-kit-diy-gift-g/PLID94738982,https://media.takealot.com/covers_images/fae19d3e34e840548335b751a57d8971/s-pdpxl.file
93417860,Hikvision 4 Channel 1080p ColorVu Kit With Audio Cameras,Hikvision,Electronics,3676,In stock,In stock (fast),1,1207,https://www.takealot.com/hikvision-4-channel-1080p-colorvu-kit-with-audio-cameras/PLID93417860,https://media.takealot.com/covers_images/6a26b0cf90534e3fa9e3d0c3bcb075f7/s-pdpxl.file
101384335,Triple Therapy Cordless Foot Massager Wrap - 5 Heat & 3 Vibration (2-Pack),,Beauty & Health,519,Ships in 14 - 16 work days,Lead time (imported),7,846,https://www.takealot.com/triple-therapy-cordless-foot-massager-wrap-5-heat-3-vibration-2-/PLID101384335,https://media.takealot.com/covers_images/980f2e78085542edad7afca237d634e2/s-pdpxl.file
92884446,Raw Oceanic Sea Moss -100g,,General Merchandise,95,In stock,In stock (fast),5,1936,https://www.takealot.com/raw-oceanic-sea-moss-100g/PLID92884446,https://media.takealot.com/covers_images/c235412ba5314a9c8da15b51151c522c/s-pdpxl.file
101539767,50ml - Leg & Body Sculpting Serum,,Beauty & Health,145,Ships in 14 - 16 work days,Lead time (imported),5,1956,https://www.takealot.com/50ml-leg-body-sculpting-serum/PLID101539767,https://media.takealot.com/covers_images/de67f73f13384f2a8c104e1c27eeb9b8/s-pdpxl.file
91294592,K-Brand - Johnson Coupling Galv 25mm,K-BRAND,General Merchandise,206,Ships in 4 - 6 work days,Lead time (imported),1,95,https://www.takealot.com/k-brand-johnson-coupling-galv-25mm/PLID91294592,https://media.takealot.com/covers_images/0eba79131a3e441a939bb74cb79c2592/s-pdpxl.file
101533425,200-Piece Thickened Disposable Cartoon Shoe Covers - Non-Slip Floor Guard,,Fashion,628,Ships in 14 - 16 work days,Lead time (imported),7,656,https://www.takealot.com/200-piece-thickened-disposable-cartoon-shoe-covers-non-slip-floo/PLID101533425,https://media.takealot.com/covers_images/67292dcc9d1043b0b2676b04f05594ab/s-pdpxl.file
94550012,Kaufmann Cordless Usb Handheld Pressure Sprayer 2L,Kaufmann,Electronics,624,Ships in 5 - 7 work days,Lead time (imported),1,593,https://www.takealot.com/kaufmann-cordless-usb-handheld-pressure-sprayer-2l/PLID94550012,https://media.takealot.com/covers_images/3ed728248eff45b49cd360b152a157df/s-pdpxl.file
95961730,Galaxia ABS with Telescoping Handle and Lock Luggage Set - Pink - 3 Piece,GALAXIA,Stationery & Office,1499,In stock,In stock (fast),5,2102,https://www.takealot.com/galaxia-abs-with-telescoping-handle-and-lock-luggage-set-pink-3-/PLID95961730,https://media.takealot.com/covers_images/c4e161df0996408eb15c4d3a7eaafc8d/s-pdpxl.file
94462850,Giada Df612 I5-1235u 2xddr4 M.2 2xhdmi,Giada,Electronics,9668,Ships in 5 - 7 work days,Lead time (imported),3,2560,https://www.takealot.com/giada-df612-i5-1235u-2xddr4-m-2-2xhdmi/PLID94462850,https://media.takealot.com/covers_images/87e9a84f4c5c45d493be4195bb4bf479/s-pdpxl.file
98310261,Unisex Warm Knitted Hat,,Fashion,550,,No live offer,21,1207,https://www.takealot.com/unisex-warm-knitted-hat/PLID98310261,https://media.takealot.com/covers_images/6e2507730f434ca782992ad32f0e06ff/s-pdpxl.file
91294600,K-Brand - Tee Galv Reducing 50X32mm,K-BRAND,General Merchandise,166,Ships in 4 - 6 work days,Lead time (imported),1,93,https://www.takealot.com/k-brand-tee-galv-reducing-50x32mm/PLID91294600,https://media.takealot.com/covers_images/717d149ccf2d413b89fb4ffcfde2164a/s-pdpxl.file
52951064,GAV Pressure Gauge 0-20Bar1/4Rear 63mm D6314R20,GAV,General Merchandise,227,In stock,In stock (fast),1,246,https://www.takealot.com/gav-pressure-gauge-0-20bar1-4rear-63mm-d6314r20/PLID52951064,https://media.takealot.com/covers_tsins/55926952/55926952-1-pdpxl.jpeg
55003366,3 Piece Lightweight Luggage Set - Black,,Home & Kitchen,1499,Ships in 5 - 7 work days,Lead time (imported),3,1093,https://www.takealot.com/3-piece-lightweight-luggage-set-black/PLID55003366,https://media.takealot.com/covers_tsins/58070907/58070907-1-pdpxl.jpeg
95899093,"Durable Black ABS Luggage Set - Lightweight, Water Resistant, 3-Piece",Blue Star,Home & Kitchen,1699,Ships in 5 - 7 work days,Lead time (imported),6,3853,https://www.takealot.com/durable-black-abs-luggage-set-lightweight-water-resistant-3-piec/PLID95899093,https://media.takealot.com/covers_images/f8114f01fb24486b9c3845a6de130ff6/s-pdpxl.file
66382521,Mac Afric 30 mm F-Type Air Nail Gun,MAC AFRIC,Beauty & Health,748,Ships in 5 - 7 work days,Lead time (imported),1,303,https://www.takealot.com/mac-afric-30-mm-f-type-air-nail-gun/PLID66382521,https://media.takealot.com/covers_tsins/69559534/69559534-1-pdpxl.jpeg
100063967,Canon 067 High Capacity Magenta Toner,Canon,Fashion,3150,Ships in 3 - 5 work days,Lead time (imported),3,705,https://www.takealot.com/canon-067-high-capacity-magenta-toner/PLID100063967,https://media.takealot.com/covers_images/a993809fc24b4d77b61bd6b858c17188/s-pdpxl.file
94129473,Cudy 24-Port Managed Gigabit PoE+ Switch with 4 Gigabit Combo Ports,Cudy,General Merchandise,4708,Ships in 5 - 7 work days,Lead time (imported),3,3327,https://www.takealot.com/cudy-24-port-managed-gigabit-poe-switch-with-4-gigabit-combo-por/PLID94129473,https://media.takealot.com/covers_images/442da1f7a8754d7b875fc22d5ee09ecf/s-pdpxl.file
72481134,Rota Bar Stool Light,,Home & Kitchen,1204,Ships in 5 - 7 work days,Lead time (imported),4,628,https://www.takealot.com/rota-bar-stool-light/PLID72481134,https://media.takealot.com/covers_images/f560294381db4ba0ac341a143425741d/s-pdpxl.file
52162693,Speroni Pump - 25X25mm 1.50kW 230V,Speroni,General Merchandise,10284,Ships in 4 - 6 work days,Lead time (imported),1,1056,https://www.takealot.com/speroni-pump-25x25mm-1-50kw-230v/PLID52162693,https://media.takealot.com/covers_tsins/55095697/55095697-1-pdpxl.jpg
91051727,Pair of - MAK Faux Leather Luxury Barstools with armrests,,Tools & DIY,1999,,No live offer,3,1199,https://www.takealot.com/pair-of-mak-faux-leather-luxury-barstools-with-armrests/PLID91051727,https://media.takealot.com/covers_images/c676a755cc904828bdc253f6cd122630/s-pdpxl.file
101816316,Leak Resistant Toilet Valve Kit Compatible with Thetford Aqua Magic V,,General Merchandise,298,Ships in 14 - 16 work days,Lead time (imported),5,851,https://www.takealot.com/leak-resistant-toilet-valve-kit-compatible-with-thetford-aqua-ma/PLID101816316,https://media.takealot.com/covers_images/9431cb7d6c594026abd1d6398af7a1e1/s-pdpxl.file
97993476,4PCS Jack Pads Set for RV Trailer,,General Merchandise,894,Ships in 14 - 16 work days,Lead time (imported),5,868,https://www.takealot.com/4pcs-jack-pads-set-for-rv-trailer/PLID97993476,https://media.takealot.com/covers_images/003bd0a69bea49859b2245f83e81090b/s-pdpxl.file
100295828,"(RS) Liquid Cooled AM5 RX 9070 XT Ryzen 7 9800X3D 32GB/1TB SSD ""Second Son""",,Electronics,53451,Ships in 5 - 7 work days,Lead time (imported),14,1915,https://www.takealot.com/rs-liquid-cooled-am5-rx-9070-xt-ryzen-7-9800x3d-32gb-1tb-ssd-sec/PLID100295828,https://media.takealot.com/covers_images/91ee1bbe99fd462f91e325e78705b221/s-pdpxl.file
90302349,Festool - Router Table Ft 0 491427,,Electronics,4648,Ships in 4 - 6 work days,Lead time (imported),1,196,https://www.takealot.com/festool-router-table-ft-0-491427/PLID90302349,https://media.takealot.com/covers_images/b9e4120a08a14c50b802d0fe2dba3e94/s-pdpxl.file
100195992,Leather Magnetic Flip Cover Phone Case Compatible With Redmi 15C,,Electronics,218,,No live offer,54,574,https://www.takealot.com/leather-magnetic-flip-cover-phone-case-compatible-with-redmi-15c/PLID100195992,https://media.takealot.com/covers_images/853dbe0f4d8a4ffdaa9bf709f8a4038b/s-pdpxl.file
72760931,Digital Kitchen Scale 10Kg SF400,Crockery Centre,Home & Kitchen,139,In stock,In stock (fast),4,425,https://www.takealot.com/digital-kitchen-scale-10kg-sf400/PLID72760931,https://media.takealot.com/covers_images/edcabdb71df5484fb396224b85bb0d41/s-pdpxl.file
46663156,Centurion Nova V3 SG Transmitter 433mhz 2 Button,Centurion,General Merchandise,278,In stock,In stock (fast),1,569,https://www.takealot.com/centurion-nova-v3-sg-transmitter-433mhz-2-button/PLID46663156,https://media.takealot.com/covers_tsins/49528050/49528050-1-pdpxl.jpg
90291215,Apex Float Valve Without Ball Atp 25mm,Apex,Sport & Outdoor,490,Ships in 5 - 7 work days,Lead time (imported),1,272,https://www.takealot.com/apex-float-valve-without-ball-atp-25mm/PLID90291215,https://media.takealot.com/covers_images/5a4aaacf466f4fd0976b89677ab73b7e/s-pdpxl.file
100593798,"12 Colors Nail Art Pens Set,Nail Art Marker Pens,(24)",,Stationery & Office,408,Ships in 14 - 16 work days,Lead time (imported),7,1393,https://www.takealot.com/12-colors-nail-art-pens-set-nail-art-marker-pens-24/PLID100593798,https://media.takealot.com/covers_images/ff73bc56130a441cb70bdb832e383984/s-pdpxl.file
97595091,Pebble Dining Room Chair - Modern Plastic Shell Chairs Wooden Leg - Set of 6,,Home & Kitchen,1432,,No live offer,43,1188,https://www.takealot.com/pebble-dining-room-chair-modern-plastic-shell-chairs-wooden-leg-/PLID97595091,https://media.takealot.com/covers_images/6ab349dd47b14addb31a4b15c0200ba3/s-pdpxl.file
93743109,"5 Pieces Travel Trolley Luggage Set - Durable, Lightweight, Versatile Suitcases",,Home & Kitchen,2073,,No live offer,32,950,https://www.takealot.com/5-pieces-travel-trolley-luggage-set-durable-lightweight-versatil/PLID93743109,https://media.takealot.com/covers_images/f3288a2a32bd4017b76c44ee86f8e4a9/s-pdpxl.file
70841702,Samsung Clear Standing Cover For Galaxy S20 FE (Fan Edition) - Transparent,Samsung,General Merchandise,399,Ships in 5 - 7 work days,Lead time (imported),4,276,https://www.takealot.com/samsung-clear-standing-cover-for-galaxy-s20-fe-fan-edition-trans/PLID70841702,https://media.takealot.com/covers_images/7f6212d118ba4ee18cc16fadfa4f9fc2/s-pdpxl.file
95323822,3 Piece Travel Luggage Suitcase Bag Set - Stylish,Begin Again,Fashion,1698,,No live offer,70,1161,https://www.takealot.com/3-piece-travel-luggage-suitcase-bag-set-stylish/PLID95323822,https://media.takealot.com/covers_images/78908cf901f1485a9287ced9fe399ff6/s-pdpxl.file
99143231,ASRock X870E Taichi Lite AM5 ATX WiFi 7 Motherboard,Asrock,General Merchandise,13559,In stock,In stock (fast),5,6685,https://www.takealot.com/asrock-x870e-taichi-lite-am5-atx-wifi-7-motherboard/PLID99143231,https://media.takealot.com/covers_images/6a700ddb348c41e985f247c678339f5b/s-pdpxl.file
91297576,Strike-Arc - Inverter Welder 160Amp,Strike-Arc,Toys & Games,1918,Ships in 4 - 6 work days,Lead time (imported),1,93,https://www.takealot.com/strike-arc-inverter-welder-160amp/PLID91297576,https://media.takealot.com/covers_images/3cba7b454bfa4f89b562b65ad2ebc66e/s-pdpxl.file
100261562,5Pieces Suitcases Travel Trolley Luggage Set with 4Spiners Wheel,,General Merchandise,2159,Ships in 4 - 6 work days,Lead time (imported),5,314,https://www.takealot.com/5pieces-suitcases-travel-trolley-luggage-set-with-4spiners-wheel/PLID100261562,https://media.takealot.com/covers_images/c9a5a600260b40469302a1d619b167c6/s-pdpxl.file
101825712,360Pcs Electrical Ring Terminals Compatible with Automotive Wiring,,Automotive,340,Ships in 14 - 16 work days,Lead time (imported),5,664,https://www.takealot.com/360pcs-electrical-ring-terminals-compatible-with-automotive-wiri/PLID101825712,https://media.takealot.com/covers_images/e9bd776ee98244139fa0b64af0ef37f3/s-pdpxl.file
90536303,Portable Digital Monocular Infrared Night Vision Camera,,Electronics,771,In stock,In stock (fast),4,709,https://www.takealot.com/portable-digital-monocular-infrared-night-vision-camera/PLID90536303,https://media.takealot.com/covers_images/e329810919e44e48ba053c1d0c1b20a5/s-pdpxl.file
100745224,Oil Control Valve for 2Zz-Ge Corolla Celica Matrix Compatible with Toyota,,Toys & Games,505,In stock,In stock (fast),10,725,https://www.takealot.com/oil-control-valve-for-2zz-ge-corolla-celica-matrix-compatible-wi/PLID100745224,https://media.takealot.com/covers_images/3a1a95f880d74476a74409fe4c4721ac/s-pdpxl.file
70723386,Under Glass Scanner  USB  Finger Print Reader,,Electronics,1499,In stock,In stock (fast),5,882,https://www.takealot.com/under-glass-scanner-usb-finger-print-reader/PLID70723386,https://media.takealot.com/covers_images/e7311f8f084d48dfae70c1f0dc7c98c7/s-pdpxl.file
97590079,Garden Brown Mini Clay Planter Tray Drainage Saucer (11cm) Set of 6,,General Merchandise,450,Ships in 4 - 6 work days,Lead time (imported),6,1172,https://www.takealot.com/garden-brown-mini-clay-planter-tray-drainage-saucer-11cm-set-of-/PLID97590079,https://media.takealot.com/covers_images/08655a64a867455cb5033106d6addebf/s-pdpxl.file
91326462,Durable Cast Iron Cookware Set 7 Piece,,Home & Kitchen,860,,No live offer,13,1478,https://www.takealot.com/durable-cast-iron-cookware-set-7-piece/PLID91326462,https://media.takealot.com/covers_images/111964a88dc54559a519696bcdbcff54/s-pdpxl.file
100843311,Massage Gun Deep Muscle Relaxation Multi-speed Adjustment,,Beauty & Health,552,Ships in 14 - 16 work days,Lead time (imported),5,481,https://www.takealot.com/massage-gun-deep-muscle-relaxation-multi-speed-adjustment/PLID100843311,https://media.takealot.com/covers_images/774cc5d44db54fe6a1d13d5b46f55d3b/s-pdpxl.file
100412671,Dell 7.4mm Barrel to USB Type-C Adapter 470-ACFH,Dell,Electronics,772,Ships in 4 - 6 work days,Lead time (imported),5,800,https://www.takealot.com/dell-7-4mm-barrel-to-usb-type-c-adapter-470-acfh/PLID100412671,https://media.takealot.com/covers_images/632d681eabb2429886c56b0a10460f98/s-pdpxl.file
91298256,Steel Cladd Quick Dry Primer Red Oxide 20L,,General Merchandise,2409,Ships in 4 - 6 work days,Lead time (imported),1,107,https://www.takealot.com/steel-cladd-quick-dry-primer-red-oxide-20l/PLID91298256,https://media.takealot.com/covers_images/ad6561387f03436696da06945b69f4d8/s-pdpxl.file
100410000,Bunny Climbing Stairs Track Automatic Slide with Music,,Automotive,367,Ships in 14 - 16 work days,Lead time (imported),6,2091,https://www.takealot.com/bunny-climbing-stairs-track-automatic-slide-with-music/PLID100410000,https://media.takealot.com/covers_images/aeb42d8e6da549678388c58814476d74/s-pdpxl.file
68907086,Aunt Jackies Coconut Creme Recipes Curl Boss - 426g,Aunt Jackies,General Merchandise,179,In stock,In stock (fast),1,664,https://www.takealot.com/aunt-jackies-coconut-creme-recipes-curl-boss-426g/PLID68907086,https://media.takealot.com/covers_images/11b88279fe2e4637a9e6ddf041139869/s-pdpxl.file
100291821,Cutter Crimper Plier for Plastic Spiral Binding Spines,,General Merchandise,299,Ships in 14 - 16 work days,Lead time (imported),6,703,https://www.takealot.com/cutter-crimper-plier-for-plastic-spiral-binding-spines/PLID100291821,https://media.takealot.com/covers_images/ec7e2bf463134ecdbfdcc63d8027e6cc/s-pdpxl.file
91222955,Wolf - Chainsaw 25.4Cc 300mm,,Tools & DIY,2387,Ships in 4 - 6 work days,Lead time (imported),1,79,https://www.takealot.com/wolf-chainsaw-25-4cc-300mm/PLID91222955,https://media.takealot.com/covers_images/2c8eab9d494e40849ef75d584cee8834/s-pdpxl.file
94409448,Side Mirror Compatible with VW Polo 6R - Glass Only,,General Merchandise,499,In stock,In stock (fast),2,206,https://www.takealot.com/side-mirror-compatible-with-vw-polo-6r-glass-only/PLID94409448,https://media.takealot.com/covers_images/a30c452f34a544deb7158c02d83e9c21/s-pdpxl.file
101255099,Car Power Window Regulator 26696325 for Buick Compatible with Universal,,Automotive,350,Ships in 14 - 16 work days,Lead time (imported),6,845,https://www.takealot.com/car-power-window-regulator-26696325-for-buick-compatible-with-un/PLID101255099,https://media.takealot.com/covers_images/cee2eaa1b6444245837d1ad376a674bf/s-pdpxl.file
73420442,Modern Wooden Table - With 2 x Frankfurt Chairs,,Home & Kitchen,2395,,No live offer,3,300,https://www.takealot.com/modern-wooden-table-with-2-x-frankfurt-chairs/PLID73420442,https://media.takealot.com/covers_images/71b94337f8564274a5a839ef29ef10b9/s-pdpxl.file
52951059,GAV Pressure Gauge 40mm 1/8 Rear,GAV,General Merchandise,195,Ships in 5 - 7 work days,Lead time (imported),1,218,https://www.takealot.com/gav-pressure-gauge-40mm-1-8-rear/PLID52951059,https://media.takealot.com/covers_tsins/55926947/55926947-1-pdpxl.jpeg
73733526,Dining Table & 4 Wooden Dining Chairs - White,,Home & Kitchen,3595,Ships in 5 - 7 work days,Lead time (imported),2,226,https://www.takealot.com/dining-table-4-wooden-dining-chairs-white/PLID73733526,https://media.takealot.com/covers_images/faf9a588a9d54585b2f65a85406a4ac4/s-pdpxl.file
99694481,Women's Lychee Pattern Crossbody Bag,,Fashion,814,Ships in 14 - 16 work days,Lead time (imported),5,237,https://www.takealot.com/women-s-lychee-pattern-crossbody-bag/PLID99694481,https://media.takealot.com/covers_images/019150c355c94ca5a3a7822d3c8eb9ea/s-pdpxl.file
90221567,Jooste Cylinder S/Steel 70mm,Jooste,General Merchandise,3548,Ships in 5 - 7 work days,Lead time (imported),1,299,https://www.takealot.com/jooste-cylinder-s-steel-70mm/PLID90221567,https://media.takealot.com/covers_images/6705346a286c4cca9c63d2ab72e383df/s-pdpxl.file
96347561,Square Dog Bed Mattress Washable Kennel With Anti-Slip Waterproof Bottom,,Pet Supplies,223,,No live offer,8,1584,https://www.takealot.com/square-dog-bed-mattress-washable-kennel-with-anti-slip-waterproo/PLID96347561,https://media.takealot.com/covers_images/515c58a1f58c4d1592b22c000b18c171/s-pdpxl.file
101535535,Compatible with Pitbull Gold Shaver Replacement Blades for Gold Pro 4 Piece,,Beauty & Health,308,Ships in 14 - 16 work days,Lead time (imported),6,1130,https://www.takealot.com/compatible-with-pitbull-gold-shaver-replacement-blades-for-gold-/PLID101535535,https://media.takealot.com/covers_images/04ea296b47a643d5935c7b6e5a8447f9/s-pdpxl.file
68749591,Enterosgel - Intestinal adsorbent,Enterosgel,General Merchandise,295,In stock,In stock (fast),2,1479,https://www.takealot.com/enterosgel-intestinal-adsorbent/PLID68749591,https://media.takealot.com/covers_images/b732b30826c44255825b0d45e5bde7f8/s-pdpxl.file
94703935,Office Chair - Swivel PU Leather,,Home & Kitchen,4295,,No live offer,10,1132,https://www.takealot.com/office-chair-swivel-pu-leather/PLID94703935,https://media.takealot.com/covers_images/46972f9ee73141a1b22742ee9a40ca55/s-pdpxl.file
71781822,Massage Gun S3 Plus - Professional Percussion,,Beauty & Health,399,In stock,In stock (fast),5,763,https://www.takealot.com/massage-gun-s3-plus-professional-percussion/PLID71781822,https://media.takealot.com/covers_images/b558bc3ce7b94013858448604916bd54/s-pdpxl.file
92800208,Reclining Office Chair With Head and Arm Rest - Black,,Home & Kitchen,2595,Ships in 5 - 7 work days,Lead time (imported),4,1090,https://www.takealot.com/reclining-office-chair-with-head-and-arm-rest-black/PLID92800208,https://media.takealot.com/covers_images/018caab362bf4be1affe977fa287f4ca/s-pdpxl.file
90084355,Educational Multi Functional Writing Board,,Pet Supplies,181,In stock,In stock (fast),3,1457,https://www.takealot.com/educational-multi-functional-writing-board/PLID90084355,https://media.takealot.com/covers_images/9fe2662882bb46abacf1712b3d676a9a/s-pdpxl.file
102119899,Melodica Keyboard 32 Key with Mouthpiece Bag,,Electronics,567,Ships in 14 - 16 work days,Lead time (imported),5,1136,https://www.takealot.com/melodica-keyboard-32-key-with-mouthpiece-bag/PLID102119899,https://media.takealot.com/covers_images/937ea59daf7b481a96dab7c93983794e/s-pdpxl.file
91292378,Float Valve Ball Brass 300mm 12mm,,Sport & Outdoor,2163,Ships in 4 - 6 work days,Lead time (imported),1,89,https://www.takealot.com/float-valve-ball-brass-300mm-12mm/PLID91292378,https://media.takealot.com/covers_images/9e45965386234ce6bc1aac9d4f8171bb/s-pdpxl.file
100975954,Plastic Loot Gift Favor Bags for Parties - Celebrate in Style! - Pack of 30,,Fashion,109,In stock,In stock (fast),9,2884,https://www.takealot.com/plastic-loot-gift-favor-bags-for-parties-celebrate-in-style-pack/PLID100975954,https://media.takealot.com/covers_images/df3a306bdb74406aa63a71674d0c3ce0/s-pdpxl.file
72989329,Round White Table With 4 Chairs,,Home & Kitchen,2794,Ships in 5 - 7 work days,Lead time (imported),1,1667,https://www.takealot.com/round-white-table-with-4-chairs/PLID72989329,https://media.takealot.com/covers_images/dc014cdc29194c95b461e90f6b5a2841/s-pdpxl.file
101259429,"Minimalist Laptop Handbag, Shockproof & Waterproof Portable Sleeve(Khaki)",,Electronics,436,Ships in 14 - 16 work days,Lead time (imported),5,1504,https://www.takealot.com/minimalist-laptop-handbag-shockproof-waterproof-portable-sleeve-/PLID101259429,https://media.takealot.com/covers_images/8c51440de89746c1b3c688a5f99aefb4/s-pdpxl.file
98254606,Digimark 10 Bars /5 Sides Electric Heater DGM-Qhs10,Digimark,General Merchandise,539,,No live offer,2,255,https://www.takealot.com/digimark-10-bars-5-sides-electric-heater-dgm-qhs10/PLID98254606,https://media.takealot.com/covers_images/4c9f06c635c7433b912c065e416445ef/s-pdpxl.file
94445911,2-Piece Adjustable Height Mesh Swivel Revolving Mesh Computer Chairs -A2308,,Home & Kitchen,6895,Ships in 5 - 7 work days,Lead time (imported),6,2074,https://www.takealot.com/2-piece-adjustable-height-mesh-swivel-revolving-mesh-computer-ch/PLID94445911,https://media.takealot.com/covers_images/4fba5b938bf141a9a069029358d28afe/s-pdpxl.file
98512417,APC UPS Network Management Card 3,APC,General Merchandise,5364,Ships in 5 - 7 work days,Lead time (imported),5,1547,https://www.takealot.com/apc-ups-network-management-card-3/PLID98512417,https://media.takealot.com/covers_images/103f26de597d47a598e4ea47d3bde982/s-pdpxl.file
100198255,Fridge Locks with Key 2 Pack Strong Adhesive Child Safety Locks,,General Merchandise,368,Ships in 14 - 16 work days,Lead time (imported),7,787,https://www.takealot.com/fridge-locks-with-key-2-pack-strong-adhesive-child-safety-locks/PLID100198255,https://media.takealot.com/covers_images/c9122ba3329646298a7dba371e000844/s-pdpxl.file
93172545,7-Piece King Comforter Set - Modern Stylish Print,,General Merchandise,543,,No live offer,5,548,https://www.takealot.com/7-piece-king-comforter-set-modern-stylish-print/PLID93172545,https://media.takealot.com/covers_images/dd43dfa9cd574ff4a01a19b1ec1f1b63/s-pdpxl.file
97510153,3 Round Holes Non-Stick Coating Eggs Frying Pan,,Home & Kitchen,509,Ships in 4 - 6 work days,Lead time (imported),5,1090,https://www.takealot.com/3-round-holes-non-stick-coating-eggs-frying-pan/PLID97510153,https://media.takealot.com/covers_images/9d563b4eb8bc4d0aa59aaa6e1a31aaf0/s-pdpxl.file
98308785,"Dell 32 Plus S3225QS 31.5"" | 3840x2160 @ 120Hz | UHD 4K VA LED Monitor",Dell,Electronics,8529,Ships in 4 - 6 work days,Lead time (imported),5,4049,https://www.takealot.com/dell-32-plus-s3225qs-31-5-3840x2160-120hz-uhd-4k-va-led-monitor/PLID98308785,https://media.takealot.com/covers_images/d916d6bb7ded46798ead5456fe7892a4/s-pdpxl.file
100229698,RF POWER 100W UHF Type PL259 Male Connector 50 Ohm DC-1GHz Dummy Load Plug,,General Merchandise,913,Ships in 14 - 16 work days,Lead time (imported),5,558,https://www.takealot.com/rf-power-100w-uhf-type-pl259-male-connector-50-ohm-dc-1ghz-dummy/PLID100229698,https://media.takealot.com/covers_images/2e10accafd6f4b1caecb3c86c56f05ab/s-pdpxl.file
91666667,Luxurious Black 2 in 1 Table,,Home & Kitchen,2595,Ships in 5 - 7 work days,Lead time (imported),2,766,https://www.takealot.com/luxurious-black-2-in-1-table/PLID91666667,https://media.takealot.com/covers_images/b2d894f8cda84114bb2562443f247582/s-pdpxl.file
101352344,"140KG 12V Linear Actuator, 100mm Stroke Electric Motor",,Automotive,1773,Ships in 14 - 16 work days,Lead time (imported),5,1713,https://www.takealot.com/140kg-12v-linear-actuator-100mm-stroke-electric-motor/PLID101352344,https://media.takealot.com/covers_images/2e2b56b9a80248e1997326ea454498fc/s-pdpxl.file
102119903,Melodica Wind Instrument 37 Key for Beginner Training,,General Merchandise,538,Ships in 14 - 16 work days,Lead time (imported),5,703,https://www.takealot.com/melodica-wind-instrument-37-key-for-beginner-training/PLID102119903,https://media.takealot.com/covers_images/ad0a405583774fb5af9571ed178d6939/s-pdpxl.file
90146279,"Readymade Curtain Lace (Voile, Taped, DW Trees )",,Home & Kitchen,129,,No live offer,4,559,https://www.takealot.com/readymade-curtain-lace-voile-taped-dw-trees/PLID90146279,https://media.takealot.com/covers_images/e42bd044dc684dfcbfdc1abcea763bc5/s-pdpxl.file
95240062,Guitar Wall Mount Guitar Hangers V-Shaped Guitar Stand,,General Merchandise,249,In stock,In stock (fast),3,1641,https://www.takealot.com/guitar-wall-mount-guitar-hangers-v-shaped-guitar-stand/PLID95240062,https://media.takealot.com/covers_images/eada38253b4a4a8dbf6c89ba6487cd70/s-pdpxl.file
101270418,For ILIFE A6 A4 A4s Robot: Rechargeable Battery & Side Brush Kit,,General Merchandise,416,Ships in 14 - 16 work days,Lead time (imported),5,1035,https://www.takealot.com/for-ilife-a6-a4-a4s-robot-rechargeable-battery-side-brush-kit/PLID101270418,https://media.takealot.com/covers_images/d1b45cc45fb047ae902da58aabd9eda9/s-pdpxl.file
94493914,Modern Mesh Visitor Office Chair D2308,,Home & Kitchen,3295,Ships in 5 - 7 work days,Lead time (imported),3,1593,https://www.takealot.com/modern-mesh-visitor-office-chair-d2308/PLID94493914,https://media.takealot.com/covers_images/98bb452fb9a04c0d82ef4c28b999bdda/s-pdpxl.file
91709519,KZ EDX Pro Dual Magnetic Dynamic In-Ear Monitors – No Mic – Transparent,KZ,Electronics,289,,No live offer,10,1354,https://www.takealot.com/kz-edx-pro-dual-magnetic-dynamic-in-ear-monitors-no-mic-transpar/PLID91709519,https://media.takealot.com/covers_images/6c937024d9ca4206a00a0906308f9f79/s-pdpxl.file
101513906,Ultralight Fully Automatic UPF50+ Black Vinyl Gradient Folding Umbrella,,Home & Kitchen,375,Ships in 14 - 16 work days,Lead time (imported),5,1373,https://www.takealot.com/ultralight-fully-automatic-upf50-black-vinyl-gradient-folding-um/PLID101513906,https://media.takealot.com/covers_images/8a362a92ed14492ba93d7ebc9c4793ba/s-pdpxl.file
92680142,Plastic Modern Counter Stools with Backrest and Armless Natural Legs Wood,,Tools & DIY,1228,,No live offer,29,371,https://www.takealot.com/plastic-modern-counter-stools-with-backrest-and-armless-natural-/PLID92680142,https://media.takealot.com/covers_images/e852eb79aba148adadf5910648c847eb/s-pdpxl.file
100939270,"LORGAR MSA10W, Wireless Gaming Mouse Advanced, black",Lorgar,Electronics,647,Ships in 5 - 7 work days,Lead time (imported),5,2461,https://www.takealot.com/lorgar-msa10w-wireless-gaming-mouse-advanced-black/PLID100939270,https://media.takealot.com/covers_images/2282d77f3d374947b0311c5f5883c565/s-pdpxl.file
91496234,Fender Flare Set - Compatible with Toyota Hilux 2021 and Newer,,Toys & Games,4500,Ships in 4 - 6 work days,Lead time (imported),1,92,https://www.takealot.com/fender-flare-set-compatible-with-toyota-hilux-2021-and-newer/PLID91496234,https://media.takealot.com/covers_images/63ad73269ed6439db6bf726ee3ef936c/s-pdpxl.file
91294590,K-Brand - Bush Galv Reducing 65X25mm,K-BRAND,General Merchandise,152,Ships in 4 - 6 work days,Lead time (imported),1,95,https://www.takealot.com/k-brand-bush-galv-reducing-65x25mm/PLID91294590,https://media.takealot.com/covers_images/ce25c5ffb766457fadfa5763f6c7de76/s-pdpxl.file
90448049,Modern 5 Piece Dining Table & Wooden Leg Chair Set,,Home & Kitchen,3595,Ships in 5 - 7 work days,Lead time (imported),1,269,https://www.takealot.com/modern-5-piece-dining-table-wooden-leg-chair-set/PLID90448049,https://media.takealot.com/covers_images/caa114c6c26146d4a1582ec32084ebff/s-pdpxl.file
90005422,Wooden Leg - Four Pack - Grey Colour,,General Merchandise,1094,Ships in 5 - 7 work days,Lead time (imported),1,701,https://www.takealot.com/wooden-leg-four-pack-grey-colour/PLID90005422,https://media.takealot.com/covers_images/20031c22b7f84139a899bfbe2adfab11/s-pdpxl.file
97129465,Cat Dog Shoes Anti-Slip Dogs Boots & Paw Protector for Winter Snowy Day,,Fashion,245,,No live offer,6,1598,https://www.takealot.com/cat-dog-shoes-anti-slip-dogs-boots-paw-protector-for-winter-snow/PLID97129465,https://media.takealot.com/covers_images/ee855d17d5d84ad7b6739a8d0e2a14d4/s-pdpxl.file
100784037,HDMI Wireless Transmitter and Receiver Cable Full 1080P High Definition,,Electronics,989,In stock,In stock (fast),9,1408,https://www.takealot.com/hdmi-wireless-transmitter-and-receiver-cable-full-1080p-high-def/PLID100784037,https://media.takealot.com/covers_images/d2f0121c710f4acaa97a67f84f17ae2a/s-pdpxl.file
95397077,3-Piece Travel 27-Inch Luggage Suitcase Bag Set - Stylish,GAILY,Fashion,1249,,No live offer,54,1161,https://www.takealot.com/3-piece-travel-27-inch-luggage-suitcase-bag-set-stylish/PLID95397077,https://media.takealot.com/covers_images/f7b9ca497ac74d759e73fa380c34ddb4/s-pdpxl.file
101915112,Steel Unloader Valve Heavy Duty for Komatsu,,General Merchandise,710,Ships in 14 - 16 work days,Lead time (imported),5,832,https://www.takealot.com/steel-unloader-valve-heavy-duty-for-komatsu/PLID101915112,https://media.takealot.com/covers_images/28c21b3c9025428c9661beff64f02bce/s-pdpxl.file
102111060,Embossed Leather Notebook 208 Pages for Office,,Stationery & Office,467,Ships in 14 - 16 work days,Lead time (imported),5,826,https://www.takealot.com/embossed-leather-notebook-208-pages-for-office/PLID102111060,https://media.takealot.com/covers_images/3ee7f2d6a2b54d40be2918c2fc0a6d19/s-pdpxl.file
96626554,Gizzu Hero Ultra Plus 3840Wh UPS Power Station,Gizzu,General Merchandise,28008,Ships in 5 - 7 work days,Lead time (imported),5,5415,https://www.takealot.com/gizzu-hero-ultra-plus-3840wh-ups-power-station/PLID96626554,https://media.takealot.com/covers_images/d984a2921a9a426cac7fba0ef9aebc81/s-pdpxl.file
92495373,3-Piece Luxuries Velvet Comforter Set - 053,,General Merchandise,797,,No live offer,9,133,https://www.takealot.com/3-piece-luxuries-velvet-comforter-set-053/PLID92495373,https://media.takealot.com/covers_images/0f812902f4254c319fe0f3de30b1bbd0/s-pdpxl.file
95497756,Luggage Roof Rack Crossbar - JG120 - 120cm,,General Merchandise,999,Ships in 3 - 5 work days,Lead time (imported),5,2190,https://www.takealot.com/luggage-roof-rack-crossbar-jg120-120cm/PLID95497756,https://media.takealot.com/covers_images/a602fd280df74b13acd62839e4e082bd/s-pdpxl.file
100751298,2 Pack - Wooden Moon Comb - Brown,,General Merchandise,243,Ships in 14 - 16 work days,Lead time (imported),5,1060,https://www.takealot.com/2-pack-wooden-moon-comb-brown/PLID100751298,https://media.takealot.com/covers_images/01bc7fc619934909b65203649eb6fdf1/s-pdpxl.file
72051277,Trolley 3 Piece Travel Luggage Spinner - Fabric,,General Merchandise,1499,,No live offer,22,1181,https://www.takealot.com/trolley-3-piece-travel-luggage-spinner-fabric/PLID72051277,https://media.takealot.com/covers_images/c805d5b415ea453a9addf9b5184c2d84/s-pdpxl.file
91013585,628-4X4 Cylinder Air Compressor,,General Merchandise,383,In stock,In stock (fast),3,660,https://www.takealot.com/628-4x4-cylinder-air-compressor/PLID91013585,https://media.takealot.com/covers_images/ba5d1927966c443ea80fde000a299333/s-pdpxl.file
90159223,3 Pieces Velvet Fitted Sheet Queen Size with 2 Pillow Cases,,General Merchandise,263,,No live offer,12,941,https://www.takealot.com/3-pieces-velvet-fitted-sheet-queen-size-with-2-pillow-cases/PLID90159223,https://media.takealot.com/covers_images/3270300a51b84b41aafcc0b1b6ab9d57/s-pdpxl.file
98499225,Alienware 27 4K QD-OLED Gaming Monitor - AW2725Q,Alienware,Electronics,18460,Ships in 4 - 6 work days,Lead time (imported),6,716,https://www.takealot.com/alienware-27-4k-qd-oled-gaming-monitor-aw2725q/PLID98499225,https://media.takealot.com/covers_images/4d6dfee49fad4e87976af990936b9122/s-pdpxl.file
93333487,Anti-Theft Backpack Women's Ladies Fashion Leisure Travel Backpack Quality,,Sport & Outdoor,572,,No live offer,19,599,https://www.takealot.com/anti-theft-backpack-women-s-ladies-fashion-leisure-travel-backpa/PLID93333487,https://media.takealot.com/covers_images/0cc63c8093f74e18a461c333c822d54b/s-pdpxl.file
92090250,Sneaker or Shoe Crease Protector Pair,,Fashion,129,,No live offer,3,464,https://www.takealot.com/sneaker-or-shoe-crease-protector-pair/PLID92090250,https://media.takealot.com/covers_images/eafe3e3467a14543bcf5b9f5f7350c4a/s-pdpxl.file
101816348,25W Foldable Solar Panel Bag for Laptops & Car Batteries,,Electronics,520,Ships in 14 - 16 work days,Lead time (imported),5,781,https://www.takealot.com/25w-foldable-solar-panel-bag-for-laptops-car-batteries/PLID101816348,https://media.takealot.com/covers_images/cd51d58c98a34a7f8aae6f0a2a16cd7d/s-pdpxl.file
102108835,Metal Guiro Scraper Stainless Steel,,General Merchandise,604,Ships in 14 - 16 work days,Lead time (imported),5,1539,https://www.takealot.com/metal-guiro-scraper-stainless-steel/PLID102108835,https://media.takealot.com/covers_images/c9ea21539c1d4324b783f377b8b83f04/s-pdpxl.file
90424855,Fluffy Carpet - Shaggy Rug Sky blue,,Pet Supplies,253,Ships in 4 - 6 work days,Lead time (imported),1,584,https://www.takealot.com/fluffy-carpet-shaggy-rug-sky-blue/PLID90424855,https://media.takealot.com/covers_images/ea881f664b734f88b110ac1c4d8a5824/s-pdpxl.file
101043227,1200 Pcs Hot Stapler Staples for Plastic Welder Compatible with Universal,,Stationery & Office,383,Ships in 14 - 16 work days,Lead time (imported),9,1187,https://www.takealot.com/1200-pcs-hot-stapler-staples-for-plastic-welder-compatible-with-/PLID101043227,https://media.takealot.com/covers_images/f753bf4d3197493c9de60201e3919700/s-pdpxl.file
95908025,Double Sleeping Bag Adult Outdoor Camping Tent Cold Resistant,,Sport & Outdoor,626,,No live offer,7,1030,https://www.takealot.com/double-sleeping-bag-adult-outdoor-camping-tent-cold-resistant/PLID95908025,https://media.takealot.com/covers_images/2d7e1de9f21e4aecac470ce8228549cc/s-pdpxl.file
98115088,Double Layer Butterfly Hair Clips Lace Embroidery Butterfly Hair Pins - 8 Piece,,Beauty & Health,337,,No live offer,43,771,https://www.takealot.com/double-layer-butterfly-hair-clips-lace-embroidery-butterfly-hair/PLID98115088,https://media.takealot.com/covers_images/bd70a9e85d414d439c587d03afe2c859/s-pdpxl.file
96482731,Summer Pop Out Silicone Ice Tray (4 Pack),,General Merchandise,198,Ships in 5 - 7 work days,Lead time (imported),5,431,https://www.takealot.com/summer-pop-out-silicone-ice-tray-4-pack/PLID96482731,https://media.takealot.com/covers_images/8dbb1c50384b4edfac39b53f6430130c/s-pdpxl.file
68137239,3 Piece Mooistar 28 inch Travel Luggage Suitcase Bag Set,Mooistar,Fashion,1499,,No live offer,45,1191,https://www.takealot.com/3-piece-mooistar-28-inch-travel-luggage-suitcase-bag-set/PLID68137239,https://media.takealot.com/covers_images/335a41446f704bbd9d90ae06f1dbd803/s-pdpxl.file
99817533,"Sea Moss Gel Variety Pack| Smooth, Fruity & Naturally Sweetened| 3x 375ml",Neogenesis Health,General Merchandise,450,In stock,In stock (fast),7,1379,https://www.takealot.com/sea-moss-gel-variety-pack-smooth-fruity-naturally-sweetened-3x-3/PLID99817533,https://media.takealot.com/covers_images/bde1a34da6064e6598133ebfad6d677c/s-pdpxl.file
93898573,iCUE LINK QX120 RGB 120mm PWM PC Fan Expansion Kit,Corsair,Home & Kitchen,1358,Ships in 4 - 6 work days,Lead time (imported),2,1539,https://www.takealot.com/icue-link-qx120-rgb-120mm-pwm-pc-fan-expansion-kit/PLID93898573,https://media.takealot.com/covers_images/a86da7a5a7144f4a8518ed32b211e240/s-pdpxl.file
102204174,UV Nail Lamp 96 LED Chips for Gel Curing,,Home & Kitchen,1148,Ships in 14 - 16 work days,Lead time (imported),5,753,https://www.takealot.com/uv-nail-lamp-96-led-chips-for-gel-curing/PLID102204174,https://media.takealot.com/covers_images/f80d3a2f5d10406094c919b1fc27c42d/s-pdpxl.file
96383248,"15-16"" Commuter EcoSmart Backpack - Black",Targus,Sport & Outdoor,1601,Ships in 4 - 6 work days,Lead time (imported),5,852,https://www.takealot.com/15-16-commuter-ecosmart-backpack-black/PLID96383248,https://media.takealot.com/covers_images/4293ecc7036c466db471a88da84eaf13/s-pdpxl.file
101550057,24V DC Planetary Gear Motor High Torsion CW CCW for DIY Generator,,Automotive,899,Ships in 14 - 16 work days,Lead time (imported),5,865,https://www.takealot.com/24v-dc-planetary-gear-motor-high-torsion-cw-ccw-for-diy-generato/PLID101550057,https://media.takealot.com/covers_images/bd0c3d6cb738424b821b730d6ae36ce3/s-pdpxl.file
100598129,"No-Glue False Eyelashes - Easy 3-Step Application, Natural Look",,Pet Supplies,279,,No live offer,9,325,https://www.takealot.com/no-glue-false-eyelashes-easy-3-step-application-natural-look/PLID100598129,https://media.takealot.com/covers_images/d85fd975d92b47ceaccb6fc8373b2dbe/s-pdpxl.file
68581508,PepperSt Men's White T-Shirt - Black Scorpion,,Fashion,240,,No live offer,2,480,https://www.takealot.com/pepperst-men-s-white-t-shirt-black-scorpion/PLID68581508,https://media.takealot.com/covers_images/66208187a2324d978802586a6ec794f3/s-pdpxl.file
102006175,Metal Shell XLR to Microphone Adapter High Fidelity Audio Plug,,Electronics,344,Ships in 14 - 16 work days,Lead time (imported),9,792,https://www.takealot.com/metal-shell-xlr-to-microphone-adapter-high-fidelity-audio-plug/PLID102006175,https://media.takealot.com/covers_images/0a14117bcdf54b6cbd3845af9ed0d7c7/s-pdpxl.file
91027899,Round Metal Steel Mesh Pen Stand Holder - Black,,Stationery & Office,57,In stock,In stock (fast),3,469,https://www.takealot.com/round-metal-steel-mesh-pen-stand-holder-black/PLID91027899,https://media.takealot.com/covers_images/b08cade361cf4d0891c53e439d55b3ee/s-pdpxl.file
102108789,Tabletop Chimes Musical Toy for Kids Percussion Learning,,Toys & Games,412,Ships in 14 - 16 work days,Lead time (imported),5,1391,https://www.takealot.com/tabletop-chimes-musical-toy-for-kids-percussion-learning/PLID102108789,https://media.takealot.com/covers_images/5f54f7e580f0412d86347f44f387f6b6/s-pdpxl.file
99582478,French Baroque Colored Brooch Fashion Jewelry Gift for Women Stylish,,General Merchandise,214,Ships in 14 - 16 work days,Lead time (imported),5,443,https://www.takealot.com/french-baroque-colored-brooch-fashion-jewelry-gift-for-women-sty/PLID99582478,https://media.takealot.com/covers_images/5c1355f1ee2e41f88bb26a4e017e7df2/s-pdpxl.file
92802574,Cricut Smart Iron-on 33x91cm 1-sheet Glitter White 2009061,Cricut,Home & Kitchen,492,Ships in 4 - 6 work days,Lead time (imported),2,936,https://www.takealot.com/cricut-smart-iron-on-33x91cm-1-sheet-glitter-white-2009061/PLID92802574,https://media.takealot.com/covers_images/e4e11b9579324f6db1295aeb21560169/s-pdpxl.file
69485868,Dining and Workplace Table (80×80 cm),Infinity Homeware,Home & Kitchen,2789,Ships in 3 - 5 work days,Lead time (imported),6,455,https://www.takealot.com/dining-and-workplace-table-80-80-cm/PLID69485868,https://media.takealot.com/covers_images/fc530cd41bb2450aaa467f954afcbe66/s-pdpxl.file
95931032,"Teal Blue Polypropylene Luggage Set - 3 PCS, Hard Shell with Spinner Wheels",GAILY,General Merchandise,3500,In stock,In stock (fast),6,2500,https://www.takealot.com/teal-blue-polypropylene-luggage-set-3-pcs-hard-shell-with-spinne/PLID95931032,https://media.takealot.com/covers_images/aa09b727c90e487ba21609127e7aaf0a/s-pdpxl.file
98499168,Chef Egg Poacher With Lid Stainless Steel,,General Merchandise,743,In stock,In stock (fast),3,1022,https://www.takealot.com/chef-egg-poacher-with-lid-stainless-steel/PLID98499168,https://media.takealot.com/covers_images/5bf29fe494604fae80e968a138cdf779/s-pdpxl.file
73067865,3 Piece Hard Outer Shell Luggage Set - Green,,General Merchandise,1499,Ships in 5 - 7 work days,Lead time (imported),5,1106,https://www.takealot.com/3-piece-hard-outer-shell-luggage-set-green/PLID73067865,https://media.takealot.com/covers_images/47305621550c46cfa9d9e182b2379b50/s-pdpxl.file
101938369,Pink Cherry Blossom Transparent Folding Umbrella Sunshade Umbrella,,Stationery & Office,348,Ships in 14 - 16 work days,Lead time (imported),5,738,https://www.takealot.com/pink-cherry-blossom-transparent-folding-umbrella-sunshade-umbrel/PLID101938369,https://media.takealot.com/covers_images/f85af036bf3f4997aa673235720cc33f/s-pdpxl.file
101502808,Steel Insulated Drink Dispenser Portable Hot Cold for Milk Tea White,,Stationery & Office,1323,Ships in 14 - 16 work days,Lead time (imported),5,1168,https://www.takealot.com/steel-insulated-drink-dispenser-portable-hot-cold-for-milk-tea-w/PLID101502808,https://media.takealot.com/covers_images/f4deae7947cf41689c5a38f6cebd81bb/s-pdpxl.file
99465697,Cute Rabbit Teacup,,Home & Kitchen,277,Ships in 14 - 16 work days,Lead time (imported),5,437,https://www.takealot.com/cute-rabbit-teacup/PLID99465697,https://media.takealot.com/covers_images/61abc0d9d7c545f2be69743e2f77b01a/s-pdpxl.file
94873282,"Luxurious Comfort Standard Pillow - Sleep Better, Live Better Set of 2",,General Merchandise,240,Supplier out of stock,Other,2,464,https://www.takealot.com/luxurious-comfort-standard-pillow-sleep-better-live-better-set-o/PLID94873282,https://media.takealot.com/covers_images/bde5010ad36e4749b43b2e0c3f395921/s-pdpxl.file
95440146,3 Piece Travel 27-Inch Luggage Suitcase Bag Set - Stylish,TOUGH,Fashion,1199,,No live offer,60,1161,https://www.takealot.com/3-piece-travel-27-inch-luggage-suitcase-bag-set-stylish/PLID95440146,https://media.takealot.com/covers_images/b7c30f52065f464891d12315caf04b83/s-pdpxl.file
54637872,3 Piece Hard Outer Shell Luggage Set - Brown,,General Merchandise,1699,Ships in 5 - 7 work days,Lead time (imported),4,1077,https://www.takealot.com/3-piece-hard-outer-shell-luggage-set-brown/PLID54637872,https://media.takealot.com/covers_tsins/57690153/57690153-1-pdpxl.jpeg
53023521,Tork Craft Blade TCT 235 x 40T 30/16 General Purpose Combination,Tork Craft,General Merchandise,289,Ships in 5 - 7 work days,Lead time (imported),1,129,https://www.takealot.com/tork-craft-blade-tct-235-x-40t-30-16-general-purpose-combination/PLID53023521,https://media.takealot.com/covers_tsins/56000596/56000596-1-pdpxl.jpeg
91294594,K-Brand - Union - Galv Conical 50mm,K-BRAND,General Merchandise,262,Ships in 4 - 6 work days,Lead time (imported),1,93,https://www.takealot.com/k-brand-union-galv-conical-50mm/PLID91294594,https://media.takealot.com/covers_images/e11beec073d94627a92fb98d94935779/s-pdpxl.file
99211507,"LG UltraFine 27 4K UHD IPS Monitor with USB-C, incl Speakers",LG,Electronics,9159,Ships in 4 - 6 work days,Lead time (imported),5,2625,https://www.takealot.com/lg-ultrafine-27-4k-uhd-ips-monitor-with-usb-c-incl-speakers/PLID99211507,https://media.takealot.com/covers_images/d3b6db2cbf904b5095b33fe5696c9443/s-pdpxl.file
100983627,Soft Silicone Phone Case Compatible With Samsung Galaxy S24,,Electronics,297,,No live offer,25,1052,https://www.takealot.com/soft-silicone-phone-case-compatible-with-samsung-galaxy-s24/PLID100983627,https://media.takealot.com/covers_images/1597e524bbf0466d82c42a3d0479af84/s-pdpxl.file
102119907,Wind Instrument 32 Keys Melodica for Beginner,,General Merchandise,524,Ships in 14 - 16 work days,Lead time (imported),5,447,https://www.takealot.com/wind-instrument-32-keys-melodica-for-beginner/PLID102119907,https://media.takealot.com/covers_images/e9ababfc7b84410296306c3d97f70f45/s-pdpxl.file
100780464,Ignition Coil for Santa Fe V6 2.7L 2001-2006 Compatible with Hyundai,,General Merchandise,1563,Ships in 14 - 16 work days,Lead time (imported),9,897,https://www.takealot.com/ignition-coil-for-santa-fe-v6-2-7l-2001-2006-compatible-with-hyu/PLID100780464,https://media.takealot.com/covers_images/3e704728143e4227b089f7b5f679a0dd/s-pdpxl.file
102006140,Desktop Microphone Holder Base Mic Clamp Compatible With Clip Mic Arm,,Electronics,557,Ships in 14 - 16 work days,Lead time (imported),9,884,https://www.takealot.com/desktop-microphone-holder-base-mic-clamp-compatible-with-clip-mi/PLID102006140,https://media.takealot.com/covers_images/cd25aa651dd24634b1d35e88e8c1f6f7/s-pdpxl.file
100051983,LXD-Large Family Tent,,Sport & Outdoor,6846,Ships in 5 - 7 work days,Lead time (imported),3,332,https://www.takealot.com/lxd-large-family-tent/PLID100051983,https://media.takealot.com/covers_images/f8cf6ef30d7e4d95a20c6068da29a952/s-pdpxl.file
95116800,Virgin Brazilian Human Hair-Glueless Waterwave Full Frontal Wig 12inch,,Beauty & Health,550,Ships in 4 - 6 work days,Lead time (imported),11,922,https://www.takealot.com/virgin-brazilian-human-hair-glueless-waterwave-full-frontal-wig-/PLID95116800,https://media.takealot.com/covers_images/b42e3fb7b9bd4aa9afb743dc73b687b6/s-pdpxl.file
102121491,Camping Stove and Cookware Set for Backpacking,,Sport & Outdoor,519,Ships in 14 - 16 work days,Lead time (imported),10,787,https://www.takealot.com/camping-stove-and-cookware-set-for-backpacking/PLID102121491,https://media.takealot.com/covers_images/59acd84c61104800acbf4763e68940ce/s-pdpxl.file
91294606,K-Brand - Bend Galv F/F 90Deg 40mm,,General Merchandise,180,Ships in 4 - 6 work days,Lead time (imported),1,91,https://www.takealot.com/k-brand-bend-galv-f-f-90deg-40mm/PLID91294606,https://media.takealot.com/covers_images/0287402ceb834e96b3be468376ad3308/s-pdpxl.file
99420873,Diamond Flip Magnetic Phone Case Compatible with Oppo Reno12 Pro 5G,,Electronics,233,,No live offer,30,314,https://www.takealot.com/diamond-flip-magnetic-phone-case-compatible-with-oppo-reno12-pro/PLID99420873,https://media.takealot.com/covers_images/d892997f55554d8d874dc0ed4161bed2/s-pdpxl.file
99681900,Embroidered New Chinese Style Small Round Bag,,Fashion,361,,No live offer,26,401,https://www.takealot.com/embroidered-new-chinese-style-small-round-bag/PLID99681900,https://media.takealot.com/covers_images/32db7d83d6534cc396975a70f79eb0a8/s-pdpxl.file
101828910,Transparent Parakeet Nesting Box Natural Wood Bird House,,Pet Supplies,2057,Ships in 14 - 16 work days,Lead time (imported),8,714,https://www.takealot.com/transparent-parakeet-nesting-box-natural-wood-bird-house/PLID101828910,https://media.takealot.com/covers_images/2200c432fa9f4fb2892fccde81e0d489/s-pdpxl.file
100274358,PG-9186 4-in-1 Charger for Joycon,,Electronics,398,Ships in 14 - 16 work days,Lead time (imported),5,894,https://www.takealot.com/pg-9186-4-in-1-charger-for-joycon/PLID100274358,https://media.takealot.com/covers_images/2574cda63a1845358c34ba5b5f3ce4ab/s-pdpxl.file
94754452,Flush Pipe Connector Rubber Bung 1Pk Prepack,,General Merchandise,110,Ships in 5 - 7 work days,Lead time (imported),1,94,https://www.takealot.com/flush-pipe-connector-rubber-bung-1pk-prepack/PLID94754452,https://media.takealot.com/covers_images/962897eb070440f9896983e12ec179b7/s-pdpxl.file
97962373,Smart Robot Vacuum Cleaner 3 in 1 Sweep Vacuum Mop &1800Pa Suction,,Home & Kitchen,1178,Ships in 14 - 16 work days,Lead time (imported),12,1470,https://www.takealot.com/smart-robot-vacuum-cleaner-3-in-1-sweep-vacuum-mop-1800pa-suctio/PLID97962373,https://media.takealot.com/covers_images/d77ddc8fb9214eae9ef577fbae5a0add/s-pdpxl.file
102144943,"Acer TravelMate P214 Core 7 150U 16GB 512GB 14"" WUXGA LTE Win11 Pro",Acer,General Merchandise,29699,Ships in 4 - 6 work days,Lead time (imported),5,299,https://www.takealot.com/acer-travelmate-p214-core-7-150u-16gb-512gb-14-wuxga-lte-win11-p/PLID102144943,https://media.takealot.com/covers_images/ff8c79358d0847a5b924bbcb4f0515d7/s-pdpxl.file
90867960,75cm Modern Eames Design Multipurpose Round Dining Table,,Home & Kitchen,1395,,No live offer,9,679,https://www.takealot.com/75cm-modern-eames-design-multipurpose-round-dining-table/PLID90867960,https://media.takealot.com/covers_images/d408d89217914033979fa3a1f692cf21/s-pdpxl.file
100984975,"WiFi Dual Lens Camera, 4K 64MP, 3"" Screen, 18x Zoom, 1450mAh",,Electronics,1709,Ships in 14 - 16 work days,Lead time (imported),5,2579,https://www.takealot.com/wifi-dual-lens-camera-4k-64mp-3-screen-18x-zoom-1450mah/PLID100984975,https://media.takealot.com/covers_images/dfa3f06104ba4f76903ffa14ee0e763c/s-pdpxl.file
101255615,"Hearing Amplifier Rechargeable for Elderly, HD Sound & Noise Reduction",,General Merchandise,1268,,No live offer,13,941,https://www.takealot.com/hearing-amplifier-rechargeable-for-elderly-hd-sound-noise-reduct/PLID101255615,https://media.takealot.com/covers_images/3094e15c9a714540a4ab544d2ed32f29/s-pdpxl.file
101832479,Corsair FRAME 5000D RS ARGB High-Airflow Mid-Tower PC Case,,General Merchandise,3599,Ships in 4 - 6 work days,Lead time (imported),5,1588,https://www.takealot.com/corsair-frame-5000d-rs-argb-high-airflow-mid-tower-pc-case/PLID101832479,https://media.takealot.com/covers_images/90b8fc1c33ad4d26adcc34742cc5ec22/s-pdpxl.file
94548307,Set of 6 - 10ml Essential Oil Pure Aroma Oil Air Humidifier,,General Merchandise,95,In stock,In stock (fast),1,633,https://www.takealot.com/set-of-6-10ml-essential-oil-pure-aroma-oil-air-humidifier/PLID94548307,https://media.takealot.com/covers_images/2196b8d3cb7c43f0ab565b53d7db075f/s-pdpxl.file
100609937,Lightweight Camping Chairs with Adjustable Height with Carry Bag,,Home & Kitchen,1150,,No live offer,14,1384,https://www.takealot.com/lightweight-camping-chairs-with-adjustable-height-with-carry-bag/PLID100609937,https://media.takealot.com/covers_images/00338e9c3455480bb43828a2fdb566d0/s-pdpxl.file
101538928,Creative Racing Car Keychain Gift Car Accessories Easy Install,,Automotive,298,Ships in 14 - 16 work days,Lead time (imported),5,253,https://www.takealot.com/creative-racing-car-keychain-gift-car-accessories-easy-install/PLID101538928,https://media.takealot.com/covers_images/0968310361ff4a9e8cc77d8cc0e5cb00/s-pdpxl.file
95684770,Villa Perfums- White Oud Ladies - 60ml,Villa Perfumes,General Merchandise,195,In stock,In stock (fast),2,513,https://www.takealot.com/villa-perfums-white-oud-ladies-60ml/PLID95684770,https://media.takealot.com/covers_images/e7270a9518554a23b9c72527a673ffec/s-pdpxl.file
91294602,K-Brand - Elbow Galv M/F 50mm,,General Merchandise,167,Ships in 4 - 6 work days,Lead time (imported),1,81,https://www.takealot.com/k-brand-elbow-galv-m-f-50mm/PLID91294602,https://media.takealot.com/covers_images/853c392c3095433ba3689aa65c1f5cd1/s-pdpxl.file
91224014,Kaufmann - Lock Cupboard 50mm Brass 2 Lever - 3 Pack,Kaufmann,Home & Kitchen,242,Ships in 4 - 6 work days,Lead time (imported),1,109,https://www.takealot.com/kaufmann-lock-cupboard-50mm-brass-2-lever-3-pack/PLID91224014,https://media.takealot.com/covers_images/fb09e64bb58a46ef99dbd69fb600152e/s-pdpxl.file
95930543,"3-Pieces Pink Polypropylene Hardshell Trolley Luggage Set , Spinner Wheels",GAILY,Stationery & Office,3500,Ships in 5 - 7 work days,Lead time (imported),5,2436,https://www.takealot.com/3-pieces-pink-polypropylene-hardshell-trolley-luggage-set-spinne/PLID95930543,https://media.takealot.com/covers_images/55d6655059d94bab8125a7d93cf67502/s-pdpxl.file
101398726,Professional Precision Billiard Rack Set - 8-Ball & 9-Ball Wood,,Sport & Outdoor,487,Ships in 14 - 16 work days,Lead time (imported),6,999,https://www.takealot.com/professional-precision-billiard-rack-set-8-ball-9-ball-wood/PLID101398726,https://media.takealot.com/covers_images/6b2ff86c56dc45618f6b72982ff59e8d/s-pdpxl.file
47195255,PORT Tablet & Smartphone Wireless Stylus Blue,Port Designs,Electronics,182,Ships in 4 - 6 work days,Lead time (imported),4,1786,https://www.takealot.com/port-tablet-stylus-blue-universal-touchscreen-pen/PLID47195255,https://media.takealot.com/covers_images/a456940f78214add8bd21e1e9830abab/s-pdpxl.file
91294603,K-Brand - Elbow Galv F/F 50mm,,General Merchandise,157,Ships in 4 - 6 work days,Lead time (imported),1,81,https://www.takealot.com/k-brand-elbow-galv-f-f-50mm/PLID91294603,https://media.takealot.com/covers_images/1da27628abc94c50acb767421c7208ec/s-pdpxl.file
30713621,SmartStraps - 70cm x 120cm Bungee X Cord - Yellow - 1 Per Pack,SmartStraps,General Merchandise,201,Ships in 4 - 6 work days,Lead time (imported),1,362,https://www.takealot.com/smartstraps-70cm-x-120cm-bungee-x-cord-yellow-1-per-pack/PLID30713621,https://media.takealot.com/covers/31999451/53832ff31e158-pdpxl.jpg
93482118,"Samsung Galaxy Tab S9 5G (X716) 11"" 256GB Tablet",Samsung,Electronics,17999,In stock,In stock (fast),5,1513,https://www.takealot.com/samsung-galaxy-tab-s9-5g-x716-11-256gb-tablet/PLID93482118,https://media.takealot.com/covers_images/ec925d30cd15433cb99d16a9f22c1857/s-pdpxl.file
100986128,Magnetic Silicone Slim Phone Case Compatible With Honor Magic 8 Pro,,Electronics,304,,No live offer,25,1015,https://www.takealot.com/magnetic-silicone-slim-phone-case-compatible-with-honor-magic-8-/PLID100986128,https://media.takealot.com/covers_images/ea2da2ef77f84befa9c563a6edfaa3f8/s-pdpxl.file
98510310,"9ct Gold Teddy Bear Stud, Kiddy Stud, School Stud With Silver Butterfly.",,General Merchandise,649,In stock,In stock (fast),5,830,https://www.takealot.com/9ct-gold-teddy-bear-stud-kiddy-stud-school-stud-with-silver-butt/PLID98510310,https://media.takealot.com/covers_images/9438c62eb6c14d708cce01675414beec/s-pdpxl.file
101357512,Desk Retro Calendar Blocks Desk Date Display Desk Decorations,,Home & Kitchen,768,Ships in 14 - 16 work days,Lead time (imported),6,834,https://www.takealot.com/desk-retro-calendar-blocks-desk-date-display-desk-decorations/PLID101357512,https://media.takealot.com/covers_images/c5ffca28ea9e4887882300beab48b6ff/s-pdpxl.file
91129915,Mop With Wooden Handle x 2,,General Merchandise,130,Supplier out of stock,Other,1,107,https://www.takealot.com/mop-with-wooden-handle-x-2/PLID91129915,https://media.takealot.com/covers_images/bca55c649ff74f608f14afde57a94301/s-pdpxl.file
91223862,Nexus - Janus Coupler Dbl Pvc 16A Black Pp - 3 Pack,Nexus,General Merchandise,175,Ships in 4 - 6 work days,Lead time (imported),1,107,https://www.takealot.com/nexus-janus-coupler-dbl-pvc-16a-black-pp-3-pack/PLID91223862,https://media.takealot.com/covers_images/e175eaa989de4a8c8e6a786ef1ba7fb3/s-pdpxl.file
100163721,Compatible with EDUP Mini 600Mbps Dual-Band USB WIFI Adapter,,Electronics,356,Ships in 14 - 16 work days,Lead time (imported),5,2677,https://www.takealot.com/compatible-with-edup-mini-600mbps-dual-band-usb-wifi-adapter/PLID100163721,https://media.takealot.com/covers_images/ec8635ebc26149359ce6493da1a5e6c3/s-pdpxl.file
101826540,Emergency Light Tube with USB Charging for Night Market Stalls,,Electronics,300,Ships in 14 - 16 work days,Lead time (imported),5,808,https://www.takealot.com/emergency-light-tube-with-usb-charging-for-night-market-stalls/PLID101826540,https://media.takealot.com/covers_images/17abcc82b340458fb21938e7d3ca1a29/s-pdpxl.file
90333371,Rainbow - Fleece Blanket 210x150cm - Warm Winter Throw,Rainbow Blankets,General Merchandise,218,,No live offer,16,829,https://www.takealot.com/rainbow-fleece-blanket-210x150cm-warm-winter-throw/PLID90333371,https://media.takealot.com/covers_images/943e6dd9dde749a7a84ab6f2152304e8/s-pdpxl.file
101193985,P9 Pro Max Over-Ear Headphones Wireless Bluetooth Headset HiFi Deep Bass,,Electronics,390,,No live offer,9,477,https://www.takealot.com/p9-pro-max-over-ear-headphones-wireless-bluetooth-headset-hifi-d/PLID101193985,https://media.takealot.com/covers_images/83ba8bf7c7874cb4a1ae2fc18a20ec30/s-pdpxl.file
98283945,BasicX 12V 7-Pin Trailer Plug and Socket Tester - Circuit Light Test Tool,,Home & Kitchen,358,In stock,In stock (fast),5,1919,https://www.takealot.com/basicx-12v-7-pin-trailer-plug-and-socket-tester-circuit-light-te/PLID98283945,https://media.takealot.com/covers_images/e4f1834ef4014c5b9906ed986cb4e842/s-pdpxl.file
101974039,Vintage European Golden Desk Lamp Ornament,,Home & Kitchen,472,Ships in 14 - 16 work days,Lead time (imported),5,512,https://www.takealot.com/vintage-european-golden-desk-lamp-ornament/PLID101974039,https://media.takealot.com/covers_images/d81645e263874f2c94588349cf6ffcbd/s-pdpxl.file
102111133,"6-Pack Ice Silk Women's Panties, Antibacterial Seamless Breathable Briefs",,Home & Kitchen,419,Ships in 14 - 16 work days,Lead time (imported),8,2600,https://www.takealot.com/6-pack-ice-silk-women-s-panties-antibacterial-seamless-breathabl/PLID102111133,https://media.takealot.com/covers_images/765caaaf54614890ba9fcdd2823c8bd7/s-pdpxl.file
102108784,Kalimba 17 Keys Finger Piano Set for Kids,,Toys & Games,386,Ships in 14 - 16 work days,Lead time (imported),5,824,https://www.takealot.com/kalimba-17-keys-finger-piano-set-for-kids/PLID102108784,https://media.takealot.com/covers_images/458451d09ff44a05b8b6b4c526a52b78/s-pdpxl.file
98559275,Slim Dedicated Vertical Stand Compatible with PS5 / PS5 Slim Console,,Pet Supplies,168,In stock,In stock (fast),5,955,https://www.takealot.com/slim-dedicated-vertical-stand-compatible-with-ps5-ps5-slim-conso/PLID98559275,https://media.takealot.com/covers_images/fbef6fe8383543519021eab63259760a/s-pdpxl.file
101536475,Evident Security Packaging Tape Voidopen Tamper Resistant Box,,Stationery & Office,298,Ships in 14 - 16 work days,Lead time (imported),9,1135,https://www.takealot.com/evident-security-packaging-tape-voidopen-tamper-resistant-box/PLID101536475,https://media.takealot.com/covers_images/f0ab44d85ced4390b59951d83620e735/s-pdpxl.file
98314691,"Dell Pro 27 Plus P2725QE 27"" | 3840x2160 | 4K UHD IPS LED USB-C Hub Monitor",Dell,Electronics,10011,Ships in 4 - 6 work days,Lead time (imported),10,4917,https://www.takealot.com/dell-pro-27-plus-p2725qe-27-3840x2160-4k-uhd-ips-led-usb-c-hub-m/PLID98314691,https://media.takealot.com/covers_images/f860bd175faa4becae7799bd8562905e/s-pdpxl.file
91294598,K-Brand - Tee Galv Reducing 50X40mm,K-BRAND,General Merchandise,166,Ships in 4 - 6 work days,Lead time (imported),1,93,https://www.takealot.com/k-brand-tee-galv-reducing-50x40mm/PLID91294598,https://media.takealot.com/covers_images/241c23420199428cb4eecf051c0d2c00/s-pdpxl.file
101305641,9CR6-150310 Relay for MOTO 450 550 625,,General Merchandise,524,Ships in 14 - 16 work days,Lead time (imported),6,707,https://www.takealot.com/9cr6-150310-relay-for-moto-450-550-625/PLID101305641,https://media.takealot.com/covers_images/8d08e4bfdcb14ec6b2391de7b8cbcf0a/s-pdpxl.file
95333212,3-Piece Travel 28-Inch Luggage Suitcase Bag Set - Stylis,Begin Again,Fashion,1499,,No live offer,61,1161,https://www.takealot.com/3-piece-travel-28-inch-luggage-suitcase-bag-set-stylis/PLID95333212,https://media.takealot.com/covers_images/d2f357d5fba64439ad0aa8d857a561c9/s-pdpxl.file
95920598,Galaxia 3 Piece Durable ABS Hardshell Trolley Luggage Set -Black,GALAXIA,General Merchandise,1686,Supplier out of stock,Other,6,2033,https://www.takealot.com/galaxia-3-piece-durable-abs-hardshell-trolley-luggage-set-black/PLID95920598,https://media.takealot.com/covers_images/697f7e331aa847daadeed7bb83bb482e/s-pdpxl.file
94493919,Set of 2 High Back Mesh Office Chairs -B2308,,Home & Kitchen,5995,Ships in 5 - 7 work days,Lead time (imported),4,1620,https://www.takealot.com/set-of-2-high-back-mesh-office-chairs-b2308/PLID94493919,https://media.takealot.com/covers_images/9bbdf4db0de94d8fb5f89966bd307dfa/s-pdpxl.file
95850867,Aluminum Alloy Camping Folding Rollway Stretcher bed,,Sport & Outdoor,899,In stock,In stock (fast),7,1312,https://www.takealot.com/aluminum-alloy-camping-folding-rollway-stretcher-bed/PLID95850867,https://media.takealot.com/covers_images/622588a97dbe4310a33b4681dbf502ba/s-pdpxl.file
95281362,UltimateGuard 1-piece UBK Suitcase 70 cm with Keyring,,General Merchandise,1999,,No live offer,21,470,https://www.takealot.com/ultimateguard-1-piece-ubk-suitcase-70-cm-with-keyring/PLID95281362,https://media.takealot.com/covers_images/9af3671d8ec14acc899000cceedd9dec/s-pdpxl.file
95107628,120W Multi Port High Quality Charging Station -6 Ports,,General Merchandise,650,In stock,In stock (fast),1,449,https://www.takealot.com/120w-multi-port-high-quality-charging-station-6-ports/PLID95107628,https://media.takealot.com/covers_images/aef87cb64a7640a98bed38ad7e201ef2/s-pdpxl.file
100756053,"Women's Genuine Leather Top Handle Bag, Casual Crossbody Shoulder Purse",,Fashion,820,,No live offer,12,541,https://www.takealot.com/women-s-genuine-leather-top-handle-bag-casual-crossbody-shoulder/PLID100756053,https://media.takealot.com/covers_images/5da6c61c00d9454980f273e5acc6c54d/s-pdpxl.file
53185764,Tork Craft Number Punch Set 10mm (0-9mm) Black Finish,Tork Craft,General Merchandise,285,Ships in 4 - 6 work days,Lead time (imported),5,310,https://www.takealot.com/tork-craft-number-punch-set-10mm-0-9mm-black-finish/PLID53185764,https://media.takealot.com/covers_tsins/56163872/56163872-1-pdpxl.jpeg
100233318,Hisense 43 Inch A6Q UHD Smart LED TV,Hisense,Electronics,4998,In stock,In stock (fast),5,2840,https://www.takealot.com/hisense-43-inch-a6q-uhd-smart-led-tv/PLID100233318,https://media.takealot.com/covers_images/1effa0f174aa45878eacbe4475b71ff7/s-pdpxl.file
95796122,Multi Functional Double-Layer C-Shaped Small Coffee Table,,Home & Kitchen,342,,No live offer,11,852,https://www.takealot.com/multi-functional-double-layer-c-shaped-small-coffee-table/PLID95796122,https://media.takealot.com/covers_images/6215ecd8816246f6ab215f22a29b434d/s-pdpxl.file
100686431,Women Faux Leather Belt - Gold Buckle for Jeans Dress Cinch,,Fashion,288,Ships in 14 - 16 work days,Lead time (imported),5,771,https://www.takealot.com/women-faux-leather-belt-gold-buckle-for-jeans-dress-cinch/PLID100686431,https://media.takealot.com/covers_images/8da24b91b9814702a465dfc02299e96b/s-pdpxl.file
101352330,6pcs HSS Screw Extractor Set - Remove Damaged Bolts & Studs Easily,,General Merchandise,302,Ships in 14 - 16 work days,Lead time (imported),5,588,https://www.takealot.com/6pcs-hss-screw-extractor-set-remove-damaged-bolts-studs-easily/PLID101352330,https://media.takealot.com/covers_images/635138b9b08b4931b7768a5fa78a180c/s-pdpxl.file
90285355,Flange Galv Ff Screwed T/D 150mm,,General Merchandise,911,Ships in 5 - 7 work days,Lead time (imported),1,171,https://www.takealot.com/flange-galv-ff-screwed-t-d-150mm/PLID90285355,https://media.takealot.com/covers_images/cd1605260a914918b74600ceade395ea/s-pdpxl.file
71893404,Pot set 7 Piece Cast Iron Grooved Lid,,Home & Kitchen,986,,No live offer,6,465,https://www.takealot.com/pot-set-7-piece-cast-iron-grooved-lid/PLID71893404,https://media.takealot.com/covers_images/30f40f9c98d24a6e9622958712b9926f/s-pdpxl.file
101825894,"10A Terminal Block Strip, 50Pcs Flame Retardant Wire Connector",,Toys & Games,300,Ships in 14 - 16 work days,Lead time (imported),5,543,https://www.takealot.com/10a-terminal-block-strip-50pcs-flame-retardant-wire-connector/PLID101825894,https://media.takealot.com/covers_images/c17cd752c3fe459d8df2a935b42534a6/s-pdpxl.file
90280989,"GOF Furniture - Kuhn Bar Stool, White",GOF Furniture,Home & Kitchen,995,Ships in 5 - 7 work days,Lead time (imported),3,559,https://www.takealot.com/gof-furniture-kuhn-bar-stool-white/PLID90280989,https://media.takealot.com/covers_images/e6ae6337e91f4785bc6ef10fccddcf74/s-pdpxl.file
101371735,Screwdriver Bit Holder Double Ended Quick Release 1/4 Inch Hex Adapter,,Electronics,300,Ships in 14 - 16 work days,Lead time (imported),5,1115,https://www.takealot.com/screwdriver-bit-holder-double-ended-quick-release-1-4-inch-hex-a/PLID101371735,https://media.takealot.com/covers_images/3398b1288aff417fac0e315ca78e1e80/s-pdpxl.file
97471752,Platinum 360 Degree Cordless Electric Glass Kettle Transparent 1.7L,Platinum,Home & Kitchen,527,Ships in 3 - 5 work days,Lead time (imported),5,342,https://www.takealot.com/platinum-360-degree-cordless-electric-glass-kettle-transparent-1/PLID97471752,https://media.takealot.com/covers_images/9c83032ca88f4e0f9cb2d78f71cfa5cf/s-pdpxl.file
101501611,Handmade Beaded Phone Lanyard Anti-Skid Wrist Strap,,Electronics,331,Ships in 14 - 16 work days,Lead time (imported),7,717,https://www.takealot.com/handmade-beaded-phone-lanyard-anti-skid-wrist-strap/PLID101501611,https://media.takealot.com/covers_images/e0aa9d73b4594227ba606a89df89c8b6/s-pdpxl.file
91296891,Pulse - Waste Bath-Sink Brass Cp 40mm,Pulse,Stationery & Office,199,Ships in 4 - 6 work days,Lead time (imported),1,97,https://www.takealot.com/pulse-waste-bath-sink-brass-cp-40mm/PLID91296891,https://media.takealot.com/covers_images/34a9d3020de349899d4d395c1fb546aa/s-pdpxl.file
54525748,Mooistar Set of 3 PU Leather Travel Suitcases Luggage 28'24'25'inch-Coffee,,General Merchandise,2500,In stock,In stock (fast),5,335,https://www.takealot.com/mooistar-set-of-3-pu-leather-travel-suitcases-luggage-28-24-25-i/PLID54525748,https://media.takealot.com/covers_tsins/57557570/57557570-1-pdpxl.jpeg
102005988,24pcs Cartoon Dragon Packets for Chinese Year Versatile Money Envelopes,,General Merchandise,380,Ships in 14 - 16 work days,Lead time (imported),9,727,https://www.takealot.com/24pcs-cartoon-dragon-packets-for-chinese-year-versatile-money-en/PLID102005988,https://media.takealot.com/covers_images/a8ca638f2e4b4c5c958e1a567abd5b77/s-pdpxl.file
98876763,Enzo professional Hair Curler and Straightener,ENZO Professional,Beauty & Health,899,In stock,In stock (fast),5,499,https://www.takealot.com/enzo-professional-hair-curler-and-straightener/PLID98876763,https://media.takealot.com/covers_images/2705c90f73e742f79010917cc95bb4ea/s-pdpxl.file
101697522,Portable Kids English Learning Laptop Toy with Keyboard,,Electronics,486,,No live offer,6,583,https://www.takealot.com/portable-kids-english-learning-laptop-toy-with-keyboard/PLID101697522,https://media.takealot.com/covers_images/65d8909cb4c746358added49288b439d/s-pdpxl.file
100790167,Fishing Line Winder Spooler Line Winder Fishing Tool Accessories,,Sport & Outdoor,737,Ships in 14 - 16 work days,Lead time (imported),6,883,https://www.takealot.com/fishing-line-winder-spooler-line-winder-fishing-tool-accessories/PLID100790167,https://media.takealot.com/covers_images/0a6c10d9bc754b6e869f98e9cc6e6564/s-pdpxl.file
55076208,"Battery for RV510, RV511, NP300E5C, AA-PB9NS6B, NP270E5E & R51",,General Merchandise,521,In stock,In stock (fast),1,2585,https://www.takealot.com/battery-for-rv510-rv511-np300e5c-aa-pb9ns6b-np270e5e-r51/PLID55076208,https://media.takealot.com/covers_tsins/58154470/58154470-1-pdpxl.jpeg
100559806,Electronic Watch Male Student 2025 New Trendy Fashion Silicone Tape Electro,,Fashion,611,,No live offer,10,330,https://www.takealot.com/electronic-watch-male-student-2025-new-trendy-fashion-silicone-t/PLID100559806,https://media.takealot.com/covers_images/faf84b5daa934752842a7913d3e1bccc/s-pdpxl.file
90378478,Festool - Machine/Tool Head Hw Coarse-Rg 80 769056,Festool,Tools & DIY,6660,Ships in 5 - 7 work days,Lead time (imported),1,121,https://www.takealot.com/festool-machine-tool-head-hw-coarse-rg-80-769056/PLID90378478,https://media.takealot.com/covers_images/2079e493d9a4481282bef898fb308ad6/s-pdpxl.file
73309393,Dmart Artificial Grass - 25mm 25mx2m,Dmart,General Merchandise,4789,Ships in 5 - 7 work days,Lead time (imported),2,609,https://www.takealot.com/dmart-artificial-grass-25mm-25mx2m/PLID73309393,https://media.takealot.com/covers_images/36dbb1665d7c4f9c9e5bc84d1b113179/s-pdpxl.file
92967584,10 Pieces Ceramic Non-Stick Light Weighted Pots,,Home & Kitchen,1249,,No live offer,6,242,https://www.takealot.com/10-pieces-ceramic-non-stick-light-weighted-pots/PLID92967584,https://media.takealot.com/covers_images/13c24131f471475886287e7e89fe3c7e/s-pdpxl.file
101382037,Heavy Duty Resistance Band Handles: Cable Machine Attachments Exercises,,Electronics,259,In stock,In stock (fast),5,455,https://www.takealot.com/heavy-duty-resistance-band-handles-cable-machine-attachments-exe/PLID101382037,https://media.takealot.com/covers_images/9a92c8e5b64c4f6a8636ae69bb6c849f/s-pdpxl.file
72830789,Vitatech Women's Pack 90 Tablets,VITATECH,Electronics,179,In stock,In stock (fast),5,895,https://www.takealot.com/vitatech-women-s-pack-90-tablets/PLID72830789,https://media.takealot.com/covers_images/b6aa7bd73d0b4119bf0a901a848ba173/s-pdpxl.file
97486536,EZVIZ HP5 2MP Smart Home Video Doorphone Remote Door/Gate Unlock system,,Electronics,2499,In stock,In stock (fast),17,3925,https://www.takealot.com/ezviz-hp5-2mp-smart-home-video-doorphone-remote-door-gate-unlock/PLID97486536,https://media.takealot.com/covers_images/e0ddc6b20dc9465cbd2b2ae22fd4f9e1/s-pdpxl.file
91223980,Panel Pins 40mm 500g Pre-Pack - 3 Pack,,Home & Kitchen,203,Ships in 4 - 6 work days,Lead time (imported),1,81,https://www.takealot.com/panel-pins-40mm-500g-pre-pack-3-pack/PLID91223980,https://media.takealot.com/covers_images/4c420217fd54494ea6e30d3e01914fb9/s-pdpxl.file
98309741,5-in-1 Take Apart Robot - 133 Piece,,General Merchandise,418,In stock,In stock (fast),11,895,https://www.takealot.com/5-in-1-take-apart-robot-133-piece/PLID98309741,https://media.takealot.com/covers_images/6275fe5a3eda4934aac9c9d35cbbfd2a/s-pdpxl.file
98383884,"[Pre Built] Liquid Cooled RX 9070 XT Intel Core i5-14600K ""Aurumcore""",,General Merchandise,44462,Ships in 5 - 7 work days,Lead time (imported),13,3379,https://www.takealot.com/pre-built-liquid-cooled-rx-9070-xt-intel-core-i5-14600k-aurumcor/PLID98383884,https://media.takealot.com/covers_images/01660a5b6a654bd18cb7e954bee7b885/s-pdpxl.file
71643142,Samsung Galaxy S21+ 5G Silicone Cover - Grey,,General Merchandise,195,Ships in 5 - 7 work days,Lead time (imported),4,624,https://www.takealot.com/samsung-galaxy-s21-5g-silicone-cover-grey/PLID71643142,https://media.takealot.com/covers_images/4cc161e13b80406d85ccd05fc5dedbad/s-pdpxl.file
72021583,Transcend JetRam 8GB DDR4-2666 Unbuffered Long-DIMM Memory,Transcend,General Merchandise,3074,Ships in 4 - 6 work days,Lead time (imported),1,1109,https://www.takealot.com/transcend-jetram-8gb-ddr4-2666-unbuffered-long-dimm-memory/PLID72021583,https://media.takealot.com/covers_images/a25595d9aa1d4a748dc6270b24e47058/s-pdpxl.file
101181067,Multifunctional Dog Backpack,,Sport & Outdoor,533,Ships in 14 - 16 work days,Lead time (imported),5,1244,https://www.takealot.com/multifunctional-dog-backpack/PLID101181067,https://media.takealot.com/covers_images/359ff88cece34e189e29d91b9195d689/s-pdpxl.file
98309736,"Dell Pro 24 E2425HSM 23.8"" | 1920x1080 @ 100Hz | FHD IPS LED Monitor",Dell,Electronics,2192,Ships in 4 - 6 work days,Lead time (imported),6,4709,https://www.takealot.com/dell-pro-24-e2425hsm-23-8-1920x1080-100hz-fhd-ips-led-monitor/PLID98309736,https://media.takealot.com/covers_images/2c268ebe5b734e8983d4702dfd6a8266/s-pdpxl.file
91201849,Toy Giant Rubber Simulation Snake Jumbo (140cm),,Toys & Games,183,,No live offer,6,631,https://www.takealot.com/toy-giant-rubber-simulation-snake-jumbo-140cm/PLID91201849,https://media.takealot.com/covers_images/94069f5ce4e344daa9abb7059c6e5245/s-pdpxl.file
102112539,3 Pack 1440 Degree Rotatable Faucet Aerator Extender,,Home & Kitchen,429,Ships in 14 - 16 work days,Lead time (imported),8,788,https://www.takealot.com/3-pack-1440-degree-rotatable-faucet-aerator-extender/PLID102112539,https://media.takealot.com/covers_images/e3d1afa3be844800a2a2d1fb6ff73acd/s-pdpxl.file
91224387,Teks - Screw Self Drill 12X40 100 - 4 Pack,Teks,Tools & DIY,342,Ships in 4 - 6 work days,Lead time (imported),1,89,https://www.takealot.com/teks-screw-self-drill-12x40-100-4-pack/PLID91224387,https://media.takealot.com/covers_images/af2ac8e07fbe40ae86eabb3348e1d629/s-pdpxl.file
91224855,Empire - Water Filter Big Blue Sediment 500mm 5 Mic,,General Merchandise,481,Ships in 5 - 7 work days,Lead time (imported),1,125,https://www.takealot.com/empire-water-filter-big-blue-sediment-500mm-5-mic/PLID91224855,https://media.takealot.com/covers_images/a3788df8036744b58e633477573f8af8/s-pdpxl.file
102006224,Thickened Microphone Windscreen Covers Non-slip Washable Sponge for Stage,,Electronics,569,Ships in 14 - 16 work days,Lead time (imported),9,950,https://www.takealot.com/thickened-microphone-windscreen-covers-non-slip-washable-sponge-/PLID102006224,https://media.takealot.com/covers_images/ff3336c7b468435693f554609af14d5a/s-pdpxl.file
99136262,Punch Hole Sieve Fine Mesh Stainless Steel Small Colander Strainer,,General Merchandise,385,Ships in 14 - 16 work days,Lead time (imported),8,2042,https://www.takealot.com/punch-hole-sieve-fine-mesh-stainless-steel-small-colander-strain/PLID99136262,https://media.takealot.com/covers_images/2215d10dceea40fbacb5a8280888aa1f/s-pdpxl.file
101352202,45 90 Aluminum Alloy Center Gauge & Scribing Ruler Tool,,Tools & DIY,298,Ships in 14 - 16 work days,Lead time (imported),5,861,https://www.takealot.com/45-90-aluminum-alloy-center-gauge-scribing-ruler-tool/PLID101352202,https://media.takealot.com/covers_images/1a21fc57b43e470083088310c6aa2eaf/s-pdpxl.file
98343038,Red Arrow Down Sign Red/White 190 x 190 mm,,General Merchandise,355,Ships in 5 - 7 work days,Lead time (imported),1,368,https://www.takealot.com/red-arrow-down-sign-red-white-190-x-190-mm/PLID98343038,https://media.takealot.com/covers_images/6a864bad0f8f4fedaf63f3725728f733/s-pdpxl.file
98339548,Motorcycle Modified SC exhaust Pipe-large Displacement Mesh Titanium 60mm,,Automotive,798,Ships in 14 - 16 work days,Lead time (imported),5,953,https://www.takealot.com/motorcycle-modified-sc-exhaust-pipe-large-displacement-mesh-tita/PLID98339548,https://media.takealot.com/covers_images/998d41498a664614b02c43e0f28834b6/s-pdpxl.file
100942323,Horror Films Puzzle Book Horror Theme Book for Horror Movies Fans,,Toys & Games,331,Ships in 14 - 16 work days,Lead time (imported),9,845,https://www.takealot.com/horror-films-puzzle-book-horror-theme-book-for-horror-movies-fan/PLID100942323,https://media.takealot.com/covers_images/d07f9426ad374ad79601e683cb69d2ea/s-pdpxl.file
97133402,"3-Piece ABS Hard Shell Luggage Set - Mint, Spinner Wheels, Built-In Lock",,General Merchandise,1499,Ships in 5 - 7 work days,Lead time (imported),5,2140,https://www.takealot.com/3-piece-abs-hard-shell-luggage-set-mint-spinner-wheels-built-in-/PLID97133402,https://media.takealot.com/covers_images/272cb751aafc48809e39a4fc0caae9d0/s-pdpxl.file
101270263,Compatible With MJSTP Mi 2 Lite Robot Brushes Mop Pads Set,,General Merchandise,378,Ships in 14 - 16 work days,Lead time (imported),5,1009,https://www.takealot.com/compatible-with-mjstp-mi-2-lite-robot-brushes-mop-pads-set/PLID101270263,https://media.takealot.com/covers_images/f82f2676cad341abbd72070323abafa1/s-pdpxl.file
101375803,5 Piece Battery Connector Terminal Block compatible Lithium Charger Adapter,,Electronics,613,Ships in 14 - 16 work days,Lead time (imported),6,675,https://www.takealot.com/5-piece-battery-connector-terminal-block-compatible-lithium-char/PLID101375803,https://media.takealot.com/covers_images/9053db57e216432bbf88e375c759e456/s-pdpxl.file
95904480,Durex Feels 3's x 12 - Men,Durex,General Merchandise,203,In stock,In stock (fast),4,711,https://www.takealot.com/durex-feels-3-s-x-12-men/PLID95904480,https://media.takealot.com/covers_images/98486349727e4d1aa1d09925794ffd88/s-pdpxl.file
101972757,OBD2 to OBD1 Adapter Cable for Apollo D8 Scanner,,Electronics,301,Ships in 14 - 16 work days,Lead time (imported),5,764,https://www.takealot.com/obd2-to-obd1-adapter-cable-for-apollo-d8-scanner/PLID101972757,https://media.takealot.com/covers_images/f4b913f0b0be411ba37fa80c2ca0976f/s-pdpxl.file
94560850,Coffee Table - Rectangular Clear Tempered Glass Top,,Home & Kitchen,4595,Ships in 5 - 7 work days,Lead time (imported),1,859,https://www.takealot.com/coffee-table-rectangular-clear-tempered-glass-top/PLID94560850,https://media.takealot.com/covers_images/51768b733411419596bf013d2df16595/s-pdpxl.file
90322282,Jooste Force Head Low Pressure 60M 40mm,Jooste,General Merchandise,1262,Supplier out of stock,Other,1,244,https://www.takealot.com/jooste-force-head-low-pressure-60m-40mm/PLID90322282,https://media.takealot.com/covers_images/4e848278a6f646149062772b5a466ca8/s-pdpxl.file
95324182,3-Piece Travel 28-Inch Luggage Suitcase Bag Set - Stylish,,Fashion,1499,,No live offer,53,1162,https://www.takealot.com/3-piece-travel-28-inch-luggage-suitcase-bag-set-stylish/PLID95324182,https://media.takealot.com/covers_images/a6f2449a66eb4ba79f47d7c29a083ceb/s-pdpxl.file
101826740,Drip Irrigation Valve 4/7mm 6mm Switching Valve for Garden System,,General Merchandise,298,Ships in 14 - 16 work days,Lead time (imported),5,693,https://www.takealot.com/drip-irrigation-valve-4-7mm-6mm-switching-valve-for-garden-syste/PLID101826740,https://media.takealot.com/covers_images/6a11368d1f47459ca00bb63120a2df80/s-pdpxl.file
98954680,Women's Multifunctional Light Coffee Hollow Woven Beach Handbag,,Home & Kitchen,628,In stock,In stock (fast),5,834,https://www.takealot.com/women-s-multifunctional-light-coffee-hollow-woven-beach-handbag/PLID98954680,https://media.takealot.com/covers_images/c2bcd4a1755b4353b4d9b05d200d03f9/s-pdpxl.file
102107706,Wet Dry Car Vacuum 120W 4000Pa Wireless Cleaner,,Home & Kitchen,628,Ships in 14 - 16 work days,Lead time (imported),5,472,https://www.takealot.com/wet-dry-car-vacuum-120w-4000pa-wireless-cleaner/PLID102107706,https://media.takealot.com/covers_images/3fad31ca1b2c472492daaedb53a2d9f1/s-pdpxl.file
72999028,Bottle Warmer & Sterilizer - Pink,,Home & Kitchen,289,In stock,In stock (fast),3,365,https://www.takealot.com/bottle-warmer-sterilizer-pink/PLID72999028,https://media.takealot.com/covers_images/f2cf7e2e4cc747afb609672e9c169506/s-pdpxl.file
101501669,2-Piece Heart-Pattern Sheer Mesh Makeup Bag Set,,Beauty & Health,331,Ships in 14 - 16 work days,Lead time (imported),7,1234,https://www.takealot.com/2-piece-heart-pattern-sheer-mesh-makeup-bag-set/PLID101501669,https://media.takealot.com/covers_images/c314c8e3159d4e85ae2c2087887a2cdd/s-pdpxl.file
91126299,High Quality Fabric Ace Premium Duvet Covet Set,,Home & Kitchen,399,,No live offer,6,580,https://www.takealot.com/high-quality-fabric-ace-premium-duvet-covet-set/PLID91126299,https://media.takealot.com/covers_images/454a962f172740a4aba3d529453765a3/s-pdpxl.file
100633252,"Cute Jewelry Dish Tray, Resin Flower Shaped Candy Dish,Key Holder",,General Merchandise,311,In stock,In stock (fast),6,445,https://www.takealot.com/cute-jewelry-dish-tray-resin-flower-shaped-candy-dish-key-holder/PLID100633252,https://media.takealot.com/covers_images/9a457adc034d482d87af35cab060d3e8/s-pdpxl.file
100268247,Mini Table Saw Spindle Diy Woodworking Cutting Spindle Bearing Seat A,,Home & Kitchen,617,Ships in 14 - 16 work days,Lead time (imported),7,1479,https://www.takealot.com/mini-table-saw-spindle-diy-woodworking-cutting-spindle-bearing-s/PLID100268247,https://media.takealot.com/covers_images/b97a0842934244bfbb135d9e6d8b46ba/s-pdpxl.file
73202943,Zanna Contemporary L-Shape Sectional Sofa Suite,Lifestyle Home,General Merchandise,7042,,No live offer,12,1231,https://www.takealot.com/zanna-contemporary-l-shape-sectional-sofa-suite/PLID73202943,https://media.takealot.com/covers_images/aa1f97c566ae403bbe0196855c1dadda/s-pdpxl.file
102146175,Motolab Weather Guards Compatible w/ Toyota Hilux GD6 Extra Cab (2016-2024),,Toys & Games,559,,No live offer,4,693,https://www.takealot.com/motolab-weather-guards-compatible-w-toyota-hilux-gd6-extra-cab-2/PLID102146175,https://media.takealot.com/covers_images/3c14692d0d33486eabfda91838d687e4/s-pdpxl.file
101351223,90 Woodworking Corner Clamp - Hand Tool for Wood Boards,,Home & Kitchen,508,Ships in 14 - 16 work days,Lead time (imported),5,776,https://www.takealot.com/90-woodworking-corner-clamp-hand-tool-for-wood-boards/PLID101351223,https://media.takealot.com/covers_images/643e6e2e3d6d415d9ddf7919fe7df132/s-pdpxl.file
73715709,Dining Suite / Set - White Square Dining Table with Four Padded Chairs,,Home & Kitchen,3595,In stock,In stock (fast),3,1254,https://www.takealot.com/dining-suite-set-white-square-dining-table-with-four-padded-chai/PLID73715709,https://media.takealot.com/covers_images/99603babbfd54131b8c2012121716194/s-pdpxl.file
100771818,Usb4 Elbow Type C Data Transfer Cable Usb C Pd240W Fast Charging 1.5M,,Electronics,318,Ships in 14 - 16 work days,Lead time (imported),8,1518,https://www.takealot.com/usb4-elbow-type-c-data-transfer-cable-usb-c-pd240w-fast-charging/PLID100771818,https://media.takealot.com/covers_images/8c3a67e4efe64359bb7f9767608bdaa4/s-pdpxl.file
95878803,Green ABS 3-Piece Luggage Set with Spinner Wheels and Telescopic Handles,Mooistar,General Merchandise,1499,In stock,In stock (fast),6,4113,https://www.takealot.com/green-abs-3-piece-luggage-set-with-spinner-wheels-and-telescopic/PLID95878803,https://media.takealot.com/covers_images/db5ea1e22cbf4e71b4f31e55c3f41e20/s-pdpxl.file
72734583,Luggage Bag Set of 3 PU Leather Travel Suitcases 28'24'22' inch - Brown,,Fashion,2500,,No live offer,10,400,https://www.takealot.com/luggage-bag-set-of-3-pu-leather-travel-suitcases-28-24-22-inch-b/PLID72734583,https://media.takealot.com/covers_images/a3e8e363d2574fc39a51b3a9ba37eb35/s-pdpxl.file
90448179,3 Piece Hard Outer Shell Luggage Set - 28 Inch,,General Merchandise,1499,,No live offer,60,1083,https://www.takealot.com/3-piece-hard-outer-shell-luggage-set-28-inch/PLID90448179,https://media.takealot.com/covers_images/2440814de71e4422b99add5771fe4539/s-pdpxl.file
94644604,Ugreen 2-in-1 USB-C To Headphone & Charger Adapter,UGreen,Electronics,447,Ships in 4 - 6 work days,Lead time (imported),4,2498,https://www.takealot.com/ugreen-2-in-1-usb-c-to-headphone-charger-adapter/PLID94644604,https://media.takealot.com/covers_images/04c2283114b647f5a549ba47fa73038c/s-pdpxl.file
90448353,3 Piece Hard Outer Shell Luggage Set - 30inch,,General Merchandise,1499,,No live offer,49,1060,https://www.takealot.com/3-piece-hard-outer-shell-luggage-set-30inch/PLID90448353,https://media.takealot.com/covers_images/c65efb241cb5413380e685b699e39359/s-pdpxl.file
91543632,"ASUS Monitors - VT229H 21.5"" 10-Point Touch Computer Monitor - FHD IPS",ASUS,Electronics,7797,Ships in 3 - 5 work days,Lead time (imported),5,2453,https://www.takealot.com/asus-monitors-vt229h-21-5-10-point-touch-computer-monitor-fhd-ip/PLID91543632,https://media.takealot.com/covers_images/8bc061ab83ab4f8998d396d7b043525c/s-pdpxl.file
99664921,MSI MAG 276CF E20 27 1080P FHD 200Hz 0.5ms Curved Gaming Monitor,MSI,Electronics,5673,Ships in 4 - 6 work days,Lead time (imported),7,4835,https://www.takealot.com/msi-mag-276cf-e20-27-1080p-fhd-200hz-0-5ms-curved-gaming-monitor/PLID99664921,https://media.takealot.com/covers_images/8d13aba978b84f8a9958d4f8201b65a9/s-pdpxl.file
72148770,Samsung Original Hard Clear Standing Cover For Galaxy A72 - Transparent,Samsung,General Merchandise,199,In stock,In stock (fast),4,256,https://www.takealot.com/samsung-original-hard-clear-standing-cover-for-galaxy-a72-transp/PLID72148770,https://media.takealot.com/covers_images/bbf3f8b4c6e04dc3bec30170a12396f2/s-pdpxl.file
73145837,Professional Gaming Chair - 802,,Electronics,3588,,No live offer,12,1060,https://www.takealot.com/professional-gaming-chair-802/PLID73145837,https://media.takealot.com/covers_images/1e314c4247794a28b01591e079985b28/s-pdpxl.file
101497672,"2 Pack Luggage Locks Suitcase Baggage LocksTSA Locks, Combination Locks",,Fashion,349,Ships in 14 - 16 work days,Lead time (imported),5,634,https://www.takealot.com/2-pack-luggage-locks-suitcase-baggage-lockstsa-locks-combination/PLID101497672,https://media.takealot.com/covers_images/da3edee389bd4b479844f3b5010cecd4/s-pdpxl.file
90005713,Craft Easel Painting Kit Value Jumbo Pack,,General Merchandise,399,In stock,In stock (fast),2,532,https://www.takealot.com/craft-easel-painting-kit-value-jumbo-pack/PLID90005713,https://media.takealot.com/covers_images/6df01620704d4d49b5c323ca38d85f36/s-pdpxl.file
90006402,Bar Stools with Arms and Chrome Base - Set of 2 - Red,,Tools & DIY,1490,Ships in 4 - 6 work days,Lead time (imported),1,467,https://www.takealot.com/bar-stools-with-arms-and-chrome-base-set-of-2-red/PLID90006402,https://media.takealot.com/covers_images/7f35d4ac09314af6853f39f0e687f8aa/s-pdpxl.file
92479307,Mooyam 2.5% Retinol Face Cream with Hyaluronic Acid,,Beauty & Health,199,In stock,In stock (fast),4,228,https://www.takealot.com/mooyam-2-5-retinol-face-cream-with-hyaluronic-acid/PLID92479307,https://media.takealot.com/covers_images/9d7ec17c0bcc44a4a957db9bd6a4ce94/s-pdpxl.file
95776133,Mini fitness bike pedal small fitness equipment with LCD display,,Sport & Outdoor,487,In stock,In stock (fast),8,1302,https://www.takealot.com/mini-fitness-bike-pedal-small-fitness-equipment-with-lcd-display/PLID95776133,https://media.takealot.com/covers_images/f1b56f68f94d4994be952c58ab6ab7d8/s-pdpxl.file
101930219,Stainless Steel Automatic Air Admittance Valve for HVAC & Boilers,,Automotive,529,Ships in 14 - 16 work days,Lead time (imported),9,816,https://www.takealot.com/stainless-steel-automatic-air-admittance-valve-for-hvac-boilers/PLID101930219,https://media.takealot.com/covers_images/efc2214e59c045c3a5020d3ff7fe698f/s-pdpxl.file
93963236,Dell Premier Collaboration Keyboard and Mouse - KM900 - US International,Dell,Electronics,4840,Ships in 4 - 6 work days,Lead time (imported),5,3814,https://www.takealot.com/dell-premier-collaboration-keyboard-and-mouse-km900-us-internati/PLID93963236,https://media.takealot.com/covers_images/803bc44667814a26b5d75dc850804c88/s-pdpxl.file
101457758,"Bamboo Hourglass, 1-Minute Sand Timer, Toothbrush, Cooking, Decor",,Home & Kitchen,359,Supplier out of stock,Other,8,1493,https://www.takealot.com/bamboo-hourglass-1-minute-sand-timer-toothbrush-cooking-decor/PLID101457758,https://media.takealot.com/covers_images/7e79c5d52d8a4252b7887101066c95d8/s-pdpxl.file
101453956,One-Shoulder Sequined Bodycon Mini Dress - Elegant Glitter Ruched Dress,,Fashion,386,,No live offer,7,2326,https://www.takealot.com/one-shoulder-sequined-bodycon-mini-dress-elegant-glitter-ruched-/PLID101453956,https://media.takealot.com/covers_images/3a575e474d664a0594ae895c9d8281f4/s-pdpxl.file
102005586,Memory Foam Replacement Ear Pads Cushion Comfortable Over-The-Ear,,Home & Kitchen,563,Ships in 14 - 16 work days,Lead time (imported),9,640,https://www.takealot.com/memory-foam-replacement-ear-pads-cushion-comfortable-over-the-ea/PLID102005586,https://media.takealot.com/covers_images/ad5a347264494d81abb7d07d8ad9b0e2/s-pdpxl.file
73627124,Square Table with 4 Chairs - White,,Home & Kitchen,2995,Ships in 5 - 7 work days,Lead time (imported),1,232,https://www.takealot.com/square-table-with-4-chairs-white/PLID73627124,https://media.takealot.com/covers_images/b659f098ee254adfb8144cd26abcfa5a/s-pdpxl.file
100606904,"Solar Rechargeable Camping Lantern 4 Light Modes, Solar & USB Charging",,Electronics,617,,No live offer,28,1726,https://www.takealot.com/solar-rechargeable-camping-lantern-4-light-modes-solar-usb-charg/PLID100606904,https://media.takealot.com/covers_images/f00cc91eac16454c9a176eb379805322/s-pdpxl.file
90401954,Classy Electric Coffee Warmer Coaster and Mug Set - Red,,Home & Kitchen,289,Ships in 3 - 5 work days,Lead time (imported),3,1378,https://www.takealot.com/classy-electric-coffee-warmer-coaster-and-mug-set-red/PLID90401954,https://media.takealot.com/covers_images/e5e585b744e64b709e0239ddf6948262/s-pdpxl.file
94527682,Soft Sherpa Blanket Queen Size,,General Merchandise,389,,No live offer,6,194,https://www.takealot.com/soft-sherpa-blanket-queen-size/PLID94527682,https://media.takealot.com/covers_images/9dea6ecaa29f42f7896e653b20f82d63/s-pdpxl.file
73307092,Dinning Wooden Leg Table With 2 Chairs White,,Home & Kitchen,1649,Ships in 5 - 7 work days,Lead time (imported),1,134,https://www.takealot.com/dinning-wooden-leg-table-with-2-chairs-white/PLID73307092,https://media.takealot.com/covers_images/983d2964c5384c9cb54b895bbb7bf537/s-pdpxl.file
101192031,Luxury Butterfly Bracket Phone Case Compatible With Samsung GalaxyS23 Ultra,,Electronics,297,,No live offer,12,1792,https://www.takealot.com/luxury-butterfly-bracket-phone-case-compatible-with-samsung-gala/PLID101192031,https://media.takealot.com/covers_images/983410f846764fd28aa4579274634192/s-pdpxl.file
91297685,Torrenti - Bibcock Lock Type Chr/Plated 15mm,Torrenti,Home & Kitchen,309,Ships in 4 - 6 work days,Lead time (imported),1,111,https://www.takealot.com/torrenti-bibcock-lock-type-chr-plated-15mm/PLID91297685,https://media.takealot.com/covers_images/38c8ef25b36444aa9ca827e7f144190e/s-pdpxl.file
91296941,Rhino - Damp Course 150mm 40Mx375Mic,Rhino,General Merchandise,244,Ships in 4 - 6 work days,Lead time (imported),1,95,https://www.takealot.com/rhino-damp-course-150mm-40mx375mic/PLID91296941,https://media.takealot.com/covers_images/ffd082ad1d0749deab1b2f69ba23be7f/s-pdpxl.file
96358990,"Gold ABS Luggage Set-3 Piece Durable,Scratch-Resistant,360 Spinner Wheels",,General Merchandise,1499,Ships in 5 - 7 work days,Lead time (imported),6,2617,https://www.takealot.com/gold-abs-luggage-set-3-piece-durable-scratch-resistant-360-spinn/PLID96358990,https://media.takealot.com/covers_images/b26d8ca48aa04ab794c369e760939150/s-pdpxl.file
95894470,"Premium ABS Luggage Set with Locks, Telescopic Handles & Directional Wheel",MOOI,General Merchandise,2651,Ships in 4 - 6 work days,Lead time (imported),5,3629,https://www.takealot.com/premium-abs-luggage-set-with-locks-telescopic-handles-directiona/PLID95894470,https://media.takealot.com/covers_images/f3288a2a32bd4017b76c44ee86f8e4a9/s-pdpxl.file
101502375,"Clown Sculpture, Halloween Decoration, Red",,Home & Kitchen,476,Ships in 14 - 16 work days,Lead time (imported),9,1047,https://www.takealot.com/clown-sculpture-halloween-decoration-red/PLID101502375,https://media.takealot.com/covers_images/503c873b28d44899a0e41d5beac3c67d/s-pdpxl.file
100281897,Portable Hand Pressure Mini Handheld Fan Without Battery Air Cooler Fan,,Home & Kitchen,568,,No live offer,9,579,https://www.takealot.com/portable-hand-pressure-mini-handheld-fan-without-battery-air-coo/PLID100281897,https://media.takealot.com/covers_images/5400ac0f84d44db088043d6585910c41/s-pdpxl.file
95410678,Winter Cotton Throw,,Baby & Kids,470,,No live offer,5,960,https://www.takealot.com/winter-cotton-throw/PLID95410678,https://media.takealot.com/covers_images/e9dcc58527c6408f92926093c0782422/s-pdpxl.file
98940353,Headphone Splitter 3 in 1 USB to C Transfer Double 3.5mm AUX Audio Headset,,Electronics,496,Ships in 14 - 16 work days,Lead time (imported),4,1464,https://www.takealot.com/headphone-splitter-3-in-1-usb-to-c-transfer-double-3-5mm-aux-aud/PLID98940353,https://media.takealot.com/covers_images/1b496bfff93442b4a84f7bcf371da560/s-pdpxl.file
102006033,Professional Microphone Extension Clamps Rotatable Boom Arm Mic Stand Clip,,Home & Kitchen,390,Ships in 14 - 16 work days,Lead time (imported),9,842,https://www.takealot.com/professional-microphone-extension-clamps-rotatable-boom-arm-mic-/PLID102006033,https://media.takealot.com/covers_images/c0fd9c264aa04c74854779bced20ed1e/s-pdpxl.file
96391300,"4-Piece ABS Luggage Set - Navy Blue, 360 Spinner Wheels, Secure Lock",GALAXIA,General Merchandise,3500,Ships in 5 - 7 work days,Lead time (imported),5,2271,https://www.takealot.com/4-piece-abs-luggage-set-navy-blue-360-spinner-wheels-secure-lock/PLID96391300,https://media.takealot.com/covers_images/afd806a51b404432a3b77a372e23a146/s-pdpxl.file
91293364,Rain Sprinkler 22 Brass Adjustable 15mm,,Home & Kitchen,617,Ships in 4 - 6 work days,Lead time (imported),1,101,https://www.takealot.com/rain-sprinkler-22-brass-adjustable-15mm/PLID91293364,https://media.takealot.com/covers_images/30068340483645488a36ecc8e54304cc/s-pdpxl.file
90907622,Geeko RCA Male to Male Audio Cable x 2,Geeko,Electronics,147,Ships in 5 - 7 work days,Lead time (imported),1,284,https://www.takealot.com/geeko-rca-male-to-male-audio-cable-x-2/PLID90907622,https://media.takealot.com/covers_images/cd68d652fe52427db9fe13fa2ca895e9/s-pdpxl.file
100614685,Poly Voyager Focus 2 Microsoft Teams Certified Wireless Headset Bluetooth,Poly,Electronics,4040,Ships in 5 - 7 work days,Lead time (imported),5,1483,https://www.takealot.com/poly-voyager-focus-2-microsoft-teams-certified-wireless-headset-/PLID100614685,https://media.takealot.com/covers_images/5df0f4415ec5463fb743ae57e640b265/s-pdpxl.file
100264384,"Wireless Microphone Amplifier, Magnetic Clip-on Microphone Voice Amplifier",,Electronics,799,In stock,In stock (fast),7,1353,https://www.takealot.com/wireless-microphone-amplifier-magnetic-clip-on-microphone-voice-/PLID100264384,https://media.takealot.com/covers_images/01122b90bc554096bad9cddc64755a50/s-pdpxl.file
91223970,Nails Wire 125mmx5.00mm 1kg Pre-Pack - 3 Pack,,Beauty & Health,273,Ships in 4 - 6 work days,Lead time (imported),1,95,https://www.takealot.com/nails-wire-125mmx5-00mm-1kg-pre-pack-3-pack/PLID91223970,https://media.takealot.com/covers_images/07bae033bf0c4ae4b2c9ad38f0479c22/s-pdpxl.file
95598596,"3-Piece Travel Luggage Suitcase Bag Set-Stylish, and Convenient - Navy",,Fashion,1570,Supplier out of stock,Other,6,1179,https://www.takealot.com/3-piece-travel-luggage-suitcase-bag-set-stylish-and-convenient-n/PLID95598596,https://media.takealot.com/covers_images/ef96eec823424aa2a535d116fb261423/s-pdpxl.file
94756577,620ml Thermal Insulated Travel Mug with Carry Handle and Straw,,Home & Kitchen,175,,No live offer,8,542,https://www.takealot.com/620ml-thermal-insulated-travel-mug-with-carry-handle-and-straw/PLID94756577,https://media.takealot.com/covers_images/b24c173b020c411d9c044131c1b320b9/s-pdpxl.file
91293164,Speroni - Submersible Pump 100mm St-1316-1.10Kw,Speroni,General Merchandise,2123,Ships in 5 - 7 work days,Lead time (imported),1,117,https://www.takealot.com/speroni-submersible-pump-100mm-st-1316-1-10kw/PLID91293164,https://media.takealot.com/covers_images/0bd795f99beb4f27aa9e117c71043669/s-pdpxl.file
90990878,6 Piece Shape Duvet Cover Set,,Home & Kitchen,286,In stock,In stock (fast),1,800,https://www.takealot.com/6-piece-shape-duvet-cover-set/PLID90990878,https://media.takealot.com/covers_images/0de77c838983490f816e996ef9c54a62/s-pdpxl.file
92833836,Gold Panthera Iced Out Pendant Necklace For Men,,Home & Kitchen,2281,Ships in 14 - 16 work days,Lead time (imported),5,1186,https://www.takealot.com/gold-panthera-iced-out-pendant-necklace-for-men/PLID92833836,https://media.takealot.com/covers_images/2beb0ed3d6164e3ba8492efd30085050/s-pdpxl.file
91413724,Sastro - Expandable Curtain Rod With Twisted Cage Finial 2m - Gold,,Home & Kitchen,198,,No live offer,5,642,https://www.takealot.com/sastro-expandable-curtain-rod-with-twisted-cage-finial-2m-gold/PLID91413724,https://media.takealot.com/covers_images/f54e95428c0147da97389405db72cf8a/s-pdpxl.file
101825761,"DIN Rail Earth Terminal Block, 50Pcs Yellow Green Grounding Connectors",,Toys & Games,433,Ships in 14 - 16 work days,Lead time (imported),5,605,https://www.takealot.com/din-rail-earth-terminal-block-50pcs-yellow-green-grounding-conne/PLID101825761,https://media.takealot.com/covers_images/6d2f48c1e2cf44469d46d46f323ef579/s-pdpxl.file
91290408,Torrenti - Gate Valve Brass H/Duty 100mm,Torrenti,General Merchandise,3167,Ships in 4 - 6 work days,Lead time (imported),1,103,https://www.takealot.com/torrenti-gate-valve-brass-h-duty-100mm/PLID91290408,https://media.takealot.com/covers_images/e1568656aedd4144827a75e977de2547/s-pdpxl.file
95934097,Replacement earpads Titanium for Plantronics BackBeat PRO2 SE/8200UC,,General Merchandise,188,In stock,In stock (fast),3,1046,https://www.takealot.com/replacement-earpads-titanium-for-plantronics-backbeat-pro2-se-82/PLID95934097,https://media.takealot.com/covers_images/e987e72cb88a49349db3864d27d75d43/s-pdpxl.file
100165643,R36S Retro Handheld Gaming Console with Carry Case and Screen Protector,,Electronics,661,,No live offer,30,3837,https://www.takealot.com/r36s-retro-handheld-gaming-console-with-carry-case-and-screen-pr/PLID100165643,https://media.takealot.com/covers_images/a5469117efaa4859820e938d38653b6f/s-pdpxl.file
97219456,"Airtag Cat Collar, Apple Air Tag Cat Collar with Safety Buckle and Bell",,Pet Supplies,199,In stock,In stock (fast),7,1065,https://www.takealot.com/airtag-cat-collar-apple-air-tag-cat-collar-with-safety-buckle-an/PLID97219456,https://media.takealot.com/covers_images/dd77daffcbf94c3293eaa2d899d9702c/s-pdpxl.file
96384850,Patio Umbrella for Garden Beach Pool Sun Protection,,General Merchandise,1020,In stock,In stock (fast),9,1270,https://www.takealot.com/patio-umbrella-for-garden-beach-pool-sun-protection/PLID96384850,https://media.takealot.com/covers_images/0989b6a777844511a61db8468454d913/s-pdpxl.file
100746782,S925 Sterling Silver 1ct Moissanite Princess Crown Ring for Women,,General Merchandise,481,Ships in 14 - 16 work days,Lead time (imported),5,477,https://www.takealot.com/s925-sterling-silver-1ct-moissanite-princess-crown-ring-for-wome/PLID100746782,https://media.takealot.com/covers_images/adc85d23ec424efda6dd32a1389df2d0/s-pdpxl.file
73802174,Round Glass Table and Wooden Leg Chairs (3 Piece,,Home & Kitchen,1548,Ships in 5 - 7 work days,Lead time (imported),3,358,https://www.takealot.com/round-glass-table-and-wooden-leg-chairs-3-piece/PLID73802174,https://media.takealot.com/covers_images/c6f32151e5124463b4fa6915b56df4ef/s-pdpxl.file
96436298,ASRock TRX50 WS AMD TR5 EATX Gaming Motherboard,Asrock,Electronics,17932,Ships in 4 - 6 work days,Lead time (imported),5,3868,https://www.takealot.com/asrock-trx50-ws-amd-tr5-eatx-gaming-motherboard/PLID96436298,https://media.takealot.com/covers_images/8e703200b23449eb975dc473c5030135/s-pdpxl.file
91360992,6 Piece Duvet Cover Set,,Home & Kitchen,225,,No live offer,9,586,https://www.takealot.com/6-piece-duvet-cover-set/PLID91360992,https://media.takealot.com/covers_images/2e70c8db8498420db1519b955bd78948/s-pdpxl.file
73180201,3 Piece Nexco Travel Luggage Bag Set,,Fashion,1499,,No live offer,14,1202,https://www.takealot.com/3-piece-nexco-travel-luggage-bag-set/PLID73180201,https://media.takealot.com/covers_images/54b58eda00ef4de786cc131add1e6221/s-pdpxl.file
102108885,Brass Hand Gong 30cm with Hammer Opera Percussion,,Tools & DIY,754,Ships in 14 - 16 work days,Lead time (imported),3,897,https://www.takealot.com/brass-hand-gong-30cm-with-hammer-opera-percussion/PLID102108885,https://media.takealot.com/covers_images/3d913fc8d69444d28b3603d278aaa954/s-pdpxl.file
94527252,Visitor Mesh Office Chair,,Home & Kitchen,3295,,No live offer,2,806,https://www.takealot.com/visitor-mesh-office-chair/PLID94527252,https://media.takealot.com/covers_images/21f3d3ad451844abaf46e0f948aef4f2/s-pdpxl.file
101351448,"350Pcs Rotary Tool Kit - Sanding, Grinding & Polishing Wheels",,Tools & DIY,648,Ships in 14 - 16 work days,Lead time (imported),5,2167,https://www.takealot.com/350pcs-rotary-tool-kit-sanding-grinding-polishing-wheels/PLID101351448,https://media.takealot.com/covers_images/e5609da82ed9493286211d6298f2e1cb/s-pdpxl.file
102119388,COB Work Light 120 LEDs for Car Repair Camping,,Home & Kitchen,352,Ships in 14 - 16 work days,Lead time (imported),5,478,https://www.takealot.com/cob-work-light-120-leds-for-car-repair-camping/PLID102119388,https://media.takealot.com/covers_images/be0c0020dd4444fd9560acd0de78069f/s-pdpxl.file
100988055,CPL Filter compatible with GO3S Camera,,Electronics,1147,Ships in 14 - 16 work days,Lead time (imported),5,1250,https://www.takealot.com/cpl-filter-compatible-with-go3s-camera/PLID100988055,https://media.takealot.com/covers_images/2464ca346e9a4483bd6024531b05d9d8/s-pdpxl.file
91217113,Fluffy 2-Tone Shaggy Carpet/Rug,,Pet Supplies,299,Ships in 5 - 7 work days,Lead time (imported),2,183,https://www.takealot.com/fluffy-2-tone-shaggy-carpet-rug/PLID91217113,https://media.takealot.com/covers_images/820bbcf7606e43b38f861d4d7d0d814e/s-pdpxl.file
55535796,"Digimark - 32"" HD LED TV",Digimark,Electronics,1309,Ships in 4 - 6 work days,Lead time (imported),4,347,https://www.takealot.com/digimark-32-hd-led-tv/PLID55535796,https://media.takealot.com/covers_tsins/58629301/58629301-1-pdpxl.jpeg
92539810,Strike-Arc Inverter Welder 160A TIG/MMA,Strike-Arc,Toys & Games,3041,Ships in 5 - 7 work days,Lead time (imported),1,282,https://www.takealot.com/strike-arc-inverter-welder-160a-tig-mma/PLID92539810,https://media.takealot.com/covers_images/8a8fe8f520e14334a8b03c1e84ff06e3/s-pdpxl.file
99942344,Nylon Braided For Surface Connect To Usb-C Charging Cable,,Electronics,394,Ships in 14 - 16 work days,Lead time (imported),5,1611,https://www.takealot.com/nylon-braided-for-surface-connect-to-usb-c-charging-cable/PLID99942344,https://media.takealot.com/covers_images/f70acd71fd7d4658838579f5946ad4b1/s-pdpxl.file
101351980,2-in-1 Miter Saw & Angle Gauge - Accurate DIY Measuring Ruler,,Tools & DIY,563,Ships in 14 - 16 work days,Lead time (imported),5,944,https://www.takealot.com/2-in-1-miter-saw-angle-gauge-accurate-diy-measuring-ruler/PLID101351980,https://media.takealot.com/covers_images/4c72382bb7a642eaaea5f907ccfa8904/s-pdpxl.file
101395653,Stainless Steel Fine Mesh Loose Leaf Tea Strainer Reusable Home,,General Merchandise,341,Ships in 14 - 16 work days,Lead time (imported),6,730,https://www.takealot.com/stainless-steel-fine-mesh-loose-leaf-tea-strainer-reusable-home/PLID101395653,https://media.takealot.com/covers_images/3b81693e281f4218b909a367396d1c3d/s-pdpxl.file
101394483,240 Functions Scientific Calculator Dual Line Display Exam Allowed,,Stationery & Office,298,,No live offer,2,967,https://www.takealot.com/240-functions-scientific-calculator-dual-line-display-exam-allow/PLID101394483,https://media.takealot.com/covers_images/4ff8c87c7ac249ada16b6d7be7e7215d/s-pdpxl.file
101696994,"Block-Shaped Storage Bag, Portable Zipper Organizer with Wrist Strap",,Home & Kitchen,189,In stock,In stock (fast),3,329,https://www.takealot.com/block-shaped-storage-bag-portable-zipper-organizer-with-wrist-st/PLID101696994,https://media.takealot.com/covers_images/141d230fe1864141b9633f3fc40806e3/s-pdpxl.file
100563158,Exfoliating Bath Towel Set,,Home & Kitchen,546,Ships in 14 - 16 work days,Lead time (imported),7,1095,https://www.takealot.com/exfoliating-bath-towel-set/PLID100563158,https://media.takealot.com/covers_images/1a3a2b49bd3943ff9d733631157392f6/s-pdpxl.file
98046722,Paris Corner Khair Felicity 100ml,Paris Corner,Beauty & Health,362,In stock,In stock (fast),3,418,https://www.takealot.com/paris-corner-khair-felicity-100ml/PLID98046722,https://media.takealot.com/covers_images/c587d22e803d45fc87fd85f461e1d3b0/s-pdpxl.file
95148699,Unbreakable Travel Luggage 3 Piece Suitcases Spinner,,General Merchandise,3500,,No live offer,36,1685,https://www.takealot.com/unbreakable-travel-luggage-3-piece-suitcases-spinner/PLID95148699,https://media.takealot.com/covers_images/e34cf7ec9aba4c4daea3acc6a03bdea8/s-pdpxl.file
91472896,Eames Dining Room Table -Grey,,Home & Kitchen,1395,Ships in 5 - 7 work days,Lead time (imported),1,572,https://www.takealot.com/eames-dining-room-table-grey/PLID91472896,https://media.takealot.com/covers_images/f013b977262a4c26a30ec43359e8a566/s-pdpxl.file
72400266,Instant Quick Heating Water Tap & Shower,,General Merchandise,385,In stock,In stock (fast),5,1202,https://www.takealot.com/instant-quick-heating-water-tap-shower/PLID72400266,https://media.takealot.com/covers_images/162a9af951ff43829eb71d26e5e85ee3/s-pdpxl.file
72723650,Whole Body Fitness Vibration Platform Machine - 183308,,Sport & Outdoor,1339,In stock,In stock (fast),5,2030,https://www.takealot.com/whole-body-fitness-vibration-platform-machine-183308/PLID72723650,https://media.takealot.com/covers_images/6164bbe1355e469bb7980f234cd66a8f/s-pdpxl.file
93512885,Curtain Tiebacks,,Home & Kitchen,480,Ships in 4 - 6 work days,Lead time (imported),4,344,https://www.takealot.com/curtain-tiebacks/PLID93512885,https://media.takealot.com/covers_images/0a35c267361c4d55bfe9701ab5724048/s-pdpxl.file
99465348,Water Filters For Sage Coffee Maker,,General Merchandise,909,In stock,In stock (fast),5,1055,https://www.takealot.com/water-filters-for-sage-coffee-maker/PLID99465348,https://media.takealot.com/covers_images/ce546c098e65404dad04ef41f0d3298b/s-pdpxl.file
95890786,7 Pcs Drill Brush Power Scrubber Cleaning Brush with Extend Attachment,,Tools & DIY,189,Supplier out of stock,Other,9,1515,https://www.takealot.com/7-pcs-drill-brush-power-scrubber-cleaning-brush-with-extend-atta/PLID95890786,https://media.takealot.com/covers_images/5d0a81ae4c6e4076aaf03c1f32d44d70/s-pdpxl.file
69280201,Mooistar 3 Piece Spiral Travel Luggage Bag Set-Silver,,Fashion,1263,Supplier out of stock,Other,5,1191,https://www.takealot.com/mooistar-3-piece-spiral-travel-luggage-bag-set-silver/PLID69280201,https://media.takealot.com/covers_images/d6d33e9de4164c8bb5d76f8bad5691c5/s-pdpxl.file
101399719,Japanese Wooden Salad Bowl Jujube Wood Soup Noodle Serving,,Home & Kitchen,238,Ships in 14 - 16 work days,Lead time (imported),5,669,https://www.takealot.com/japanese-wooden-salad-bowl-jujube-wood-soup-noodle-serving/PLID101399719,https://media.takealot.com/covers_images/80f88b1c9e194502aa288bb168d5e356/s-pdpxl.file
99265801,"4 Pcs 35 Inch Silk Head Scarf, Women Hair Satin Scarf Square Silk Bandanas",,Beauty & Health,252,Ships in 14 - 16 work days,Lead time (imported),7,1645,https://www.takealot.com/4-pcs-35-inch-silk-head-scarf-women-hair-satin-scarf-square-silk/PLID99265801,https://media.takealot.com/covers_images/07370971055e45e0b3404cdaa8d7e773/s-pdpxl.file
101040674,Large Sheet Capacity Adjustable Music Stand,,Home & Kitchen,599,Ships in 4 - 6 work days,Lead time (imported),1,1208,https://www.takealot.com/large-sheet-capacity-adjustable-music-stand/PLID101040674,https://media.takealot.com/covers_images/740d45d2cd9a4993863d8fe7654a20a4/s-pdpxl.file
101816401,"Toolbox Lock T Handle, Stainless Steel Latch Compatible with Trailer",,Tools & DIY,450,Ships in 14 - 16 work days,Lead time (imported),5,696,https://www.takealot.com/toolbox-lock-t-handle-stainless-steel-latch-compatible-with-trai/PLID101816401,https://media.takealot.com/covers_images/5897098a4c5d448eb2c4e899bef537dc/s-pdpxl.file
92208171,HP- Original 415A LaserJet Toner Cartridge- Black,HP,General Merchandise,1999,Ships in 3 - 5 work days,Lead time (imported),1,1760,https://www.takealot.com/hp-original-415a-laserjet-toner-cartridge-black/PLID92208171,https://media.takealot.com/covers_images/cbd1518e714d4522959fbef8fbc297f7/s-pdpxl.file
101374884,Rubber Cleaning Blower for Keyboard Camera Lens Electronics Care,,Electronics,439,Ships in 14 - 16 work days,Lead time (imported),9,891,https://www.takealot.com/rubber-cleaning-blower-for-keyboard-camera-lens-electronics-care/PLID101374884,https://media.takealot.com/covers_images/782b2473d804486dbaa1d69d8a45f309/s-pdpxl.file
91973374,Daska Hard Outer Shell Travel Luggage Set - 3 Piece,Daska,General Merchandise,1473,,No live offer,46,1199,https://www.takealot.com/daska-hard-outer-shell-travel-luggage-set-3-piece/PLID91973374,https://media.takealot.com/covers_images/1d3ca4fea3f241b5baec725191c53c21/s-pdpxl.file
70400840,Rogue Hat Original Bush Suede Khaki,Rogue,Fashion,609,,No live offer,1,84,https://www.takealot.com/rogue-hat-original-bush-suede-khaki/PLID70400840,https://media.takealot.com/covers_images/6a65734c7c9245b2840b91bc90934997/s-pdpxl.file
91229888,Marble Pattern Bathroom Soft Mat Non-slip,,General Merchandise,170,,No live offer,12,738,https://www.takealot.com/marble-pattern-bathroom-soft-mat-non-slip/PLID91229888,https://media.takealot.com/covers_images/be106cdeaa0e451997bb24a0ad4a5067/s-pdpxl.file
44834297,Beurer Germany Air Humidifier & Aroma Oil Diffuser 20m Rooms: LB 37 White,Beurer,General Merchandise,999,In stock,In stock (fast),15,5958,https://www.takealot.com/beurer-germany-air-humidifier-aroma-oil-diffuser-20m-rooms-lb-37/PLID44834297,https://media.takealot.com/covers_images/35d7863877f949e48d4c02ae1f17541a/s-pdpxl.file
97993219,Women One-Piece Swimsuit,,General Merchandise,291,,No live offer,9,616,https://www.takealot.com/women-one-piece-swimsuit/PLID97993219,https://media.takealot.com/covers_images/c391748c7e5d4193aa8cf41c33ce1843/s-pdpxl.file
102003293,Yellow ABS Microphone Logo Stand Adjustable Sturdy Mic Flag for Recording,,Electronics,363,Supplier out of stock,Other,9,654,https://www.takealot.com/yellow-abs-microphone-logo-stand-adjustable-sturdy-mic-flag-for-/PLID102003293,https://media.takealot.com/covers_images/9ed435f94c054e459b34e34eacb0009c/s-pdpxl.file
90124106,Brown Orchid Gold Edition 80ml Eau De Perfume And Deodorant Spray,,Beauty & Health,299,In stock,In stock (fast),1,761,https://www.takealot.com/brown-orchid-gold-edition-80ml-eau-de-perfume-and-deodorant-spra/PLID90124106,https://media.takealot.com/covers_images/6ef533b95fcb4a5f9bfb92a7462d0e2e/s-pdpxl.file
93091444,Strawberry Lip Balm,,General Merchandise,83,In stock,In stock (fast),3,326,https://www.takealot.com/strawberry-lip-balm/PLID93091444,https://media.takealot.com/covers_images/ab36935f8ae147ca83a90a294dcab7d2/s-pdpxl.file
102002318,Colorful Candy Cane Phone Case Accessories For Christmas Festive Crafts,,Electronics,398,Ships in 14 - 16 work days,Lead time (imported),9,872,https://www.takealot.com/colorful-candy-cane-phone-case-accessories-for-christmas-festive/PLID102002318,https://media.takealot.com/covers_images/06bc26268185470b9b62b83bf1076e5b/s-pdpxl.file
102004217,Soft Durable Noise Reducing Sponge Cushion Covers Comfortable Ear Pads,,Home & Kitchen,309,Supplier out of stock,Other,9,635,https://www.takealot.com/soft-durable-noise-reducing-sponge-cushion-covers-comfortable-ea/PLID102004217,https://media.takealot.com/covers_images/d372073c86a844a08c733c07e059f86b/s-pdpxl.file
97129501,ENZO Professional Multifunctional Hair Dryer Brush 5 in 1 Air Curler,Enzo,Beauty & Health,2065,,No live offer,26,1221,https://www.takealot.com/professional-multifunctional-hair-dryer-brush-5-in-1-air-curler/PLID97129501,https://media.takealot.com/covers_images/7b50e68733ee4957acc3a6cabf4619ec/s-pdpxl.file
100041558,Wireless TV Game Stick Console With 2 Controllers 20000+ Games Plug Play,,Electronics,490,Ships in 14 - 16 work days,Lead time (imported),8,1666,https://www.takealot.com/wireless-tv-game-stick-console-with-2-controllers-20000-games-pl/PLID100041558,https://media.takealot.com/covers_images/473dd9f2ce7a4991b06cf35b091444bf/s-pdpxl.file
95939812,White Polypropylene 3 Piece Spinner Luggage Set- Hard Shell Durable,Begin Again,General Merchandise,3500,Ships in 5 - 7 work days,Lead time (imported),5,2139,https://www.takealot.com/white-polypropylene-3-piece-spinner-luggage-set-hard-shell-durab/PLID95939812,https://media.takealot.com/covers_images/733df63c36e948edb61cd37bc96c2769/s-pdpxl.file
91324309,Battery Cable 600mm Sq40 A1015,,Electronics,428,Ships in 5 - 7 work days,Lead time (imported),1,83,https://www.takealot.com/battery-cable-600mm-sq40-a1015/PLID91324309,https://media.takealot.com/covers_images/6164a5470aa64a7aa8b5a2fa5d861ca3/s-pdpxl.file
101826744,"Rotating Misting Nozzle Sprinkler, G1/2in Male Thread for Garden Irrigation",,Stationery & Office,423,Ships in 14 - 16 work days,Lead time (imported),5,843,https://www.takealot.com/rotating-misting-nozzle-sprinkler-g1-2in-male-thread-for-garden-/PLID101826744,https://media.takealot.com/covers_images/5c93f0814f4f41a39c17403a9c0bacb2/s-pdpxl.file
95231514,Portable Ultrasonic Dog Trainer & Chaser,,Home & Kitchen,209,In stock,In stock (fast),3,998,https://www.takealot.com/portable-ultrasonic-dog-trainer-chaser/PLID95231514,https://media.takealot.com/covers_images/7d4c4cec49164ddf82a75f49e95f4ab6/s-pdpxl.file
101547436,2 Pcs Sewing Needle Holder Wooden Needle Storage Case,,Home & Kitchen,364,In stock,In stock (fast),8,1114,https://www.takealot.com/2-pcs-sewing-needle-holder-wooden-needle-storage-case/PLID101547436,https://media.takealot.com/covers_images/df8ea784fb1f4389be31817024601836/s-pdpxl.file
94889060,Opel/Alfa Timing Tool Kit - 1.9 CDTI/2.0 CDTI (Diesel/6 Pieces),,Tools & DIY,260,In stock,In stock (fast),1,1462,https://www.takealot.com/opel-alfa-timing-tool-kit-1-9-cdti-2-0-cdti-diesel-6-pieces/PLID94889060,https://media.takealot.com/covers_images/d5feb463e4a64b38a9847ca0202d38e3/s-pdpxl.file
101189508,Boho Layered Evil Eye Crystal Charm Bracelet,,General Merchandise,286,,No live offer,40,671,https://www.takealot.com/boho-layered-evil-eye-crystal-charm-bracelet/PLID101189508,https://media.takealot.com/covers_images/cdb255b0ee7b4812ac124d82f1bddc0c/s-pdpxl.file
101824807,"12V 600GPH Bilge Pump, Automatic Submersible for Boat Drainage",,Automotive,694,Ships in 14 - 16 work days,Lead time (imported),5,575,https://www.takealot.com/12v-600gph-bilge-pump-automatic-submersible-for-boat-drainage/PLID101824807,https://media.takealot.com/covers_images/43e129957fad4bd2bfd8b2210ec079fa/s-pdpxl.file
95910666,Master Electric Window Switch Compatible with Nissan Micra III K12 2003-2010 25401AX600,,General Merchandise,511,Ships in 14 - 16 work days,Lead time (imported),16,899,https://www.takealot.com/master-electric-window-switch-compatible-with-nissan-micra-iii-k/PLID95910666,https://media.takealot.com/covers_images/697ca9c84a6d45c3b719672becb1c28f/s-pdpxl.file
100402536,"NIVEA MEN Deep MaxxTech Black Carbon Body Lotion, 400ml, Pack of 3",NIVEA,Beauty & Health,175,In stock,In stock (fast),9,1596,https://www.takealot.com/nivea-men-deep-maxxtech-black-carbon-body-lotion-400ml-pack-of-3/PLID100402536,https://media.takealot.com/covers_images/9851526e2a2d461185b521dbd28dda65/s-pdpxl.file
102006063,Furry Microphone Windscreen Muff Noise Reduction Pop Filter Dustproof Prot,,Electronics,411,Ships in 14 - 16 work days,Lead time (imported),9,962,https://www.takealot.com/furry-microphone-windscreen-muff-noise-reduction-pop-filter-dust/PLID102006063,https://media.takealot.com/covers_images/56e0e0958cad4d1aaa860962d82de1b5/s-pdpxl.file
91479306,2 x Drying Rack/Washing line - 3 Layer Multi Hanger - Wheels & SMTE Pegs,SMTE,General Merchandise,847,In stock,In stock (fast),3,1363,https://www.takealot.com/2-x-drying-rack-washing-line-3-layer-multi-hanger-wheels-smte-pe/PLID91479306,https://media.takealot.com/covers_images/bd9c657424124c3880d5590566fdd1c4/s-pdpxl.file
98591491,2 Sets Filters Compatible With Bissell 1665 2156A 2715 Vacuum,,Home & Kitchen,320,Ships in 14 - 16 work days,Lead time (imported),5,976,https://www.takealot.com/2-sets-filters-compatible-with-bissell-1665-2156a-2715-vacuum/PLID98591491,https://media.takealot.com/covers_images/5fbf1635464143a5a153bc8051f57ae8/s-pdpxl.file
93561322,Aluminum Telescopic Extension Ladder,,Tools & DIY,1589,,No live offer,3,233,https://www.takealot.com/aluminum-telescopic-extension-ladder/PLID93561322,https://media.takealot.com/covers_images/d5b43350bd94450dbc7d32d6f85e1594/s-pdpxl.file
99266044,Luggage Set - 3 piece - Strong and Durable,Begin Again,General Merchandise,1099,,No live offer,67,1715,https://www.takealot.com/luggage-set-3-piece-strong-and-durable/PLID99266044,https://media.takealot.com/covers_images/52acbc3ff183434d87e6fcd85e05e9f1/s-pdpxl.file
101549941,3 Pack - 80ml Refillable Fine Mist Cosmetic Spray Bottle - Transparent,,Home & Kitchen,541,Ships in 14 - 16 work days,Lead time (imported),5,783,https://www.takealot.com/3-pack-80ml-refillable-fine-mist-cosmetic-spray-bottle-transpare/PLID101549941,https://media.takealot.com/covers_images/bdc811af68f74e778b1ef61a078046dc/s-pdpxl.file
100888424,Electric Nail Drill Pen 0-35000RPM LCD Rechargeable Manicure Kit,,Beauty & Health,340,Ships in 14 - 16 work days,Lead time (imported),8,1294,https://www.takealot.com/electric-nail-drill-pen-0-35000rpm-lcd-rechargeable-manicure-kit/PLID100888424,https://media.takealot.com/covers_images/a1401eafd47c45708b0b47d9bebf47e5/s-pdpxl.file
72393234,Delica- 7 Pieces Cast Iron Cookware Set,Delica,Home & Kitchen,1057,,No live offer,10,1242,https://www.takealot.com/delica-7-pieces-cast-iron-cookware-set/PLID72393234,https://media.takealot.com/covers_images/80cd650e23fa46a5847a1b7e5cd780a0/s-pdpxl.file
101539493,Personalized Metal Keychain Pendant Custom Logo Engraved,,Stationery & Office,270,,No live offer,6,316,https://www.takealot.com/personalized-metal-keychain-pendant-custom-logo-engraved/PLID101539493,https://media.takealot.com/covers_images/decf92dc1a774815aae9add6b151f243/s-pdpxl.file
94094319,KZ EDX Pro Dual Dynamic In-Ear Monitor Earphones - No Mic - Black,KZ,Electronics,396,In stock,In stock (fast),6,1090,https://www.takealot.com/kz-edx-pro-dual-dynamic-in-ear-monitor-earphones-no-mic-black/PLID94094319,https://media.takealot.com/covers_images/04519f31b8ff40e9a66cca6dd5cc34ee/s-pdpxl.file
102005973,Anti-slip Cotton Elbow & Wrist Rest Pad For Office Desk Work And Typing,,Baby & Kids,307,Supplier out of stock,Other,9,710,https://www.takealot.com/anti-slip-cotton-elbow-wrist-rest-pad-for-office-desk-work-and-t/PLID102005973,https://media.takealot.com/covers_images/3b0d112e640844879ae3a7896845b6f8/s-pdpxl.file
38534494,HP Compatible Toner Cartridge Replacement 305A - Yellow (CE412A),,General Merchandise,283,Ships in 5 - 7 work days,Lead time (imported),1,95,https://www.takealot.com/hp-compatible-toner-cartridge-replacement-305a-yellow-ce412a/PLID38534494,https://media.takealot.com/covers_tsins/41260978/41260978-1-pdpxl.jpg
90221060,Rainbow Rug/Carpet,,Pet Supplies,224,Supplier out of stock,Other,3,677,https://www.takealot.com/rainbow-rug-carpet/PLID90221060,https://media.takealot.com/covers_images/08133ae0b8a9480383b251f2a278568d/s-pdpxl.file
73506522,Glitter Star Decoration Ornament for the Christmas Tree (20cm) (Pack of 6),,Home & Kitchen,397,Ships in 4 - 6 work days,Lead time (imported),1,216,https://www.takealot.com/glitter-star-decoration-ornament-for-the-christmas-tree-20cm-pac/PLID73506522,https://media.takealot.com/covers_images/199fbe5ff8d9467a9f665ef9c3298fad/s-pdpxl.file
100610988,"NIVEA MEN DEEP bundle: Shower Gel, Deodorant Spray, Body Lotion, Face Cream",NIVEA,Beauty & Health,215,In stock,In stock (fast),9,1200,https://www.takealot.com/nivea-men-deep-bundle-shower-gel-deodorant-spray-body-lotion-fac/PLID100610988,https://media.takealot.com/covers_images/a4fd1e95b57147aaa6ea01ae7d02a07a/s-pdpxl.file
93097353,SMTE - Infinite Quality Travel Ware - 3 Piece Luggage Set,,General Merchandise,1499,,No live offer,30,1168,https://www.takealot.com/smte-infinite-quality-travel-ware-3-piece-luggage-set/PLID93097353,https://media.takealot.com/covers_images/94de2da4813c435a8560d35d36bef13b/s-pdpxl.file
73687218,3 Piece Hard Outer Shell Luggage Set: 28inch - 29inch - 30inch-31inch sets,,General Merchandise,1261,,No live offer,5,1241,https://www.takealot.com/3-piece-hard-outer-shell-luggage-set-28inch-29inch-30inch-31inch/PLID73687218,https://media.takealot.com/covers_images/fd48154962f3497bbd376d008f2da928/s-pdpxl.file
96614976,120W Super Fast Universal Desktop Charging Station For Phone/Laptop,,Electronics,409,In stock,In stock (fast),5,638,https://www.takealot.com/120w-super-fast-universal-desktop-charging-station-for-phone-lap/PLID96614976,https://media.takealot.com/covers_images/57b2ebef387647258e3691edbcab2a93/s-pdpxl.file
94447590,KZ EDX Stage Monitor In Ear Earphones - Black,KZ,Electronics,295,In stock,In stock (fast),4,1430,https://www.takealot.com/kz-edx-stage-monitor-in-ear-earphones/PLID94447590,https://media.takealot.com/covers_images/e3a44d688e08434895250a9967ff9964/s-pdpxl.file
102006207,Soft Sponge Microphone Windscreens for Stage and Recording Enhanced Audio,,Electronics,375,Ships in 14 - 16 work days,Lead time (imported),9,829,https://www.takealot.com/soft-sponge-microphone-windscreens-for-stage-and-recording-enhan/PLID102006207,https://media.takealot.com/covers_images/1cc97d39070c4131a067d06c2323028d/s-pdpxl.file
102005977,Crystal Glass Desktop Microphone Stand Holder Base for Office and KTV,,Electronics,357,Ships in 14 - 16 work days,Lead time (imported),9,867,https://www.takealot.com/crystal-glass-desktop-microphone-stand-holder-base-for-office-an/PLID102005977,https://media.takealot.com/covers_images/17481ed4bdd44ebbb4ab89bb5042a04e/s-pdpxl.file
98573292,"16 Pack Cat Fountain Filters,Cat Fountain Replacement Filters",,Pet Supplies,199,In stock,In stock (fast),8,940,https://www.takealot.com/16-pack-cat-fountain-filters-cat-fountain-replacement-filters/PLID98573292,https://media.takealot.com/covers_images/1f0d590a90cf4545a8ad5dc1e20dddfb/s-pdpxl.file
95920408,GALAXIA ABS Durable & Lightweight Hardside Spinner Luggage Set - 3-Piece - Rose Gold,GALAXIA,Home & Kitchen,1499,In stock,In stock (fast),6,3831,https://www.takealot.com/galaxia-abs-durable-lightweight-hardside-spinner-luggage-set-3-p/PLID95920408,https://media.takealot.com/covers_images/257081c8c60645bc9d48065d05de2fe8/s-pdpxl.file
91435114,"DELL PE1520C Premier Briefcase 15.6"" - 460-BCQL",Dell,General Merchandise,1603,Ships in 4 - 6 work days,Lead time (imported),5,1891,https://www.takealot.com/dell-pe1520c-premier-briefcase-15-6-460-bcql/PLID91435114,https://media.takealot.com/covers_images/fa84e5117d704e07b4b88720fd2dd434/s-pdpxl.file
100773508,925 Sterling Silver Bracelet Lucky Four - Leaf Clover 1ct Moissanite,,General Merchandise,786,Ships in 14 - 16 work days,Lead time (imported),5,713,https://www.takealot.com/925-sterling-silver-bracelet-lucky-four-leaf-clover-1ct-moissani/PLID100773508,https://media.takealot.com/covers_images/ac55b644cccd4bfaaabcc65adb7e7931/s-pdpxl.file
102146746,Interactive Shark Bite Game Desktop Family Party Toy,,Toys & Games,603,Ships in 14 - 16 work days,Lead time (imported),9,620,https://www.takealot.com/interactive-shark-bite-game-desktop-family-party-toy/PLID102146746,https://media.takealot.com/covers_images/0155782081d245f9864162d8311ca73e/s-pdpxl.file
91550340,Cricut Removable Smart Vinyl Write White,Cricut,General Merchandise,349,In stock,In stock (fast),1,112,https://www.takealot.com/cricut-removable-smart-vinyl-write-white/PLID91550340,https://media.takealot.com/covers_images/2853bbe555694b7799fdf1bdac5a6bba/s-pdpxl.file
69308191,Men Western Embossed Vintage Pin Buckle Genuine Leather Belt-Coffee,,Fashion,165,In stock,In stock (fast),5,689,https://www.takealot.com/men-western-embossed-vintage-pin-buckle-genuine-leather-belt-cof/PLID69308191,https://media.takealot.com/covers_images/83cd0ae0e2f148f3b7cc4899111fd25c/s-pdpxl.file
99465667,Diadora Massimo Track Pants,Diadora,Home & Kitchen,699,,No live offer,15,951,https://www.takealot.com/diadora-massimo-track-pants/PLID99465667,https://media.takealot.com/covers_images/974f8cd840064a56a158bdf7e3dfc112/s-pdpxl.file
95769148,Fengru X2 Pro - In ear earphones - No mic,,Electronics,139,,No live offer,5,1296,https://www.takealot.com/fengru-x2-pro-in-ear-earphones-no-mic/PLID95769148,https://media.takealot.com/covers_images/b5996b69568742a9b6423db1fa5f5827/s-pdpxl.file
65543004,3 Piece Graphic Art PU Leather Travel Luggage Bag Set - Paris Eiffel Tower,,Fashion,2500,Ships in 5 - 7 work days,Lead time (imported),5,1067,https://www.takealot.com/3-piece-graphic-art-pu-leather-travel-luggage-bag-set/PLID65543004,https://media.takealot.com/covers_tsins/68707530/68707530-1-pdpxl.jpeg
101351853,High Precision SHT21 I2C Humidity & Temperature Sensor Module,,General Merchandise,340,Ships in 14 - 16 work days,Lead time (imported),5,2461,https://www.takealot.com/high-precision-sht21-i2c-humidity-temperature-sensor-module/PLID101351853,https://media.takealot.com/covers_images/ba5c4cf20eca4e678f9c27c2d4b9c6bf/s-pdpxl.file
90115450,Cricut Glitter Iron-On 30x48cm (Eggplant),Cricut,Home & Kitchen,352,Ships in 4 - 6 work days,Lead time (imported),1,273,https://www.takealot.com/cricut-glitter-iron-on-30x48cm-eggplant/PLID90115450,https://media.takealot.com/covers_images/fcaf7a90b1b24eabaa34141a871b3325/s-pdpxl.file
100412393,Foldable Stand Protective Case Compatible With Huawei MatePad Pro 13.2-Inch,,General Merchandise,219,,No live offer,30,948,https://www.takealot.com/foldable-stand-protective-case-compatible-with-huawei-matepad-pr/PLID100412393,https://media.takealot.com/covers_images/1fe30ed1a9a0469488797b972be53161/s-pdpxl.file
101931184,"Flower LED Plug-In Night Light, Vintage Warm Wall Lamp",,Home & Kitchen,639,Ships in 14 - 16 work days,Lead time (imported),8,670,https://www.takealot.com/flower-led-plug-in-night-light-vintage-warm-wall-lamp/PLID101931184,https://media.takealot.com/covers_images/95fdf4968a4b40b3ab6836b364a0fe89/s-pdpxl.file
91293115,Speroni - Submersible Pump 100mm St-2540-3.70Kw,Speroni,General Merchandise,5098,Ships in 5 - 7 work days,Lead time (imported),1,117,https://www.takealot.com/speroni-submersible-pump-100mm-st-2540-3-70kw/PLID91293115,https://media.takealot.com/covers_images/a84f813a64594beeb658b9c39cf4d43c/s-pdpxl.file
100971535,Eslnf Nylon Bike Pedals Self-Locking Spd Mountain Road Bicycle Pedals,,Sport & Outdoor,743,Ships in 14 - 16 work days,Lead time (imported),6,926,https://www.takealot.com/eslnf-nylon-bike-pedals-self-locking-spd-mountain-road-bicycle-p/PLID100971535,https://media.takealot.com/covers_images/1b8901b37bac41449e03d4f514b4c151/s-pdpxl.file
100827188,Wallet Case with RFID Blocking Compatible with iPhone 15,,Electronics,300,,No live offer,25,1584,https://www.takealot.com/wallet-case-with-rfid-blocking-compatible-with-iphone-15/PLID100827188,https://media.takealot.com/covers_images/1fa7d60366044f28810c7a1dae74d0c1/s-pdpxl.file
91021461,latest Modern Style Eiffel Chair Counter Bar Stools Set - 2 Pieces,,Home & Kitchen,1594,,No live offer,11,1291,https://www.takealot.com/latest-modern-style-eiffel-chair-counter-bar-stools-set-2-pieces/PLID91021461,https://media.takealot.com/covers_images/27caa024f6e54910b5e47ace56febf2f/s-pdpxl.file
46639928,PS Vita Charger Power Supply with Power Cord - Black,,Electronics,149,In stock,In stock (fast),1,349,https://www.takealot.com/ps-vita-charger-power-supply-with-power-cord-black/PLID46639928,https://media.takealot.com/covers_tsins/49501640/49501640-1-pdpxl.JPG
97216111,Butterfly Metal Wind Chimes Bells Home Decoration,,Home & Kitchen,294,Ships in 14 - 16 work days,Lead time (imported),6,33,https://www.takealot.com/butterfly-metal-wind-chimes-bells-home-decoration/PLID97216111,https://media.takealot.com/covers_images/5e78d9126f8b4137a59f345be5c0552b/s-pdpxl.file
99751959,Clothes Drying Rack Free-Standing 2 Level Foldable,,General Merchandise,674,Ships in 4 - 6 work days,Lead time (imported),8,1194,https://www.takealot.com/sammag-biz-free-standing-clothes-drying-rack-2-level-foldable/PLID99751959,https://media.takealot.com/covers_images/3a193c15fe874f8fb22ef62bb39e5f77/s-pdpxl.file
101293359,"Inflatable Floating Lounge Chair, Suitable for Pool And Beach Parties",,Home & Kitchen,1510,,No live offer,9,465,https://www.takealot.com/inflatable-floating-lounge-chair-suitable-for-pool-and-beach-par/PLID101293359,https://media.takealot.com/covers_images/8f3ad5d84ead49e9baeedef925463b80/s-pdpxl.file
91244249,Modern and Stylish Wooden Dining 80cmx 80cmx70cm,,General Merchandise,1895,Ships in 5 - 7 work days,Lead time (imported),5,553,https://www.takealot.com/modern-and-stylish-wooden-dining-80cmx-80cmx70cm/PLID91244249,https://media.takealot.com/covers_images/99a266ac04bc42308c3a383334153465/s-pdpxl.file
101162906,Magnetic Rotate Ring Phone Case Compatible With Honor Magic 8 Lite,,Electronics,232,,No live offer,29,1018,https://www.takealot.com/magnetic-rotate-ring-phone-case-compatible-with-honor-magic-8-li/PLID101162906,https://media.takealot.com/covers_images/a5402bd35dc545cf81c300cd839365c6/s-pdpxl.file
46993593,Wiley X WX Valor 2.5 3 Lens Set (Grey/Clear/Light Rust) Tactical Eyewear,Wiley X,Home & Kitchen,2925,,No live offer,18,1946,https://www.takealot.com/wiley-x-wx-valor-2-5-3-lens-set-grey-clear-light-rust-tactical-e/PLID46993593,https://media.takealot.com/covers_images/ea396615211848e496e874eaeb2f5a9c/s-pdpxl.file
90469606,5 Piece Dining Table & Wooden Leg Chair Set,,Home & Kitchen,3595,Ships in 5 - 7 work days,Lead time (imported),1,331,https://www.takealot.com/5-piece-dining-table-wooden-leg-chair-set/PLID90469606,https://media.takealot.com/covers_images/3a0da9e00d6241c9b8316e6dcf7c3d3e/s-pdpxl.file
91115209,Water-Resistant Large Travel Bag for Women and Men,,Fashion,130,,No live offer,17,1347,https://www.takealot.com/water-resistant-large-travel-bag-for-women-and-men/PLID91115209,https://media.takealot.com/covers_images/441434d3a86b4b9b90127bcea851cb90/s-pdpxl.file
100621983,Seat Cushion Pillow Chair Pads,,Home & Kitchen,966,,No live offer,23,872,https://www.takealot.com/seat-cushion-pillow-chair-pads/PLID100621983,https://media.takealot.com/covers_images/17fb2fd304c647978e37d680af8b5d4f/s-pdpxl.file
95399534,Pacific Technologies ER-308UV Electronic Cash Register,Pacific,General Merchandise,4499,Supplier out of stock,Other,2,1232,https://www.takealot.com/pacific-technologies-er-308uv-electronic-cash-register/PLID95399534,https://media.takealot.com/covers_images/0afe4d699e0444f9adaae951c2d82fdc/s-pdpxl.file
101352213,Solar DC Isolator Switch 4P 32A 1000V IP66 Waterproof for PV System,,General Merchandise,1973,Ships in 14 - 16 work days,Lead time (imported),5,1539,https://www.takealot.com/solar-dc-isolator-switch-4p-32a-1000v-ip66-waterproof-for-pv-sys/PLID101352213,https://media.takealot.com/covers_images/3928f5e0006c47918d0367d06d44c6f7/s-pdpxl.file
97044947,"Unbreakable Light Gray 3-Piece PP Luggage Set - Durable, Spinner Wheels TSA",,Home & Kitchen,2197,Ships in 4 - 6 work days,Lead time (imported),6,2123,https://www.takealot.com/unbreakable-light-gray-3-piece-pp-luggage-set-durable-spinner-wh/PLID97044947,https://media.takealot.com/covers_images/480a4acb53ab46219acce9804d3d6b93/s-pdpxl.file
71885258,Epson ink bottle T6732 Cyan,Epson,Home & Kitchen,489,Ships in 4 - 6 work days,Lead time (imported),1,174,https://www.takealot.com/epson-ink-bottle-t6732-cyan/PLID71885258,https://media.takealot.com/covers_images/eb95fa139a654615809ab46d8e4997f0/s-pdpxl.file
96470930,3 Way Manifold Gauge Set With 3 Tubes Air Conditioning Line Repair Tools,,Tools & DIY,350,In stock,In stock (fast),5,1537,https://www.takealot.com/3-way-manifold-gauge-set-with-3-tubes-air-conditioning-line-repa/PLID96470930,https://media.takealot.com/covers_images/547df400fdc94eb1803e40700aa4d7d0/s-pdpxl.file
93172960,Steel Cladd Quick Dry Enamel Shearer Green 5L,,General Merchandise,848,Supplier out of stock,Other,1,426,https://www.takealot.com/steel-cladd-quick-dry-enamel-shearer-green-5l/PLID93172960,https://media.takealot.com/covers_images/437d480b433049bca7834d708476de25/s-pdpxl.file
101472150,20m Air Compressor Hose 1/4in NPT 5mm ID 8mm OD PU Tube Tubing Red,,General Merchandise,836,Ships in 14 - 16 work days,Lead time (imported),5,1196,https://www.takealot.com/20m-air-compressor-hose-1-4in-npt-5mm-id-8mm-od-pu-tube-tubing-r/PLID101472150,https://media.takealot.com/covers_images/05819fe06762497aa0688c761581f2d9/s-pdpxl.file
100665031,Car Turn Signal Light Control Lights Wiper Control Compatible with Isuzu,,Automotive,923,Ships in 14 - 16 work days,Lead time (imported),10,1777,https://www.takealot.com/car-turn-signal-light-control-lights-wiper-control-compatible-wi/PLID100665031,https://media.takealot.com/covers_images/d625d2088dc041d2a1a63eb8f20ef5f2/s-pdpxl.file
100053404,Red Envelopes Chinese New Year Dragon 2024,,General Merchandise,298,Ships in 14 - 16 work days,Lead time (imported),7,1311,https://www.takealot.com/red-envelopes-chinese-new-year-dragon-2024/PLID100053404,https://media.takealot.com/covers_images/01aebf7d2ce24c048aca84f133402d2a/s-pdpxl.file
95875854,"MSI MAG401QR 40"" 155Hz Ultrawide Gaming Monitor",MSI,Electronics,12798,Ships in 4 - 6 work days,Lead time (imported),5,1703,https://www.takealot.com/msi-mag401qr-40-155hz-ultrawide-gaming-monitor/PLID95875854,https://media.takealot.com/covers_images/a6ed4ee9538048908095be47451a13c6/s-pdpxl.file
99868467,Compatible with iPhone 17 Clear Case with 5D Tempered Glass - 6.3 Inch,,Electronics,89,In stock,In stock (fast),6,1014,https://www.takealot.com/compatible-with-iphone-17-clear-case-with-5d-tempered-glass-6-3-/PLID99868467,https://media.takealot.com/covers_images/ba4d54eb8b274eb7bd271e77e350fd0b/s-pdpxl.file
95231781,Unbreakable Travel Luggage 3 Piece Suitcases Spinner,,General Merchandise,1997,,No live offer,50,1691,https://www.takealot.com/unbreakable-travel-luggage-3-piece-suitcases-spinner/PLID95231781,https://media.takealot.com/covers_images/000c17ba5fdd495ab1ef21d77cbb16e9/s-pdpxl.file
101195038,Creative Wallet Phone Case Compatible with Samsung Galaxy S20 FE,,Electronics,349,,No live offer,10,344,https://www.takealot.com/creative-wallet-phone-case-compatible-with-samsung-galaxy-s20-fe/PLID101195038,https://media.takealot.com/covers_images/2f6ef54f73d04038b1534709c9466534/s-pdpxl.file
90243116,Close Couple Cistern FP15B Bibo Front Flush Mechanism,Dutton Plastics Engineering,Baby & Kids,764,Ships in 5 - 7 work days,Lead time (imported),1,167,https://www.takealot.com/close-couple-cistern-fp15b-bibo-front-flush-mechanism/PLID90243116,https://media.takealot.com/covers_tsins/54894776/54894776-1-pdpxl.jpeg
101261236,Fabric-Textured Leather Phone Case Compatible with Samsung Galaxy S26 Ultra,,Electronics,316,,No live offer,11,340,https://www.takealot.com/fabric-textured-leather-phone-case-compatible-with-samsung-galax/PLID101261236,https://media.takealot.com/covers_images/b7b22a21256a41e0b846e09b0bced16a/s-pdpxl.file
97212162,4Piece Plastic Garden Fence/Edging Garden Edging Borders,,General Merchandise,385,In stock,In stock (fast),7,816,https://www.takealot.com/4piece-plastic-garden-fence-edging-garden-edging-borders/PLID97212162,https://media.takealot.com/covers_images/991a736e4a5c4e059310a380d9d36bc7/s-pdpxl.file
91293413,Armadillo - Hose Garden Std 20mm 30M 1 Roll,Armadillo,General Merchandise,1023,Ships in 4 - 6 work days,Lead time (imported),1,109,https://www.takealot.com/armadillo-hose-garden-std-20mm-30m-1-roll/PLID91293413,https://media.takealot.com/covers_images/0fb6c0c2250b4155b234ce65e1060f42/s-pdpxl.file
101828762,White LED Fabric Shaver 6 Blade and 1 Extra Head,,Beauty & Health,346,Ships in 14 - 16 work days,Lead time (imported),15,319,https://www.takealot.com/white-led-fabric-shaver-6-blade-and-1-extra-head/PLID101828762,https://media.takealot.com/covers_images/baf036f723f0470da3b4c1e9dcdad366/s-pdpxl.file
101351519,19Pcs MB15 Welding Tool Kit - Industrial Power Tools & Accessories,,Tools & DIY,459,Ships in 14 - 16 work days,Lead time (imported),5,869,https://www.takealot.com/19pcs-mb15-welding-tool-kit-industrial-power-tools-accessories/PLID101351519,https://media.takealot.com/covers_images/c8df177ba8c7424aa18e9be22ee8a53e/s-pdpxl.file
95470071,Dual Band Ham Radio Including Earphone Handheld Walkie Talkie,,Electronics,315,In stock,In stock (fast),5,726,https://www.takealot.com/dual-band-ham-radio-including-earphone-handheld-walkie-talkie/PLID95470071,https://media.takealot.com/covers_images/df413bac7130427c970371c6455cca04/s-pdpxl.file
98049418,Gloot Protein Water Cranberry Crush,Gloot Nutrition,General Merchandise,319,In stock,In stock (fast),3,383,https://www.takealot.com/gloot-protein-water-cranberry-crush/PLID98049418,https://media.takealot.com/covers_images/3a1a6a512a7549c0ac8d4eb5d0162cf1/s-pdpxl.file
100929160,Bluetooth Call Smart Watch for Android iOS,,Electronics,581,Ships in 14 - 16 work days,Lead time (imported),5,452,https://www.takealot.com/bluetooth-call-smart-watch-for-android-ios/PLID100929160,https://media.takealot.com/covers_images/415cb91632644e31a8039eecb8f4757e/s-pdpxl.file
98886681,Women's Lace Babydoll Garter Lingerie Dress with Thong and Stockings Set,,Toys & Games,218,,No live offer,6,549,https://www.takealot.com/women-s-lace-babydoll-garter-lingerie-dress-with-thong-and-stock/PLID98886681,https://media.takealot.com/covers_images/6e76c42e44ec4830a9350a7c50e1fa2e/s-pdpxl.file
72185259,Salton 3 Panel Gas Heater,Salton,Home & Kitchen,1099,In stock,In stock (fast),4,474,https://www.takealot.com/salton-3-panel-gas-heater/PLID72185259,https://media.takealot.com/covers_images/2545f5fb79f948eeb402a599e17c009a/s-pdpxl.file
52580962,90Degree Solvent Elbow - 160mm,,General Merchandise,895,Ships in 5 - 7 work days,Lead time (imported),1,450,https://www.takealot.com/90degree-solvent-elbow-160mm/PLID52580962,https://media.takealot.com/covers_tsins/55526861/55526861-1-pdpxl.jpeg
101388594,Compact Multifunctional Earphone Storage Bag for Travel,,Electronics,277,Ships in 14 - 16 work days,Lead time (imported),8,739,https://www.takealot.com/compact-multifunctional-earphone-storage-bag-for-travel/PLID101388594,https://media.takealot.com/covers_images/5c7c6760f75a4db5847bb1cdaa634ecd/s-pdpxl.file
101303524,5Pieces Decorative Garden Fence,,Home & Kitchen,409,Ships in 14 - 16 work days,Lead time (imported),5,940,https://www.takealot.com/5pieces-decorative-garden-fence/PLID101303524,https://media.takealot.com/covers_images/bad4395fef044ebdb7a97ce361a20d3b/s-pdpxl.file
91224013,Kaufmann - Cam Lock 30mm Brass Plated - 3 Pack,Kaufmann,Home & Kitchen,268,Ships in 4 - 6 work days,Lead time (imported),1,97,https://www.takealot.com/kaufmann-cam-lock-30mm-brass-plated-3-pack/PLID91224013,https://media.takealot.com/covers_images/e7e5964782c84d7ab89a654a628c114b/s-pdpxl.file
96016958,Shind CRV Chrome Vanadium Steel Industrial Grade Long Nose Pliers,Shind,General Merchandise,254,Ships in 4 - 6 work days,Lead time (imported),5,1825,https://www.takealot.com/shind-crv-chrome-vanadium-steel-industrial-grade-long-nose-plier/PLID96016958,https://media.takealot.com/covers_images/a2b81b8b316045009a4ede1101004960/s-pdpxl.file
91294601,K-Brand - Tee Galv Reducing 50X20mm,K-BRAND,General Merchandise,193,Ships in 4 - 6 work days,Lead time (imported),1,93,https://www.takealot.com/k-brand-tee-galv-reducing-50x20mm/PLID91294601,https://media.takealot.com/covers_images/0e419c4acc1e42d1990ffd05786f72a2/s-pdpxl.file
100964665,Valve Core Remover & Installer with Dual Size Sae Compatible with Universal,,General Merchandise,398,Ships in 14 - 16 work days,Lead time (imported),8,2436,https://www.takealot.com/valve-core-remover-installer-with-dual-size-sae-compatible-with-/PLID100964665,https://media.takealot.com/covers_images/6068e6748e814f3299208a30b5680ffe/s-pdpxl.file
99674104,RFID Zip Leather Wallet Case Compatible With Samsung Galaxy A55 Cover,,Fashion,360,,No live offer,31,299,https://www.takealot.com/rfid-zip-leather-wallet-case-compatible-with-samsung-galaxy-a55-/PLID99674104,https://media.takealot.com/covers_images/137b42bac40e4aeaabf3bc94eaf8e2b8/s-pdpxl.file
95525616,1080P Mini Home 4K Projector Compact & Portable,,Home & Kitchen,947,In stock,In stock (fast),9,1625,https://www.takealot.com/1080p-mini-home-4k-projector-compact-portable/PLID95525616,https://media.takealot.com/covers_images/27af1e2771454eab90463df8bd3bd490/s-pdpxl.file
100416949,Flower Paint Manager Paint Brush Cleaner Solution for Artists,,General Merchandise,361,Ships in 14 - 16 work days,Lead time (imported),9,1545,https://www.takealot.com/flower-paint-manager-paint-brush-cleaner-solution-for-artists/PLID100416949,https://media.takealot.com/covers_images/393c511720d2459fa4967145d0d988df/s-pdpxl.file
101867519,"Bluetooth Sleep Eye Mask with 3D Contour, Ice Silk, Speakers, Washable",,Electronics,348,Ships in 14 - 16 work days,Lead time (imported),5,732,https://www.takealot.com/bluetooth-sleep-eye-mask-with-3d-contour-ice-silk-speakers-washa/PLID101867519,https://media.takealot.com/covers_images/b59fd70fba344d11a7944f4ae6a33d83/s-pdpxl.file
94068410,Star Wars-The Bounty Collect 5cm Mandalorian Figure- Blindbox,Star Wars,Toys & Games,335,In stock,In stock (fast),11,832,https://www.takealot.com/star-wars-the-bounty-collect-5cm-mandalorian-figure-blindbox/PLID94068410,https://media.takealot.com/covers_images/a0bfebccd12e4468acf2df28f77e5828/s-pdpxl.file
72304778,2pc Bathroom Rugs Fine Shaggy Set,AZAZ ENTERPRISE,General Merchandise,499,,No live offer,6,601,https://www.takealot.com/2pc-bathroom-rugs-fine-shaggy-set/PLID72304778,https://media.takealot.com/covers_images/f160fc76d0c24a6fb01f6a99f7fe7ad9/s-pdpxl.file
101549532,3 Pack - 50ml Refillable Fine Mist Cosmetic Spray Bottle - Transparent,,Home & Kitchen,353,Ships in 14 - 16 work days,Lead time (imported),5,783,https://www.takealot.com/3-pack-50ml-refillable-fine-mist-cosmetic-spray-bottle-transpare/PLID101549532,https://media.takealot.com/covers_images/2f8d000f91684e20998a2877deae2b45/s-pdpxl.file
90629578,Unbreakable Travel Luggage 4 Piece Suitcases Spinner,,General Merchandise,1948,,No live offer,42,1755,https://www.takealot.com/unbreakable-travel-luggage-4-piece-suitcases-spinner/PLID90629578,https://media.takealot.com/covers_images/1cf9d2335c764f81b50eb571d3649723/s-pdpxl.file
101394369,"Electric Nail File, Wireless Nail Drill with 5 Speeds & LCD Display",,Beauty & Health,387,Ships in 14 - 16 work days,Lead time (imported),5,2597,https://www.takealot.com/electric-nail-file-wireless-nail-drill-with-5-speeds-lcd-display/PLID101394369,https://media.takealot.com/covers_images/40837968396640b5bb2b907aab79d781/s-pdpxl.file
101538625,Metal Airplane Car Keychain Mini Creative Design Car Accessories,,Automotive,298,Ships in 14 - 16 work days,Lead time (imported),5,288,https://www.takealot.com/metal-airplane-car-keychain-mini-creative-design-car-accessories/PLID101538625,https://media.takealot.com/covers_images/afc1d57a49294953b3c0b712c49ea8d5/s-pdpxl.file
91292958,Lawnking - L/Mower Wheel & Axle Kit 150mm,Lawnking,General Merchandise,313,Ships in 4 - 6 work days,Lead time (imported),1,105,https://www.takealot.com/lawnking-l-mower-wheel-axle-kit-150mm/PLID91292958,https://media.takealot.com/covers_images/36e2233c545444cbb6f15c8001a2c41b/s-pdpxl.file
102005372,Black Metal Microphone Boom Arm Y-type Support Bracket Fits Mic Stands,,Electronics,434,Ships in 14 - 16 work days,Lead time (imported),9,706,https://www.takealot.com/black-metal-microphone-boom-arm-y-type-support-bracket-fits-mic-/PLID102005372,https://media.takealot.com/covers_images/3023d9e55c134f17bd439f405b6210ce/s-pdpxl.file
96624803,Rayswitch Magsafe Magnetic Phone Holder Car Mount Foldable Adjustable,Rayswitch,Electronics,139,In stock,In stock (fast),9,2091,https://www.takealot.com/rayswitch-magsafe-magnetic-phone-holder-car-mount-foldable-adjus/PLID96624803,https://media.takealot.com/covers_images/afbf2ef4faf449fca8f4e0754c3a62f4/s-pdpxl.file
95880639,Outer Front Door Handle for Toyota Corolla EE90/AE92/Conquest - Left Side,,Toys & Games,145,In stock,In stock (fast),5,371,https://www.takealot.com/outer-front-door-handle-for-toyota-corolla-ee90-ae92-conquest-le/PLID95880639,https://media.takealot.com/covers_images/b5b587149fb1433eb982b8acba3d3ce5/s-pdpxl.file
99749882,Clear MagSafe Magnetic Slim Shockproof Cover Compatible with iPhone 17,,Electronics,89,In stock,In stock (fast),5,865,https://www.takealot.com/clear-magsafe-magnetic-slim-shockproof-cover-compatible-with-iph/PLID99749882,https://media.takealot.com/covers_images/42c46494e84d49c0a10cd6d4a1b9c1a9/s-pdpxl.file
99728307,Pastors and Performance Costumes for Priests Nuns Play Virgin Mary Priest,,General Merchandise,484,,No live offer,7,431,https://www.takealot.com/pastors-and-performance-costumes-for-priests-nuns-play-virgin-ma/PLID99728307,https://media.takealot.com/covers_images/96dcd4746022403b8655f82a09e54790/s-pdpxl.file
101009512,Car Fuel Tank Cap Gas Cover for Cooper S R50 R53 Compatible with Mini,,Fashion,1816,Ships in 14 - 16 work days,Lead time (imported),6,553,https://www.takealot.com/car-fuel-tank-cap-gas-cover-for-cooper-s-r50-r53-compatible-with/PLID101009512,https://media.takealot.com/covers_images/756abd8647a4462ab5f5865e8fa59bd0/s-pdpxl.file
91293175,Speroni - Submersible Pump 100mm St-0513-0.37Kw,Speroni,General Merchandise,2017,Ships in 5 - 7 work days,Lead time (imported),1,117,https://www.takealot.com/speroni-submersible-pump-100mm-st-0513-0-37kw/PLID91293175,https://media.takealot.com/covers_images/8ca643031adc4b8e9e654f30f75270dc/s-pdpxl.file
91290384,Torrenti - Ball Valve Pvc Solvent 100mm Pipe 110mm,Torrenti,Sport & Outdoor,642,Ships in 4 - 6 work days,Lead time (imported),1,123,https://www.takealot.com/torrenti-ball-valve-pvc-solvent-100mm-pipe-110mm/PLID91290384,https://media.takealot.com/covers_images/88260d8e37a0470981388bc81959d650/s-pdpxl.file
95178606,Tyre Repair Kit Heavy Duty Tyre Puncture Repair Kit with Storage - 28 Piece,,Home & Kitchen,152,In stock,In stock (fast),9,775,https://www.takealot.com/tyre-repair-kit-heavy-duty-tyre-puncture-repair-kit-with-storage/PLID95178606,https://media.takealot.com/covers_images/4f6d9a5c994b4bd6ba0654c8a2b876f2/s-pdpxl.file
95947120,Rosemary Oil 30ml- Hemani,Hemani,General Merchandise,81,In stock,In stock (fast),3,251,https://www.takealot.com/rosemary-oil-30ml-hemani/PLID95947120,https://media.takealot.com/covers_images/aefa844f063448dd819081a8ed2931f9/s-pdpxl.file
91760110,HP Accessories - HP 16GB DDR4-3200 UDIMM,HP,General Merchandise,3672,Ships in 4 - 6 work days,Lead time (imported),1,963,https://www.takealot.com/hp-accessories-hp-16gb-ddr4-3200-udimm/PLID91760110,https://media.takealot.com/covers_images/1bfcad26810c458ebe803e74bee70165/s-pdpxl.file
96354653,5 in 1 Foam Roller Set for Deep Tissue Muscle Massage - Black,,Beauty & Health,425,In stock,In stock (fast),5,1501,https://www.takealot.com/5-in-1-foam-roller-set-for-deep-tissue-muscle-massage-black/PLID96354653,https://media.takealot.com/covers_images/5fa459d4bd3d491a9c57a122fd8c7a98/s-pdpxl.file
94754134,Sink Sit On Bracket Only 400X250MM Pair,,Stationery & Office,204,Ships in 5 - 7 work days,Lead time (imported),1,108,https://www.takealot.com/sink-sit-on-bracket-only-400x250mm-pair/PLID94754134,https://media.takealot.com/covers_images/63ada37665d24269bd2ca12881734551/s-pdpxl.file
94790111,Kids Magnetic Erasable Drawing Board Magic Sketchpad Educational Toys,,Toys & Games,124,,No live offer,24,2049,https://www.takealot.com/kids-magnetic-erasable-drawing-board-magic-sketchpad-educational/PLID94790111,https://media.takealot.com/covers_images/980b45ad81084589b5e1043285c62f2b/s-pdpxl.file
90318479,Speroni Submersible Pump 100mm St-0734-1.50Kw,Speroni,General Merchandise,1832,Ships in 5 - 7 work days,Lead time (imported),1,441,https://www.takealot.com/speroni-submersible-pump-100mm-st-0734-1-50kw/PLID90318479,https://media.takealot.com/covers_images/65caf700f9eb4c6d85d8f2923119a279/s-pdpxl.file
100955292,Scooter Fuel Pump Assembly 1670A-Hwa-00 for Sym Compatible with Universal,,General Merchandise,1834,Ships in 14 - 16 work days,Lead time (imported),9,743,https://www.takealot.com/scooter-fuel-pump-assembly-1670a-hwa-00-for-sym-compatible-with-/PLID100955292,https://media.takealot.com/covers_images/5aa5cd56dd60466199e2154b42889b30/s-pdpxl.file
101353396,Electric Heating Neck & Back Massager Physiotherapy Shawl Shoulder Pad,,Beauty & Health,431,Ships in 14 - 16 work days,Lead time (imported),11,1056,https://www.takealot.com/electric-heating-neck-back-massager-physiotherapy-shawl-shoulder/PLID101353396,https://media.takealot.com/covers_images/199c0c504083403e878eeadb40c2cafa/s-pdpxl.file
91324757,Verimark - Floorwiz Spintech Pro Mop,Floorwiz,General Merchandise,799,In stock,In stock (fast),4,821,https://www.takealot.com/verimark-floorwiz-spintech-pro-mop/PLID91324757,https://media.takealot.com/covers_images/eb16d2dedd8b4b9db6012ce5a06cb67b/s-pdpxl.file
94854931,Samsung Galaxy Fit3 Silver,Samsung,General Merchandise,1299,In stock,In stock (fast),5,3115,https://www.takealot.com/samsung-galaxy-fit3-silver/PLID94854931,https://media.takealot.com/covers_images/b52f83dd0ad74c049c23475dc89995bb/s-pdpxl.file
99692338,5 Pairs Kids Non-Slip Socks Baby Floor Breathable For Toddler Children,,Toys & Games,275,,No live offer,11,892,https://www.takealot.com/5-pairs-kids-non-slip-socks-baby-floor-breathable-for-toddler-ch/PLID99692338,https://media.takealot.com/covers_images/35a1393a9a154dbbad8af51c5eaaec14/s-pdpxl.file
91289530,Orbit - Easy Set Controller Outdoor 12 Station,Orbit,General Merchandise,3426,Ships in 4 - 6 work days,Lead time (imported),1,115,https://www.takealot.com/orbit-easy-set-controller-outdoor-12-station/PLID91289530,https://media.takealot.com/covers_images/cb6dce4a725a42288ca38db6d271231d/s-pdpxl.file
101386894,"[Nesting Cups] 3pcs Nesting Measuring Set | 1 Cup 250ml, 2 500ml, 4 Cups",,Home & Kitchen,532,Ships in 14 - 16 work days,Lead time (imported),5,466,https://www.takealot.com/nesting-cups-3pcs-nesting-measuring-set-1-cup-250ml-2-500ml-4-cu/PLID101386894,https://media.takealot.com/covers_images/50ccbeae63a54219b3248688d19ab56b/s-pdpxl.file
101352269,100pcs Mixed Color Dental Polishing Brushes - Disposable Nylon,,General Merchandise,474,Ships in 14 - 16 work days,Lead time (imported),5,560,https://www.takealot.com/100pcs-mixed-color-dental-polishing-brushes-disposable-nylon/PLID101352269,https://media.takealot.com/covers_images/11a7332854214962a9bd78b0e28439b5/s-pdpxl.file
99690656,DIY Drawer Organizer - 4 Piece Set (22.9cm).,,Home & Kitchen,680,Ships in 5 - 7 work days,Lead time (imported),5,863,https://www.takealot.com/diy-drawer-organizer-4-piece-set-22-9cm/PLID99690656,https://media.takealot.com/covers_images/27ef2bc6372846bda59a01c7b59fe153/s-pdpxl.file
100217601,Power Bank Magnetic Fast Charging Power Bank with Stand,,Electronics,425,,No live offer,11,799,https://www.takealot.com/power-bank-magnetic-fast-charging-power-bank-with-stand/PLID100217601,https://media.takealot.com/covers_images/ad32057dd1b246b1b2acc55abbd6c754/s-pdpxl.file
95181051,Floor Lamp Upright Standard Lamp Adjustable for Living Room Bedroom Office,,Home & Kitchen,333,,No live offer,10,1348,https://www.takealot.com/floor-lamp-upright-standard-lamp-adjustable-for-living-room-bedr/PLID95181051,https://media.takealot.com/covers_images/ffb2bda1a7ec471a8b6975a2cc8eec66/s-pdpxl.file
90990057,5 in 1 Hair Trimmer for Face Eyebrow Mustache Arm Leg Armpit Bikini,,Beauty & Health,357,,No live offer,13,2347,https://www.takealot.com/5-in-1-hair-trimmer-for-face-eyebrow-mustache-arm-leg-armpit-bik/PLID90990057,https://media.takealot.com/covers_images/fa3cd35d7d334d4b8da08f478c833625/s-pdpxl.file
91297943,Visto - Pillar 15mm,Visto,General Merchandise,431,Ships in 4 - 6 work days,Lead time (imported),1,61,https://www.takealot.com/visto-pillar-15mm/PLID91297943,https://media.takealot.com/covers_images/3348247792624f6ab2bf78b7d5c750a7/s-pdpxl.file
96998465,Aviator Style Metallic Rim Sunglasses With Tinted Lenses - Pink & Gold,,Fashion,330,Ships in 14 - 16 work days,Lead time (imported),6,1355,https://www.takealot.com/aviator-style-metallic-rim-sunglasses-with-tinted-lenses-pink-go/PLID96998465,https://media.takealot.com/covers_images/a5ec1c0d09d84f3987db4d3ba5dfaec2/s-pdpxl.file
101816321,"Stainless Steel Tool Box Latch with Keys, Flush Mount",,Tools & DIY,349,Ships in 14 - 16 work days,Lead time (imported),5,856,https://www.takealot.com/stainless-steel-tool-box-latch-with-keys-flush-mount/PLID101816321,https://media.takealot.com/covers_images/ee3b61a1dc504c1da266fa2023c56829/s-pdpxl.file
91126368,Asa - High Quality Fabric Premium Duvet Covet Set,,Home & Kitchen,204,,No live offer,6,580,https://www.takealot.com/asa-high-quality-fabric-premium-duvet-covet-set/PLID91126368,https://media.takealot.com/covers_images/454a962f172740a4aba3d529453765a3/s-pdpxl.file
101816538,4K Dual Dash Cam GPS WiFi ACC Night Vision 24H Parking,,Automotive,1208,Ships in 14 - 16 work days,Lead time (imported),10,484,https://www.takealot.com/4k-dual-dash-cam-gps-wifi-acc-night-vision-24h-parking/PLID101816538,https://media.takealot.com/covers_images/e70c4058e81c4fba8e4e739ee8c62109/s-pdpxl.file
98666213,USB Electric Blanket-Heating Warming Shawl-3 Temperature Settings,,Electronics,877,Ships in 14 - 16 work days,Lead time (imported),4,973,https://www.takealot.com/usb-electric-blanket-heating-warming-shawl-3-temperature-setting/PLID98666213,https://media.takealot.com/covers_images/804c99cbda66448bb318da7a16a99568/s-pdpxl.file
69308187,Heavy Duty Metal Buckle Military Style Nylon Tactical Belt-Black,,Fashion,269,In stock,In stock (fast),5,716,https://www.takealot.com/heavy-duty-metal-buckle-military-style-nylon-tactical-belt-black/PLID69308187,https://media.takealot.com/covers_images/63e2faba17ad4a03be95a369ad5b4d4b/s-pdpxl.file
100968093,Rubber Horse Hoof Boots for Safety Protection & Rehabilitation,,Fashion,1000,Ships in 14 - 16 work days,Lead time (imported),9,1712,https://www.takealot.com/rubber-horse-hoof-boots-for-safety-protection-rehabilitation/PLID100968093,https://media.takealot.com/covers_images/643aebe1af93429984eeb507ee9602d5/s-pdpxl.file
101189091,925 Sterling Silver CZ Bridal Set - Elegant Square Design for Wedding,,General Merchandise,255,,No live offer,5,565,https://www.takealot.com/925-sterling-silver-cz-bridal-set-elegant-square-design-for-wedd/PLID101189091,https://media.takealot.com/covers_images/f8389c89f0ca4a5eae51ba6579b43c27/s-pdpxl.file
102005866,Clamp Microphone Stand With Dual Sound Storage Trays And Iron Brackets,,Home & Kitchen,371,Ships in 14 - 16 work days,Lead time (imported),9,674,https://www.takealot.com/clamp-microphone-stand-with-dual-sound-storage-trays-and-iron-br/PLID102005866,https://media.takealot.com/covers_images/90c079718f4e4b52b5623169af7c5e57/s-pdpxl.file
96389057,Air Pressure Ball Gauge,,Sport & Outdoor,399,Ships in 5 - 7 work days,Lead time (imported),5,247,https://www.takealot.com/air-pressure-ball-gauge/PLID96389057,https://media.takealot.com/covers_images/19827f0fef794c9fb2ba653494cbad9f/s-pdpxl.file
72051701,Luggage Set of 3 PU Leather Travel Suitcases 28'24'22' inch,,General Merchandise,2500,,No live offer,21,390,https://www.takealot.com/luggage-set-of-3-pu-leather-travel-suitcases-28-24-22-inch/PLID72051701,https://media.takealot.com/covers_images/3bee5c44009d40538a3864b5465cc86e/s-pdpxl.file
100089646,Union Jack Kids Suitcase & Blue Ladybug Backpack Set - Travel Combo,,Toys & Games,892,Supplier out of stock,Other,5,2473,https://www.takealot.com/union-jack-kids-suitcase-blue-ladybug-backpack-set-travel-combo/PLID100089646,https://media.takealot.com/covers_images/6d5be997031f4bf2bed1ed3eb13f35be/s-pdpxl.file
96344183,24 Piece Bonsai Tree Kit Tools Bonsai Set Bonsai Starter Trimming Care Kit,,Tools & DIY,266,In stock,In stock (fast),5,1612,https://www.takealot.com/24-piece-bonsai-tree-kit-tools-bonsai-set-bonsai-starter-trimmin/PLID96344183,https://media.takealot.com/covers_images/4c66c59b3fb744ada6fbf22ec30aaf30/s-pdpxl.file
93572539,Silicone Bottle Cleaning Brush,,Home & Kitchen,75,,No live offer,6,706,https://www.takealot.com/silicone-bottle-cleaning-brush/PLID93572539,https://media.takealot.com/covers_images/57e3394cee534c33a197d61214901231/s-pdpxl.file
99143171,3D Metal Gold Moving Butterfly Hair Clips - 12 Piece Set,,Beauty & Health,168,In stock,In stock (fast),7,732,https://www.takealot.com/3d-metal-gold-moving-butterfly-hair-clips-12-piece-set/PLID99143171,https://media.takealot.com/covers_images/1795ab0bcc5b4a32a313668923e55a1f/s-pdpxl.file
95955273,Pizza Pan - 30CM,,Home & Kitchen,345,Ships in 14 - 16 work days,Lead time (imported),5,305,https://www.takealot.com/pizza-pan-30cm/PLID95955273,https://media.takealot.com/covers_images/c6004361334a45f9ad487958854b2680/s-pdpxl.file
90321678,Bulk Pack 10 x Coupling Insert 32mm,,General Merchandise,257,Ships in 5 - 7 work days,Lead time (imported),1,168,https://www.takealot.com/bulk-pack-10-x-coupling-insert-32mm/PLID90321678,https://media.takealot.com/covers_images/2c2276ecfa0846d094bcd02e2ca8c99c/s-pdpxl.file
101040673,Retro 4K TV Game Console with 2 Wireless Controllers-128GB Classic Games-GC,,Electronics,1075,Supplier out of stock,Other,20,1893,https://www.takealot.com/retro-4k-tv-game-console-with-2-wireless-controllers-128gb-class/PLID101040673,https://media.takealot.com/covers_images/ae9e7361ed27456dac03104c42389455/s-pdpxl.file
100160243,Ai Smart 10-Port (8 PoE + 2 Uplink) 10/100Mbps Active PoE Network Switch,,Stationery & Office,797,In stock,In stock (fast),5,1878,https://www.takealot.com/ai-smart-10-port-8-poe-2-uplink-10-100mbps-active-poe-network-sw/PLID100160243,https://media.takealot.com/covers_images/081fd22e8ce54ac199d0225d5ebf4cde/s-pdpxl.file
99590770,RFID Zip Leather Wallet Case Compatible With iPhone 15 Plus Cover,,Electronics,215,,No live offer,57,299,https://www.takealot.com/rfid-zip-leather-wallet-case-compatible-with-iphone-15-plus-cove/PLID99590770,https://media.takealot.com/covers_images/a5b86dc1f9524031a350786057994edd/s-pdpxl.file
95877861,Finish 30+14 - Auto Dishwashing Quantum Thermo-Forming Tablets - Lemon,Finish,Electronics,189,In stock,In stock (fast),8,958,https://www.takealot.com/finish-30-14-auto-dishwashing-quantum-thermo-forming-tablets-lem/PLID95877861,https://media.takealot.com/covers_images/c3e024ac36bf41d48a09b630a84ec5be/s-pdpxl.file
96246621,"Durable ABS 3-Piece Luggage Set - Purple, Spinner Wheels, Built-In Lock",,General Merchandise,1499,Ships in 5 - 7 work days,Lead time (imported),6,2061,https://www.takealot.com/durable-abs-3-piece-luggage-set-purple-spinner-wheels-built-in-l/PLID96246621,https://media.takealot.com/covers_images/b643423fff44486281a69947a277d382/s-pdpxl.file
102005815,"Microphone Stand Extension Kit With 5/8"" To 3/8"" Adapter For Live Streamin",,Electronics,333,Ships in 14 - 16 work days,Lead time (imported),9,905,https://www.takealot.com/microphone-stand-extension-kit-with-5-8-to-3-8-adapter-for-live-/PLID102005815,https://media.takealot.com/covers_images/049be90cf21b43b2a23b90f4766440b4/s-pdpxl.file
56131901,Nexco Luggage Set of 3 PU Leather Travel Suitcases 28'24'22' inch - Black,,General Merchandise,2500,Ships in 5 - 7 work days,Lead time (imported),3,396,https://www.takealot.com/nexco-luggage-set-of-3-pu-leather-travel-suitcases-28-24-22-inch/PLID56131901,https://media.takealot.com/covers_tsins/59231755/59231755-1-pdpxl.jpeg
100686092,2 Pieces Unisex Kitchen Adjustable Apron with Pockets,,Home & Kitchen,391,,No live offer,45,1273,https://www.takealot.com/2-pieces-unisex-kitchen-adjustable-apron-with-pockets/PLID100686092,https://media.takealot.com/covers_images/f514993d4b484c94a1fe7f081a034145/s-pdpxl.file
91130001,10 Pieces Non-Stick Coating Pot Set,,Home & Kitchen,1164,Ships in 4 - 6 work days,Lead time (imported),1,269,https://www.takealot.com/10-pieces-non-stick-coating-pot-set/PLID91130001,https://media.takealot.com/covers_images/740ef25a79d143e0ab64d1aea4dea878/s-pdpxl.file
92802456,Cricut Cut-Away Cards Neutrals R40 12-Pack - 12.1 × 16.8 cm Cardmaking Set,Cricut,General Merchandise,602,Ships in 4 - 6 work days,Lead time (imported),5,1475,https://www.takealot.com/cricut-cut-away-cards-neutrals-r40-12-pack-12-1-16-8-cm-cardmaki/PLID92802456,https://media.takealot.com/covers_images/1c11663027714463ad6fe226f5ec48f6/s-pdpxl.file
90105402,3 Piece Glass Table and White Wooden Leg Chairs,,Home & Kitchen,2026,Ships in 5 - 7 work days,Lead time (imported),1,339,https://www.takealot.com/3-piece-glass-table-and-white-wooden-leg-chairs/PLID90105402,https://media.takealot.com/covers_images/00fb3fefeb2e4d4b926dbd70e13257b4/s-pdpxl.file
100597582,"Multi-Functional Electric Nail Trimmer, 2025 New 2 in 1 Electric",,Beauty & Health,426,Ships in 14 - 16 work days,Lead time (imported),7,1571,https://www.takealot.com/multi-functional-electric-nail-trimmer-2025-new-2-in-1-electric/PLID100597582,https://media.takealot.com/covers_images/ee4204bd8c314a7586b0f45b7a27b6ba/s-pdpxl.file
101508616,304 Stainless Steel Spoon Rest & Large Utensil Holder - Rustproof,,General Merchandise,460,Ships in 14 - 16 work days,Lead time (imported),7,699,https://www.takealot.com/304-stainless-steel-spoon-rest-large-utensil-holder-rustproof/PLID101508616,https://media.takealot.com/covers_images/2244a92c41a34511b28e725f6fbc30a4/s-pdpxl.file
100611553,4in Label Printer USB BT Business EU,,Electronics,1833,Ships in 14 - 16 work days,Lead time (imported),5,2314,https://www.takealot.com/4in-label-printer-usb-bt-business-eu/PLID100611553,https://media.takealot.com/covers_images/c3ca9166e7fe460c904d914dd7f9a02e/s-pdpxl.file
92968327,15pc Heavy Bottom Silver Stainless Steel Cookware Set,,Home & Kitchen,559,Ships in 4 - 6 work days,Lead time (imported),1,598,https://www.takealot.com/15pc-heavy-bottom-silver-stainless-steel-cookware-set/PLID92968327,https://media.takealot.com/covers_tsins/57543959/57543959-1-pdpxl.jpeg
90321621,K-Brand Tee Galv 100mm,K-BRAND,General Merchandise,513,Ships in 5 - 7 work days,Lead time (imported),1,233,https://www.takealot.com/k-brand-tee-galv-100mm/PLID90321621,https://media.takealot.com/covers_images/271abe1637244f54a9d75f990ea01770/s-pdpxl.file
99667667,ZHIYUN CQ5 3-Axis Gimbal - Foldable Tracking Compatible with iPhone/Android,,Electronics,1616,In stock,In stock (fast),5,1954,https://www.takealot.com/zhiyun-cq5-3-axis-gimbal-foldable-tracking-compatible-with-iphon/PLID99667667,https://media.takealot.com/covers_images/97059536b4524597bd27d4ba39fc96cb/s-pdpxl.file
91010762,Cricut Infusible Ink Men's White T-Shirt (XXL),Cricut,Fashion,269,In stock,In stock (fast),1,380,https://www.takealot.com/cricut-infusible-ink-men-s-white-t-shirt-xxl/PLID91010762,https://media.takealot.com/covers_images/a42f065605e54a1eb06f9065da588391/s-pdpxl.file
100882310,Motolab Tail Light Trims 2 Bar Style Compatible with Ford Ranger 2012-2022,,Home & Kitchen,489,,No live offer,3,377,https://www.takealot.com/motolab-tail-light-trims-2-bar-style-compatible-with-ford-ranger/PLID100882310,https://media.takealot.com/covers_images/19128626326046ed8e9b5e41d38cbae0/s-pdpxl.file
98559387,Cartoon Halloween Trick or Treat Keychain,,General Merchandise,297,Ships in 14 - 16 work days,Lead time (imported),3,888,https://www.takealot.com/cartoon-halloween-trick-or-treat-keychain/PLID98559387,https://media.takealot.com/covers_images/12cc13c065334cef86fe6fd6339c2128/s-pdpxl.file
100961911,"3PCS 3.175mm Shaft Brass Pinion Motor Gear M0.6 for 1/10 1/8 RC,18t",,Automotive,300,Ships in 14 - 16 work days,Lead time (imported),8,706,https://www.takealot.com/3pcs-3-175mm-shaft-brass-pinion-motor-gear-m0-6-for-1-10-1-8-rc-/PLID100961911,https://media.takealot.com/covers_images/55d071d1545e47ae96b36ef0a8313e84/s-pdpxl.file
72113411,Sherpa Fleece Blanket Throw,,General Merchandise,312,,No live offer,5,1352,https://www.takealot.com/sherpa-fleece-blanket-throw/PLID72113411,https://media.takealot.com/covers_images/86e58f38d7e346dfb479fb3679acf63f/s-pdpxl.file
101636230,RGB 2-in-1 CarPlay Android Auto Adapter Box,,Electronics,898,,No live offer,15,409,https://www.takealot.com/rgb-2-in-1-carplay-android-auto-adapter-box/PLID101636230,https://media.takealot.com/covers_images/60ec2e0241de4eff9f7a98b9ea00269d/s-pdpxl.file
102217265,Men's Summer Sun Protection Baseball Cap,,Sport & Outdoor,492,Ships in 14 - 16 work days,Lead time (imported),3,532,https://www.takealot.com/men-s-summer-sun-protection-baseball-cap/PLID102217265,https://media.takealot.com/covers_images/63e935dc8a7f417eb24d5189986d5b2a/s-pdpxl.file
101972841,Multifunction OBD2 CAN PRO Cable for A2 A3,,Electronics,565,Ships in 14 - 16 work days,Lead time (imported),5,711,https://www.takealot.com/multifunction-obd2-can-pro-cable-for-a2-a3/PLID101972841,https://media.takealot.com/covers_images/59db40764c2a49049255570741683a99/s-pdpxl.file
102005845,"USB Cardioid Condenser Microphone For Gaming, Recording, Podcasting & Live",,Electronics,484,Ships in 14 - 16 work days,Lead time (imported),9,809,https://www.takealot.com/usb-cardioid-condenser-microphone-for-gaming-recording-podcastin/PLID102005845,https://media.takealot.com/covers_images/41582438d10845d0b7a1ddaceb17ca73/s-pdpxl.file
101273058,"5x EWANTO Smartphone: Case, Waterproof, compatible with iPhone 14 13 Pro",,Electronics,275,Ships in 14 - 16 work days,Lead time (imported),4,3968,https://www.takealot.com/5x-ewanto-smartphone-case-waterproof-compatible-with-iphone-14-1/PLID101273058,https://media.takealot.com/covers_images/2a4c615253b1419a9b8892fbb0f6ecca/s-pdpxl.file
70845767,"Eucerin DERMOPURE CLINICAL Purifying Toner, 200ml",Eucerin,General Merchandise,285,In stock,In stock (fast),13,3028,https://www.takealot.com/eucerin-dermopure-clinical-purifying-toner-200ml/PLID70845767,https://media.takealot.com/covers_images/c0209fbfd09143d08043ce3a6e5ff352/s-pdpxl.file
100263706,Universal Earphone 3.5mm Jack Wired Headphones With Microphone HiFi Stereo,,Electronics,296,Ships in 14 - 16 work days,Lead time (imported),6,802,https://www.takealot.com/universal-earphone-3-5mm-jack-wired-headphones-with-microphone-h/PLID100263706,https://media.takealot.com/covers_images/ed531890d7884737912f4c9f55fb979c/s-pdpxl.file
73887064,Galaxy Projector Light Astronaut,,Home & Kitchen,212,In stock,In stock (fast),5,1294,https://www.takealot.com/galaxy-projector-light-astronaut/PLID73887064,https://media.takealot.com/covers_images/db1a98786bd44f1fb0858a6bcee96832/s-pdpxl.file
71424202,"Eucerin DERMOPURE CLINICAL Purifying Cleansing Gel, 400ml",Eucerin,General Merchandise,415,In stock,In stock (fast),12,3117,https://www.takealot.com/eucerin-dermopure-clinical-purifying-cleansing-gel-400ml/PLID71424202,https://media.takealot.com/covers_images/59ae420a4af844c8b73cb99d6af28f91/s-pdpxl.file
91303831,Plush Bar Stool - Set of 2,,Tools & DIY,2295,Ships in 5 - 7 work days,Lead time (imported),5,795,https://www.takealot.com/plush-bar-stool-set-of-2/PLID91303831,https://media.takealot.com/covers_images/1c0926f2ccba45529af414b2adc8040f/s-pdpxl.file
101816430,Marine Toggle Switch Panel Compatible with Boat Bilge Pump,,Home & Kitchen,499,Ships in 14 - 16 work days,Lead time (imported),5,853,https://www.takealot.com/marine-toggle-switch-panel-compatible-with-boat-bilge-pump/PLID101816430,https://media.takealot.com/covers_images/78b30194a335410e97d525fb286e776c/s-pdpxl.file
92807351,Play Kitchen Pretend Set For Girls,,Home & Kitchen,699,Ships in 3 - 5 work days,Lead time (imported),3,482,https://www.takealot.com/play-kitchen-pretend-set-for-girls/PLID92807351,https://media.takealot.com/covers_images/48354734ca454034a27fe023220c7dcb/s-pdpxl.file
91292782,Stand Pipe Galv 32X1000mm,,General Merchandise,291,Ships in 4 - 6 work days,Lead time (imported),1,73,https://www.takealot.com/stand-pipe-galv-32x1000mm/PLID91292782,https://media.takealot.com/covers_images/798dde7bae8043d9aa3d04b64663a23f/s-pdpxl.file
52861694,Aircraft Brad Nail 18G 30mm (5000) for At0001,Aircraft,Beauty & Health,161,Ships in 4 - 6 work days,Lead time (imported),1,107,https://www.takealot.com/aircraft-brad-nail-18g-30mm-5000-for-at0001/PLID52861694,https://media.takealot.com/covers_tsins/55835129/55835129-1-pdpxl.jpeg
73832800,Washing Pegs - Assorted Colours - Plastic - 70mm - 24 Piece,,General Merchandise,79,Ships in 4 - 6 work days,Lead time (imported),1,152,https://www.takealot.com/washing-pegs-assorted-colours-plastic-70mm-24-piece/PLID73832800,https://media.takealot.com/covers_images/5310c3cfe2564a4e93334116cfaa1f0a/s-pdpxl.file
94399434,Flying Goose - Sriracha Hot Chilli Sauce 3450ml,Flying Goose,General Merchandise,582,In stock,In stock (fast),1,386,https://www.takealot.com/flying-goose-sriracha-hot-chilli-sauce-3450ml/PLID94399434,https://media.takealot.com/covers_images/6cc94be3deac4a689af8b1f20423dfd8/s-pdpxl.file
98517171,Auto Parts Cooling System Aluminum Oil Cooler Engine,,Automotive,1718,Ships in 14 - 16 work days,Lead time (imported),8,1307,https://www.takealot.com/auto-parts-cooling-system-aluminum-oil-cooler-engine/PLID98517171,https://media.takealot.com/covers_images/c8c14309d12c4acebcc33c3d1af75031/s-pdpxl.file
101269235,Large Capacity Laptop Backpack,,Electronics,1149,,No live offer,5,2378,https://www.takealot.com/large-capacity-laptop-backpack/PLID101269235,https://media.takealot.com/covers_images/2208bb283a9b4400bf1bd0aed35163ee/s-pdpxl.file
96147416,Zagg InvisibleShield Glass Elite Privacy Screen Protector - iPhone16 Series,Zagg,Electronics,246,,No live offer,20,1802,https://www.takealot.com/zagg-invisibleshield-glass-elite-privacy-screen-protector-iphone/PLID96147416,https://media.takealot.com/covers_images/74bad0fb042146dd8ce6a77adb1829ff/s-pdpxl.file
101742390,Turn Signal Switch 8201590638 Compatible with Clio Lll,,General Merchandise,493,Ships in 14 - 16 work days,Lead time (imported),5,448,https://www.takealot.com/turn-signal-switch-8201590638-compatible-with-clio-lll/PLID101742390,https://media.takealot.com/covers_images/fab0d862056f4f8d91f1193f73ac2737/s-pdpxl.file
101019145,Forklift Parts Hydraulic Oil Filter Suction Compatible with Universal,,General Merchandise,640,Ships in 14 - 16 work days,Lead time (imported),9,736,https://www.takealot.com/forklift-parts-hydraulic-oil-filter-suction-compatible-with-univ/PLID101019145,https://media.takealot.com/covers_images/b51a7efe7be846629b02c94e7608d394/s-pdpxl.file
95958616,Mophie Speedport 120W 4-Port GaN USB-C PD Wall Adapter White,Mophie,Electronics,699,Ships in 4 - 6 work days,Lead time (imported),13,2406,https://www.takealot.com/mophie-speedport-120w-4-port-gan-usb-c-pd-wall-adapter-white/PLID95958616,https://media.takealot.com/covers_images/ed9829a6d8514072a49fe79451ce1d47/s-pdpxl.file
93820055,Corsair 3000D Midi Tower Computer Tower - High-Airflow ATX Gaming PC Case,Corsair,Electronics,1554,Ships in 4 - 6 work days,Lead time (imported),5,2415,https://www.takealot.com/corsair-3000d-midi-tower-computer-tower-high-airflow-atx-gaming-/PLID93820055,https://media.takealot.com/covers_images/3b8b10a2af65429a976e6aeec5d82533/s-pdpxl.file
100061337,Magsafe case/Cover Compatible With Iphone 17 Pro max-Anti Yellowing,,Electronics,813,,No live offer,15,992,https://www.takealot.com/magsafe-case-cover-compatible-with-iphone-17-pro-max-anti-yellow/PLID100061337,https://media.takealot.com/covers_images/2ff25897383b4d598c4112a8f950f638/s-pdpxl.file
100095833,2Pack 6 35 Mm 1/4 Inch Male To Xlr Male Audio Stereo Mic Cable,,Electronics,396,In stock,In stock (fast),8,658,https://www.takealot.com/2pack-6-35-mm-1-4-inch-male-to-xlr-male-audio-stereo-mic-cable/PLID100095833,https://media.takealot.com/covers_images/ef103fcfbb1c431f8d438c1ba738535b/s-pdpxl.file
95181385,VW Beetle Taxi Bluetooth Speaker with LED lights,,Electronics,299,,No live offer,18,1603,https://www.takealot.com/vw-beetle-taxi-bluetooth-speaker-with-led-lights/PLID95181385,https://media.takealot.com/covers_images/bdfa828647e948faac7b129b2d798f2a/s-pdpxl.file
98937070,Cute Pumpkin Goose Plush Toy-35CM,,Toys & Games,500,Supplier out of stock,Other,5,480,https://www.takealot.com/cute-pumpkin-goose-plush-toy-35cm/PLID98937070,https://media.takealot.com/covers_images/10c4aa2a8f7b41e0a64d38a954471ae1/s-pdpxl.file
70677465,Cricut Scoring Stylus,Cricut,General Merchandise,468,Ships in 5 - 7 work days,Lead time (imported),1,399,https://www.takealot.com/cricut-scoring-stylus/PLID70677465,https://media.takealot.com/covers_images/8b63b9b51a164e138b4faa03820a073c/s-pdpxl.file
97998775,Hunt Noise Hearing Earmuff Hearing Protector Electronic Shooting Ear Muffs,,General Merchandise,319,,No live offer,16,1281,https://www.takealot.com/hunt-noise-hearing-earmuff-hearing-protector-electronic-shooting/PLID97998775,https://media.takealot.com/covers_images/2f3eaaca9d174816ad0359521b603584/s-pdpxl.file
101254022,GLXD487 Wireless Microphone Professional UHF 2 Channels Microhones For KTV,,Electronics,915,Ships in 14 - 16 work days,Lead time (imported),8,1276,https://www.takealot.com/glxd487-wireless-microphone-professional-uhf-2-channels-microhon/PLID101254022,https://media.takealot.com/covers_images/cbb5d8a4c8b646638a426ac5d3fe55fe/s-pdpxl.file
90367080,Flip Top Dustbin - 12Ltr- Set of 3,Otima,General Merchandise,201,Ships in 4 - 6 work days,Lead time (imported),3,502,https://www.takealot.com/flip-top-dustbin-12ltr-set-of-3/PLID90367080,https://media.takealot.com/covers_images/3b6ee38e336943f7b9b476902b5ada07/s-pdpxl.file
91794215,Juno Velvet 3-Seater Sofa,Decorist Home Gallery,General Merchandise,7398,,No live offer,6,1255,https://www.takealot.com/juno-velvet-3-seater-sofa/PLID91794215,https://media.takealot.com/covers_images/659f07019a6f4dd6a393efa6861266d0/s-pdpxl.file
91331486,Radiator Pressure Tester Kit,,General Merchandise,2361,In stock,In stock (fast),1,79,https://www.takealot.com/radiator-pressure-tester-kit/PLID91331486,https://media.takealot.com/covers_images/61bd032f246c40c29676b6489f989741/s-pdpxl.file
101393094,Centurion D5 Evo SMART+ Kit with Angle Nylon Rack,Centurion,General Merchandise,6893,Ships in 4 - 6 work days,Lead time (imported),6,1864,https://www.takealot.com/centurion-d5-evo-smart-kit-with-angle-nylon-rack/PLID101393094,https://media.takealot.com/covers_images/83037e0b5bcc458e80835b58b2fa9000/s-pdpxl.file
101533914,Wireless Keyboard Mouse Combo Ultra Thin Quiet For PC Laptop Tablet,,Electronics,736,,No live offer,13,1419,https://www.takealot.com/wireless-keyboard-mouse-combo-ultra-thin-quiet-for-pc-laptop-tab/PLID101533914,https://media.takealot.com/covers_images/60fd021a1ce3465aaf537c812233796a/s-pdpxl.file
101535777,5.6mm Metal Barrel Propelling Mechanical Pencil with 2B Lead Refills,,Stationery & Office,343,Ships in 14 - 16 work days,Lead time (imported),9,856,https://www.takealot.com/5-6mm-metal-barrel-propelling-mechanical-pencil-with-2b-lead-ref/PLID101535777,https://media.takealot.com/covers_images/f6f2a7f50c2e447bb8539a94d4b003fb/s-pdpxl.file
95760787,65W PD Power Adapter Compatible with Samsung Devices - Black,,Electronics,159,In stock,In stock (fast),5,812,https://www.takealot.com/65w-pd-power-adapter-compatible-with-samsung-devices-black/PLID95760787,https://media.takealot.com/covers_images/7c4e7e4ddca048ac8906912fc31867bd/s-pdpxl.file
99692808,Modern and Elegant 5-piece dining set,,General Merchandise,3995,Ships in 5 - 7 work days,Lead time (imported),9,1466,https://www.takealot.com/modern-and-elegant-5-piece-dining-set/PLID99692808,https://media.takealot.com/covers_images/d27e6b40f14c4481ad5dbb6b41fa2858/s-pdpxl.file
91224031,Kaufmann - Pad Bolt 150mm Galv - 3 Pack,Kaufmann,General Merchandise,264,Ships in 4 - 6 work days,Lead time (imported),1,83,https://www.takealot.com/kaufmann-pad-bolt-150mm-galv-3-pack/PLID91224031,https://media.takealot.com/covers_images/b0e449ee2bcb4c2fa3bc6e4f565d94b5/s-pdpxl.file
102005959,Universal Desktop Mic Stand With Tripod Base & Adjustable Clip For Live,,Home & Kitchen,390,Ships in 14 - 16 work days,Lead time (imported),9,820,https://www.takealot.com/universal-desktop-mic-stand-with-tripod-base-adjustable-clip-for/PLID102005959,https://media.takealot.com/covers_images/704651cbda844edbaf7689582216faf8/s-pdpxl.file
93444944,2000AMP - 4 Meter Booster Cables Car Jump Start Jumper Cable,,Electronics,180,In stock,In stock (fast),1,320,https://www.takealot.com/2000amp-4-meter-booster-cables-car-jump-start-jumper-cable/PLID93444944,https://media.takealot.com/covers_images/a4cc327cb1334e7f8f59fe60df050c9a/s-pdpxl.file
56131902,Nexco Luggage Set of 3 PU Leather Travel Suitcases 28'24'22' inch - Brown,,General Merchandise,2500,Ships in 5 - 7 work days,Lead time (imported),3,396,https://www.takealot.com/nexco-luggage-set-of-3-pu-leather-travel-suitcases-28-24-22-inch/PLID56131902,https://media.takealot.com/covers_tsins/59231756/59231756-1-pdpxl.jpeg
90530421,Dream World New Design Dutch Pot Cookware Sets Cast Iron - 7 Piece,Dream world,Home & Kitchen,820,,No live offer,13,2270,https://www.takealot.com/dream-world-new-design-dutch-pot-cookware-sets-cast-iron-7-piece/PLID90530421,https://media.takealot.com/covers_images/089d22f08377486f9b33ad617b1e1b9a/s-pdpxl.file
97512875,Secret Shield-Long Sleeve Solid Color Women's Casual High Neck Sweatshirt,Secret Shield,Fashion,950,,No live offer,5,1079,https://www.takealot.com/secret-shield-long-sleeve-solid-color-women-s-casual-high-neck-s/PLID97512875,https://media.takealot.com/covers_images/20c9ca3e23e6446fa8835baf6de83c29/s-pdpxl.file
94495452,Suree Coconut Milk (24x400ml),Suree,General Merchandise,1250,Ships in 5 - 7 work days,Lead time (imported),1,345,https://www.takealot.com/suree-coconut-milk-24x400ml/PLID94495452,https://media.takealot.com/covers_images/b9b61f2a271544c89350b2e690f0feaa/s-pdpxl.file
101534208,Men'S Business Quartz Watch With Diamond Roman Scale Steel Band,,Fashion,482,,No live offer,9,440,https://www.takealot.com/men-s-business-quartz-watch-with-diamond-roman-scale-steel-band/PLID101534208,https://media.takealot.com/covers_images/8a0fec54ba3348e0bf72f5ca06e4dfa9/s-pdpxl.file
101352162,3-to-1 T-Type Solar Panel PV Connector for Parallel Branch,,Home & Kitchen,357,Ships in 14 - 16 work days,Lead time (imported),5,1547,https://www.takealot.com/3-to-1-t-type-solar-panel-pv-connector-for-parallel-branch/PLID101352162,https://media.takealot.com/covers_images/047c9abc3cb747ed95c00acaa2454f63/s-pdpxl.file
100794549,Motor Motherboard + Switch Assembly for V6 DC62 Vacuum Cleaner,,Home & Kitchen,750,Ships in 14 - 16 work days,Lead time (imported),6,386,https://www.takealot.com/motor-motherboard-switch-assembly-for-v6-dc62-vacuum-cleaner/PLID100794549,https://media.takealot.com/covers_images/a9a9904547334ace9fd32d4bfeaca2c0/s-pdpxl.file
96675425,Headlight Switch Control for VW Golf Jetta Beetle Polo 98-16 (3BD941531),,Home & Kitchen,287,Ships in 14 - 16 work days,Lead time (imported),17,1337,https://www.takealot.com/headlight-switch-control-for-vw-golf-jetta-beetle-polo-98-16-3bd/PLID96675425,https://media.takealot.com/covers_images/fc684f804e8f4f989e03c94a0f43792e/s-pdpxl.file
93263370,Elizavecca CER-100 Collagen Ceramide Coating Protein Treatment 100ml,Elizavecca,General Merchandise,257,In stock,In stock (fast),3,706,https://www.takealot.com/elizavecca-cer-100-collagen-ceramide-coating-protein-treatment-1/PLID93263370,https://media.takealot.com/covers_images/949f1b6e0f1e4f189ed66ad1f6472aff/s-pdpxl.file
90400708,HP 106A Black Original Laser Toner Cartridge x 3,HP,General Merchandise,3049,Ships in 3 - 5 work days,Lead time (imported),2,340,https://www.takealot.com/hp-106a-black-original-laser-toner-cartridge-x-3/PLID90400708,https://media.takealot.com/covers_images/2ef5cc02e01c41e489968e45d6eb21c3/s-pdpxl.file
100978034,"Manual Frozen Meat Slicer, Stainless Steel Meat Cutter Beef Mutton Bacon",,General Merchandise,450,Ships in 5 - 7 work days,Lead time (imported),6,2447,https://www.takealot.com/manual-frozen-meat-slicer-stainless-steel-meat-cutter-beef-mutto/PLID100978034,https://media.takealot.com/covers_images/5a6f66ab0dff4c2795e68dc478eba143/s-pdpxl.file
96619643,"3-Piece ABS Luggage Set-Hard-Shell Spinner Suitcases, Black, Nesting Design",,General Merchandise,1499,Ships in 5 - 7 work days,Lead time (imported),6,2518,https://www.takealot.com/3-piece-abs-luggage-set-hard-shell-spinner-suitcases-black-nesti/PLID96619643,https://media.takealot.com/covers_images/42c60bda69d14312beb77d909f6a160f/s-pdpxl.file
94410371,Victron SmartSolar Charge Controller MPPT 100/20,Victron Energy,General Merchandise,1499,In stock,In stock (fast),6,4342,https://www.takealot.com/victron-smartsolar-charge-controller-mppt-100-20/PLID94410371,https://media.takealot.com/covers_images/d15f28cbda3f493d9a4a6911b729fd8e/s-pdpxl.file
69313563,Matair Industrial Duty Hammer – 150mm,Matair,Tools & DIY,1069,Ships in 5 - 7 work days,Lead time (imported),1,329,https://www.takealot.com/matair-industrial-duty-hammer-150mm/PLID69313563,https://media.takealot.com/covers_images/f226d4e7eced40378f759b7762c49e6a/s-pdpxl.file
90461518,Quality IYWA Packaging Tape Packing Sticky Tape 200M - Clear,,General Merchandise,127,,No live offer,2,283,https://www.takealot.com/quality-iywa-packaging-tape-packing-sticky-tape-200m-clear/PLID90461518,https://media.takealot.com/covers_images/4c26edbf0a914f3aa18d7746b4a3b71e/s-pdpxl.file
52861673,Aircraft 150mm Orbital Palm Sander - Hook & Loop,Aircraft,Tools & DIY,1175,In stock,In stock (fast),1,110,https://www.takealot.com/aircraft-150mm-orbital-palm-sander-hook-loop/PLID52861673,https://media.takealot.com/covers_tsins/55835108/55835108-1-pdpxl.jpeg
100941828,Cdma 2100Mhz Portable Repeater Lte Cell Phone Signal with Uk Plug,,Electronics,858,Ships in 14 - 16 work days,Lead time (imported),10,1651,https://www.takealot.com/cdma-2100mhz-portable-repeater-lte-cell-phone-signal-with-uk-plu/PLID100941828,https://media.takealot.com/covers_images/bc5795edc97e431aa61d8c6472edc673/s-pdpxl.file
102205731,67oz Insulated Water Bottle with Cup Lid and Strap,,Home & Kitchen,625,Ships in 14 - 16 work days,Lead time (imported),9,587,https://www.takealot.com/67oz-insulated-water-bottle-with-cup-lid-and-strap/PLID102205731,https://media.takealot.com/covers_images/9e27195af5ee4133a5d1fa2ad0014852/s-pdpxl.file
91296882,Pulse - Shower Rail Set,Pulse,General Merchandise,301,Ships in 4 - 6 work days,Lead time (imported),1,69,https://www.takealot.com/pulse-shower-rail-set/PLID91296882,https://media.takealot.com/covers_images/d47ce7f888af4611908865ba2264a875/s-pdpxl.file
90817680,2 Piece Soft foam Faux Leather Bar Stools - Black,,Tools & DIY,2195,Ships in 5 - 7 work days,Lead time (imported),3,930,https://www.takealot.com/2-piece-soft-foam-faux-leather-bar-stools/PLID90817680,https://media.takealot.com/covers_images/0455c537ad8c4c19842c942ae3225787/s-pdpxl.file
100161167,4X 1045 Pitch Cw/Ccw Rotating Propeller Blades Rc Quadcopter Prop,,Toys & Games,342,Ships in 14 - 16 work days,Lead time (imported),10,856,https://www.takealot.com/4x-1045-pitch-cw-ccw-rotating-propeller-blades-rc-quadcopter-pro/PLID100161167,https://media.takealot.com/covers_images/08548528f4a14aeba4bbfefcc3cbd9eb/s-pdpxl.file
98519652,"Sunblock and Sunscreen, Dermopal SPF 30",Dermopal,Toys & Games,149,Supplier out of stock,Other,3,290,https://www.takealot.com/sunblock-and-sunscreen-dermopal-spf-30/PLID98519652,https://media.takealot.com/covers_images/e093304acd5a4c3b8b07307c7d40d31d/s-pdpxl.file
101012816,A0009054703 Car Rear Tailgate Rear View Camera Compatible with Universal,,Electronics,1639,Ships in 14 - 16 work days,Lead time (imported),8,1827,https://www.takealot.com/a0009054703-car-rear-tailgate-rear-view-camera-compatible-with-u/PLID101012816,https://media.takealot.com/covers_images/c654cc65cdc049a19ef3afc416adf891/s-pdpxl.file
100988891,"10port USB C Hub with 4K HDTV 100W PD, 5Gbps Compatible with MacBook iPhone",,Electronics,521,Ships in 14 - 16 work days,Lead time (imported),7,1285,https://www.takealot.com/10port-usb-c-hub-with-4k-hdtv-100w-pd-5gbps-compatible-with-macb/PLID100988891,https://media.takealot.com/covers_images/f07fdd5e70f04b1ba18d5fdff9b7e239/s-pdpxl.file
68137238,3 Piece Mooistar 27 inch Travel Luggage Suitcase Bag Set,Mooistar,Fashion,1499,,No live offer,45,1191,https://www.takealot.com/3-piece-mooistar-27-inch-travel-luggage-suitcase-bag-set/PLID68137238,https://media.takealot.com/covers_images/8dc6a239718e4f5d89e99008c5bfdcec/s-pdpxl.file
90352471,Enzo Pro One-Step Hair Dryer & Blowout Styler with Moluoge Oil,Enzo,Beauty & Health,849,Ships in 4 - 6 work days,Lead time (imported),4,653,https://www.takealot.com/enzo-pro-one-step-hair-dryer-blowout-styler-with-moluoge-oil/PLID90352471,https://media.takealot.com/covers_images/8eedd6483cd14b74bb710ee9103990c3/s-pdpxl.file
91294612,K-Brand - Nipple GAlva - nised Barrel 80mm,,General Merchandise,241,Ships in 4 - 6 work days,Lead time (imported),1,107,https://www.takealot.com/k-brand-nipple-galva-nised-barrel-80mm/PLID91294612,https://media.takealot.com/covers_images/ff627ddcfa8e49c38b78293c4b20f389/s-pdpxl.file
54529594,3 Piece Luggage Set  - Green,,General Merchandise,1499,,No live offer,17,1079,https://www.takealot.com/3-piece-luggage-set-green/PLID54529594,https://media.takealot.com/covers_tsins/57562453/57562453-1-pdpxl.jpeg
73733517,Dining Suite - Table and Four Wooden Leg Chairs - Grey / white Colours,,Home & Kitchen,3595,In stock,In stock (fast),6,1006,https://www.takealot.com/dining-suite-table-and-four-wooden-leg-chairs-grey-white-colours/PLID73733517,https://media.takealot.com/covers_images/661f2f4ed53e4a828192b3e811fc42f6/s-pdpxl.file
49115262,Silk Mat Pillows Set - White (2 Piece),,General Merchandise,189,Ships in 5 - 7 work days,Lead time (imported),1,119,https://www.takealot.com/silk-mat-pillows-set-white-2-piece/PLID49115262,https://media.takealot.com/covers_tsins/52030706/52030706-1-pdpxl.jpg
54512565,3 Piece Hard Outer Shell Luggage Set,,General Merchandise,1398,,No live offer,29,1081,https://www.takealot.com/3-piece-hard-outer-shell-luggage-set/PLID54512565,https://media.takealot.com/covers_tsins/57537004/57537004-1-pdpxl.jpeg
99729487,Line Puppy Leather Wallet Ladies Card Holder Cute Coin Purse,,Fashion,260,Ships in 14 - 16 work days,Lead time (imported),5,1416,https://www.takealot.com/line-puppy-leather-wallet-ladies-card-holder-cute-coin-purse/PLID99729487,https://media.takealot.com/covers_images/a13f4b074dd74905a7417c1e3fa2c950/s-pdpxl.file
101536445,8 Piece 16-Channel UHF Walkie Talkie 400-470MHz 2 Way Radio,,General Merchandise,1299,In stock,In stock (fast),5,1942,https://www.takealot.com/8-piece-16-channel-uhf-walkie-talkie-400-470mhz-2-way-radio/PLID101536445,https://media.takealot.com/covers_images/7d60ca4ce3cf44feaa48c3db799f378e/s-pdpxl.file
100292751,5X 335 Golf Club Adapter Golf Sleeve For Taylormade M3 M4 M5 M6 Sim,,Electronics,1047,Ships in 14 - 16 work days,Lead time (imported),6,534,https://www.takealot.com/5x-335-golf-club-adapter-golf-sleeve-for-taylormade-m3-m4-m5-m6-/PLID100292751,https://media.takealot.com/covers_images/cd641c9823924b2f9cd75e6727bb3a5a/s-pdpxl.file
98365203,"Epson C13T944340 Magenta Ink Cartridge (L) - 3000 Page Yield, 19.9ml",Epson,Stationery & Office,1367,Ships in 4 - 6 work days,Lead time (imported),5,1703,https://www.takealot.com/epson-c13t944340-magenta-ink-cartridge-l-3000-page-yield-19-9ml/PLID98365203,https://media.takealot.com/covers_images/25dc8791ad5046ae9bf2a22576ac889b/s-pdpxl.file
91722668,Scoop Economy Mast Bracket 38mm,Scoop,General Merchandise,169,Ships in 3 - 5 work days,Lead time (imported),1,179,https://www.takealot.com/scoop-economy-mast-bracket-38mm/PLID91722668,https://media.takealot.com/covers_images/4e8235398c994efd836edb6187aed9a2/s-pdpxl.file
96343395,Height Chart - Little Animal,,General Merchandise,271,Ships in 14 - 16 work days,Lead time (imported),7,507,https://www.takealot.com/height-chart-little-animal/PLID96343395,https://media.takealot.com/covers_images/f5c6de25e02349f1bb8c4b9633209944/s-pdpxl.file
72153005,Delicate 7 Piece Cast Iron Dutch Oven Cookware Pot & Stout Pan Set - Red,,Home & Kitchen,1225,Ships in 5 - 7 work days,Lead time (imported),5,2288,https://www.takealot.com/delicate-7-piece-cast-iron-dutch-oven-cookware-pot-stout-pan-set/PLID72153005,https://media.takealot.com/covers_images/a5374b198ee540fab4421fe1dbdcc253/s-pdpxl.file
91155877,Auto Gauge 52mm Boost Gauge - Silver,,Automotive,516,In stock,In stock (fast),1,99,https://www.takealot.com/auto-gauge-52mm-boost-gauge-silver/PLID91155877,https://media.takealot.com/covers_images/0f2af3a7f8854f08b32052e5190de0ff/s-pdpxl.file
90290969,Torrenti Ball Valve Double Solvent 32mm Pipe 40mm,Torrenti,Sport & Outdoor,168,Ships in 5 - 7 work days,Lead time (imported),1,462,https://www.takealot.com/torrenti-ball-valve-double-solvent-32mm-pipe-40mm/PLID90290969,https://media.takealot.com/covers_images/926c6e413d7741c4937c55d2822e99ef/s-pdpxl.file
102009318,"Digital Counting Weighted Jump Rope, Cordless & Corded 2-in-1",,Sport & Outdoor,337,Ships in 14 - 16 work days,Lead time (imported),5,932,https://www.takealot.com/digital-counting-weighted-jump-rope-cordless-corded-2-in-1/PLID102009318,https://media.takealot.com/covers_images/a60d875af1ed405c91ef928fda8d3f6f/s-pdpxl.file
101824520,Italian Espresso Coffee Grounds Hammering Box,,Tools & DIY,223,Ships in 14 - 16 work days,Lead time (imported),5,298,https://www.takealot.com/italian-espresso-coffee-grounds-hammering-box/PLID101824520,https://media.takealot.com/covers_images/108e250445cc4ab793bb8a50e440f70e/s-pdpxl.file
98450233,Corsair FRAME 4000D Mid-Tower PC Case - White,Corsair,General Merchandise,1895,Ships in 4 - 6 work days,Lead time (imported),9,2697,https://www.takealot.com/corsair-frame-4000d-mid-tower-pc-case-white/PLID98450233,https://media.takealot.com/covers_images/22bcae2070a34550a7b5c64973818803/s-pdpxl.file
99477376,Penna Provence Upholstered Sofa,,Stationery & Office,13669,,No live offer,15,577,https://www.takealot.com/penna-provence-upholstered-sofa/PLID99477376,https://media.takealot.com/covers_images/1f96287c041c4d9eb6c798287614d054/s-pdpxl.file
99729496,Men's Business Canvas Envelope Bag Wear-resistant Lightweight Clutch,,Home & Kitchen,368,Ships in 14 - 16 work days,Lead time (imported),5,967,https://www.takealot.com/men-s-business-canvas-envelope-bag-wear-resistant-lightweight-cl/PLID99729496,https://media.takealot.com/covers_images/8c3fe0c095a3462b931fcfcf7ba3a75c/s-pdpxl.file
102127230,Automatic Hair Braider Twist Machine Toy Kit,,Beauty & Health,481,Ships in 14 - 16 work days,Lead time (imported),5,760,https://www.takealot.com/automatic-hair-braider-twist-machine-toy-kit/PLID102127230,https://media.takealot.com/covers_images/7f5342b30b4e452d9a9a1fb26e3a112f/s-pdpxl.file
97214317,Grip Trainer - Forearm and Wrist Trainer,,General Merchandise,243,,No live offer,10,465,https://www.takealot.com/grip-trainer-forearm-and-wrist-trainer/PLID97214317,https://media.takealot.com/covers_images/795ddb5036434632a4e08c537b5c2938/s-pdpxl.file
72548080,Bar / Kitchen Counter Stools - 2 Pack - Rattan Wicker- Cream Colour,,Home & Kitchen,1950,In stock,In stock (fast),5,599,https://www.takealot.com/bar-kitchen-counter-stools-2-pack-rattan-wicker-cream-colour/PLID72548080,https://media.takealot.com/covers_images/6635918aae9846059d2daf760547cda3/s-pdpxl.file
90448703,3 Piece Hard Outer Shell Luggage Set - 29 Inch,,General Merchandise,1499,,No live offer,60,1057,https://www.takealot.com/3-piece-hard-outer-shell-luggage-set-29-inch/PLID90448703,https://media.takealot.com/covers_images/c65efb241cb5413380e685b699e39359/s-pdpxl.file
93482959,2-Plate Tempered Glass Gas Stove and 9KG Gas Cylinder,,Home & Kitchen,1209,In stock,In stock (fast),2,1098,https://www.takealot.com/2-plate-tempered-glass-gas-stove-and-9kg-gas-cylinder/PLID93482959,https://media.takealot.com/covers_images/d33233954b91443c92f0fe87b53a1e11/s-pdpxl.file
70676789,"USB to HDMI Video Capture, Video Capture Card, USB to HDMI Converter Device",,Electronics,199,In stock,In stock (fast),5,1324,https://www.takealot.com/usb-to-hdmi-video-capture-video-capture-card-usb-to-hdmi-convert/PLID70676789,https://media.takealot.com/covers_images/406659d9a32a4bbd8b64b6d275722448/s-pdpxl.file
54510727,ATEN VC965 DisplayPort to DVI Adapter,ATEN,Electronics,323,Ships in 4 - 6 work days,Lead time (imported),3,1074,https://www.takealot.com/aten-vc965-displayport-to-dvi-adapter/PLID54510727,https://media.takealot.com/covers_tsins/57533608/4719264643705-1-pdpxl.jpg
100041448,"1TB USB Drive - Multi-Port (USB/Lightning/Micro USB/Type-C), Easy Backup",,Electronics,750,Ships in 14 - 16 work days,Lead time (imported),6,1572,https://www.takealot.com/1tb-usb-drive-multi-port-usb-lightning-micro-usb-type-c-easy-bac/PLID100041448,https://media.takealot.com/covers_images/e56037abcc0c42b38df8964861c2bce9/s-pdpxl.file
92773213,Functional16L Serving Chaffing  Dish,,General Merchandise,850,Ships in 4 - 6 work days,Lead time (imported),2,489,https://www.takealot.com/functional16l-serving-chaffing-dish/PLID92773213,https://media.takealot.com/covers_images/994697a6184946ea85473e1d789e2920/s-pdpxl.file
90321289,Stairs Submersible Pump 100mm St-13P16 1.1Kw,,General Merchandise,798,Ships in 5 - 7 work days,Lead time (imported),1,452,https://www.takealot.com/stairs-submersible-pump-100mm-st-13p16-1-1kw/PLID90321289,https://media.takealot.com/covers_images/55a73fc368444dd598ca601ef108943b/s-pdpxl.file
100962199,Brake Distributor Load Sensing Valve Mb618320/21 Compatible with Mitsubishi,,General Merchandise,759,Ships in 14 - 16 work days,Lead time (imported),6,1263,https://www.takealot.com/brake-distributor-load-sensing-valve-mb618320-21-compatible-with/PLID100962199,https://media.takealot.com/covers_images/560c2053c2ef4fa690b206253625a13e/s-pdpxl.file
98433230,40cm Raised Comfortable Toilet Seat with Lid & Safe Lock - White,,Home & Kitchen,698,Supplier out of stock,Other,9,1274,https://www.takealot.com/40cm-raised-comfortable-toilet-seat-with-lid-safe-lock-white/PLID98433230,https://media.takealot.com/covers_images/50fcce07e2d341aba767fdeae4fdc92a/s-pdpxl.file
56131899,"Nexco Luggage Set of 3 PU Leather Travel Suitcases 28'24'22"" - Burgundy",,General Merchandise,2500,Ships in 5 - 7 work days,Lead time (imported),3,399,https://www.takealot.com/nexco-luggage-set-of-3-pu-leather-travel-suitcases-28-24-22-burg/PLID56131899,https://media.takealot.com/covers_tsins/59231753/59231753-1-pdpxl.jpeg
100889684,Vintage Round Mechanical Visual Timer 1pc Multifunctional Time Manager,,General Merchandise,358,,No live offer,14,862,https://www.takealot.com/vintage-round-mechanical-visual-timer-1pc-multifunctional-time-m/PLID100889684,https://media.takealot.com/covers_images/70eaf634c8334e428c6370533f5d6597/s-pdpxl.file
93815537,Premium Sleeved SATA 6Gbps 30cm Cable - Black,Corsair,Electronics,435,Ships in 4 - 6 work days,Lead time (imported),1,377,https://www.takealot.com/premium-sleeved-sata-6gbps-30cm-cable-black/PLID93815537,https://media.takealot.com/covers_images/97351060de2c40feb601318dc610ecc4/s-pdpxl.file
51790458,24 Piece Champagne Gold Makeup Brushes Set,,Beauty & Health,178,In stock,In stock (fast),3,413,https://www.takealot.com/24-piece-champagne-gold-makeup-brushes-set/PLID51790458,https://media.takealot.com/covers_tsins/54724632/54724632-1-pdpxl.jpg
100929476,"Moringa 10-in-1 Nano Microdarts Patch, Natural Skin Care Patchs for Adult",,General Merchandise,103,,No live offer,7,1808,https://www.takealot.com/moringa-10-in-1-nano-microdarts-patch-natural-skin-care-patchs-f/PLID100929476,https://media.takealot.com/covers_images/86a20ee00e5a434bbfe16362132bdf32/s-pdpxl.file
70628313,Transcend 350V 64GB microSDXC Card,Transcend,General Merchandise,1010,Ships in 4 - 6 work days,Lead time (imported),1,783,https://www.takealot.com/transcend-350v-64gb-microsdxc-card/PLID70628313,https://media.takealot.com/covers_images/ac37e77bc9f846dfb511ae99436d5938/s-pdpxl.file
99274829,Unisex Mini Hair Straightener,,Beauty & Health,698,In stock,In stock (fast),6,2562,https://www.takealot.com/unisex-mini-hair-straightener/PLID99274829,https://media.takealot.com/covers_images/7912210c6fe14a448681a5226b4d5b4a/s-pdpxl.file
100745410,Car Fuel Filter Gasoline Grid for Corolla 2006-2014 Compatible with Toyota,,Toys & Games,422,Ships in 14 - 16 work days,Lead time (imported),6,659,https://www.takealot.com/car-fuel-filter-gasoline-grid-for-corolla-2006-2014-compatible-w/PLID100745410,https://media.takealot.com/covers_images/1a8855aec65247f8a2de69afc48992ff/s-pdpxl.file
97588765,Pet Mat Dog Slow Feeder Snack Pad Pet Sniffing Toy 80cm,,Pet Supplies,795,Ships in 4 - 6 work days,Lead time (imported),8,870,https://www.takealot.com/pet-mat-dog-slow-feeder-snack-pad-pet-sniffing-toy-80cm/PLID97588765,https://media.takealot.com/covers_images/307e532865a44261b813bd625388ee86/s-pdpxl.file
93105731,Advanced M.2 Heatsink with Base (Sled),,Stationery & Office,79,In stock,In stock (fast),8,1823,https://www.takealot.com/advanced-m-2-heatsink-with-base-sled/PLID93105731,https://media.takealot.com/covers_images/eb526751c22e4a42838aa47008bdb3b3/s-pdpxl.file
95889804,A4 Zipper File Bags Set Document Pocket Storage Organizer Pouch Puzzle Bags,,Home & Kitchen,129,,No live offer,13,1211,https://www.takealot.com/a4-zipper-file-bags-set-document-pocket-storage-organizer-pouch-/PLID95889804,https://media.takealot.com/covers_images/f514e2ffdfd34f96a4026c2e8517d629/s-pdpxl.file
102005725,"Thickened Universal Microphone Windscreens Sponge Covers, Assorted Colors",,Electronics,319,Supplier out of stock,Other,9,944,https://www.takealot.com/thickened-universal-microphone-windscreens-sponge-covers-assorte/PLID102005725,https://media.takealot.com/covers_images/8d0b111005aa4cf98a91317a4514e94c/s-pdpxl.file
60571001,Haribo - Peaches 30 x 80 g,,General Merchandise,705,In stock,In stock (fast),1,130,https://www.takealot.com/haribo-peaches-30-x-80-g/PLID60571001,https://media.takealot.com/covers_tsins/63721014/63721014-1-pdpxl.jpeg
91130327,Disney Toy Story Tower Desktop Speaker x 1,Disney,Electronics,234,Ships in 5 - 7 work days,Lead time (imported),1,432,https://www.takealot.com/disney-toy-story-tower-desktop-speaker-x-1/PLID91130327,https://media.takealot.com/covers_images/1dbc66db5f7c407b99b7dcb93d4d907c/s-pdpxl.file
95491548,CeraVe Resurfacing Retinol Serum for Blemish-Prone Skin 30ml,CeraVe,Beauty & Health,459,In stock,In stock (fast),6,578,https://www.takealot.com/cerave-resurfacing-retinol-serum-for-blemish-prone-skin-30ml/PLID95491548,https://media.takealot.com/covers_images/9c3c88d05a054239b117851ac54beac1/s-pdpxl.file
93908335,Manual Door Mirror for Nissan NP200 2008- Passenger side,Nissan,General Merchandise,605,In stock,In stock (fast),2,207,https://www.takealot.com/manual-door-mirror-for-nissan-np200-2008-passenger-side/PLID93908335,https://media.takealot.com/covers_images/31cc0cd948394f80a4fac7ea33d7bf5a/s-pdpxl.file
101916923,Male Catheterization Training Manikin for Medical Education,,Pet Supplies,660,Ships in 14 - 16 work days,Lead time (imported),7,910,https://www.takealot.com/male-catheterization-training-manikin-for-medical-education/PLID101916923,https://media.takealot.com/covers_images/748ac4b0fda643dbaf5db6de7fc24eb6/s-pdpxl.file
100744189,1Pc Universal Blender Drive Socket 767 Mushroom Head Gear Mixer Parts,,Home & Kitchen,298,Supplier out of stock,Other,6,566,https://www.takealot.com/1pc-universal-blender-drive-socket-767-mushroom-head-gear-mixer-/PLID100744189,https://media.takealot.com/covers_images/b6c880e3d90847a294545256db706b5b/s-pdpxl.file
100059947,Audio Isolator Noise Reduction Filter Audio Eliminator Silver Gray,,General Merchandise,475,Ships in 14 - 16 work days,Lead time (imported),7,2063,https://www.takealot.com/audio-isolator-noise-reduction-filter-audio-eliminator-silver-gr/PLID100059947,https://media.takealot.com/covers_images/8a88c7f9411346b58ea082e982849926/s-pdpxl.file
101929448,Big Mouth Frog Candy Dish and Key Bowl Decor,,Home & Kitchen,609,Ships in 14 - 16 work days,Lead time (imported),7,751,https://www.takealot.com/big-mouth-frog-candy-dish-and-key-bowl-decor/PLID101929448,https://media.takealot.com/covers_images/5712e32727534504bd355b43302620f7/s-pdpxl.file
91141753,Acesa Classy Luggage Set of 3 PU Leather Travel Suitcase Set - Black,,General Merchandise,1746,Ships in 5 - 7 work days,Lead time (imported),2,418,https://www.takealot.com/acesa-classy-luggage-set-of-3-pu-leather-travel-suitcase-set-bla/PLID91141753,https://media.takealot.com/covers_images/f6e94cd304cd49d3897c1d3f27394c23/s-pdpxl.file
90816219,3 Piece Luggage Set,,General Merchandise,1499,,No live offer,47,1089,https://www.takealot.com/3-piece-luggage-set/PLID90816219,https://media.takealot.com/covers_images/653b9aebf2214927bafd04dd7b410d23/s-pdpxl.file
42977904,"Socket Brito Impact .1"" dr 90mm",,Fashion,5005,Ships in 5 - 7 work days,Lead time (imported),1,31,https://www.takealot.com/socket-brito-impact-1-dr-90mm/PLID42977904,https://media.takealot.com/covers_tsins/45784214/45784214-pdpxl.jpg
96914121,5 Pack Iron Bathroom Shower Caddy Organizer with Adhesive Hooks - Black,,Home & Kitchen,281,Ships in 4 - 6 work days,Lead time (imported),9,1518,https://www.takealot.com/5-pack-iron-bathroom-shower-caddy-organizer-with-adhesive-hooks-/PLID96914121,https://media.takealot.com/covers_images/4a5d1b2934624bab9433590d5a33ce8b/s-pdpxl.file
94753573,Strike-Arc Brazing Flux Din 8511 F-Sh2,Strike-Arc,Toys & Games,242,Ships in 5 - 7 work days,Lead time (imported),1,151,https://www.takealot.com/strike-arc-brazing-flux-din-8511-f-sh2/PLID94753573,https://media.takealot.com/covers_images/b6ceba04a52f40939f265da4eb42529c/s-pdpxl.file
101180686,24 Pieces Cork Plugs Stoppers Tasting Corks T-Shape Wine,,General Merchandise,350,Ships in 14 - 16 work days,Lead time (imported),10,1793,https://www.takealot.com/24-pieces-cork-plugs-stoppers-tasting-corks-t-shape-wine/PLID101180686,https://media.takealot.com/covers_images/ac511e4c3bae4c24aefe5b7bd2a677f7/s-pdpxl.file
92832578,Ga-A520m-S2h,Gigabyte,General Merchandise,2056,Ships in 4 - 6 work days,Lead time (imported),1,4083,https://www.takealot.com/ga-a520m-s2h/PLID92832578,https://media.takealot.com/covers_images/44dab7ac2f7e4939be9f902a9dd04476/s-pdpxl.file
91296246,Kaufmann - Spanner Set R/O 17Piece 6-22mm,Kaufmann,Home & Kitchen,1317,Ships in 4 - 6 work days,Lead time (imported),1,105,https://www.takealot.com/kaufmann-spanner-set-r-o-17piece-6-22mm/PLID91296246,https://media.takealot.com/covers_images/e9372e26d7eb4ad898fef0f33c4686c9/s-pdpxl.file
90285350,Flange Blk Ff Screwed T/D 40mm,,General Merchandise,220,Ships in 5 - 7 work days,Lead time (imported),1,147,https://www.takealot.com/flange-blk-ff-screwed-t-d-40mm/PLID90285350,https://media.takealot.com/covers_images/11933b30d3154b5dad1a272c34440ac5/s-pdpxl.file
101930787,Chest Ascender Rope Climbing Device Aluminum Rescue Gear,,General Merchandise,778,Ships in 14 - 16 work days,Lead time (imported),8,565,https://www.takealot.com/chest-ascender-rope-climbing-device-aluminum-rescue-gear/PLID101930787,https://media.takealot.com/covers_images/f6e1ac00c99543c195d1bfba6e7fe19a/s-pdpxl.file
93937042,Gold Glass Top Coffee Table with Pipe Design Tubular Base,,Home & Kitchen,4795,Ships in 5 - 7 work days,Lead time (imported),4,1337,https://www.takealot.com/gold-glass-top-coffee-table-with-pipe-design-tubular-base/PLID93937042,https://media.takealot.com/covers_images/27ef1763d5ea4105b60bff478795723d/s-pdpxl.file
90187519,Cricut Explore/Maker Infusible Ink Fine Point Pen Set 5-pack (Basics),Cricut,Stationery & Office,414,Ships in 4 - 6 work days,Lead time (imported),1,803,https://www.takealot.com/cricut-explore-maker-infusible-ink-fine-point-pen-set-5-pack-bas/PLID90187519,https://media.takealot.com/covers_images/b7abeec26910447a8211a8dba168712a/s-pdpxl.file
95504493,CeraVe Blemish Control Face Cleanser with 2% Salicylic Acid 236ml,CeraVe,General Merchandise,285,In stock,In stock (fast),4,933,https://www.takealot.com/cerave-blemish-control-face-cleanser-with-2-salicylic-acid-236ml/PLID95504493,https://media.takealot.com/covers_images/f868056c5d61424ab6056bd4421b3251/s-pdpxl.file
72399685,Sofa Cover,,General Merchandise,509,,No live offer,14,289,https://www.takealot.com/sofa-cover/PLID72399685,https://media.takealot.com/covers_images/e424f744a1ba45e6b5864d9362ffe190/s-pdpxl.file
73092903,Ryobi Mitre Saw Sliding Compund with Laser Light,Ryobi,Home & Kitchen,3999,In stock,In stock (fast),1,383,https://www.takealot.com/ryobi-mitre-saw-sliding-compund-with-laser-light/PLID73092903,https://media.takealot.com/covers_images/9cf6aebc045c432d8de95571c2687183/s-pdpxl.file
101043704,"3-in-1 Hot Air Brush: Professional Hair Straightener, Styler & Dryer",,Beauty & Health,658,Ships in 14 - 16 work days,Lead time (imported),10,260,https://www.takealot.com/3-in-1-hot-air-brush-professional-hair-straightener-styler-dryer/PLID101043704,https://media.takealot.com/covers_images/a6335352cac44a6993a23d47fe533871/s-pdpxl.file
99274101,Round Braided Placemats Set of 6 Table Mats 15 Inch(Beige),,Home & Kitchen,358,Ships in 14 - 16 work days,Lead time (imported),9,1009,https://www.takealot.com/round-braided-placemats-set-of-6-table-mats-15-inch-beige/PLID99274101,https://media.takealot.com/covers_images/8fb31d9b947e402e81df02a8a54238cc/s-pdpxl.file
99517646,AEH70227 Gold U-Shaped Women's Earrings,,General Merchandise,328,Ships in 14 - 16 work days,Lead time (imported),5,696,https://www.takealot.com/aeh70227-gold-u-shaped-women-s-earrings/PLID99517646,https://media.takealot.com/covers_images/fba9855f3d574a6dbffab7fa15d87738/s-pdpxl.file
91126248,High Quality Fabric Ace Duvet Covet Set,,Home & Kitchen,279,,No live offer,1,596,https://www.takealot.com/high-quality-fabric-ace-duvet-covet-set/PLID91126248,https://media.takealot.com/covers_images/8566c55026ca4b7b9334850e93b6c1cd/s-pdpxl.file
44077280,Bulk Pack 4x Biscuit-Maker Metal Size:08,,General Merchandise,728,Ships in 4 - 6 work days,Lead time (imported),1,63,https://www.takealot.com/bulk-pack-4x-biscuit-maker-metal-size-08/PLID44077280,https://media.takealot.com/covers_tsins/46907258/46907258-pdpxl.jpg
101459743,M3x45mm Stainless Steel Flanged Button Head Socket Cap Screws 50Pcs,,Fashion,296,Ships in 14 - 16 work days,Lead time (imported),5,810,https://www.takealot.com/m3x45mm-stainless-steel-flanged-button-head-socket-cap-screws-50/PLID101459743,https://media.takealot.com/covers_images/4a3a9a3314c949239ef129d3a05b6bbf/s-pdpxl.file
99155124,Olivera Complexion Unifying Body Cream,Olivera,Beauty & Health,199,In stock,In stock (fast),5,1031,https://www.takealot.com/olivera-complexion-unifying-body-cream/PLID99155124,https://media.takealot.com/covers_images/01389e86e75144c181c6d0fe4a346f7e/s-pdpxl.file
100969286,60M Waterproof LED Light,,Home & Kitchen,573,Ships in 14 - 16 work days,Lead time (imported),5,5134,https://www.takealot.com/60m-waterproof-led-light/PLID100969286,https://media.takealot.com/covers_images/305d45a9714e4878a761b6d27c8b0b5d/s-pdpxl.file
102005712,Heavy-Duty Fixed LED TV Wall Bracket Low Profile Design for Home Office,,Electronics,443,Ships in 14 - 16 work days,Lead time (imported),9,986,https://www.takealot.com/heavy-duty-fixed-led-tv-wall-bracket-low-profile-design-for-home/PLID102005712,https://media.takealot.com/covers_images/e3b464055ff748d6b70b003f9161b75d/s-pdpxl.file
91294611,K-Brand - Bend Galv M/F 32mm,,General Merchandise,153,Ships in 4 - 6 work days,Lead time (imported),1,79,https://www.takealot.com/k-brand-bend-galv-m-f-32mm/PLID91294611,https://media.takealot.com/covers_images/888e471bf13b487eb4019bb595af754d/s-pdpxl.file
94671209,Smte - Elite New Dec Hard Outer Shell Luggage With Smte Bag Tag - 3 Piece,,Fashion,1799,,No live offer,23,1146,https://www.takealot.com/smte-elite-new-dec-hard-outer-shell-luggage-with-smte-bag-tag-3-/PLID94671209,https://media.takealot.com/covers_images/7dfde1e2f8db4ed3a2c0b0796f1b57db/s-pdpxl.file
96200657,420-800mm f/8.3 Super Telephoto Lens with T-Mount compatible with Canon EOS DSLR,,General Merchandise,1698,In stock,In stock (fast),9,1363,https://www.takealot.com/420-800mm-f-8-3-super-telephoto-lens-with-t-mount-compatible-wit/PLID96200657,https://media.takealot.com/covers_images/0a80e08a638440b383fb265a5739e49b/s-pdpxl.file
101250399,Trail Running Marathon Backpack Lightweight Outdoor Sports Rucksack,,Sport & Outdoor,427,,No live offer,15,956,https://www.takealot.com/trail-running-marathon-backpack-lightweight-outdoor-sports-rucks/PLID101250399,https://media.takealot.com/covers_images/d4d5893044da457684cdc4bfa8a5bced/s-pdpxl.file
101012825,Rear View Backup Parking Camera for Toyota Hilux Compatible with Universal,,Electronics,717,Ships in 14 - 16 work days,Lead time (imported),6,509,https://www.takealot.com/rear-view-backup-parking-camera-for-toyota-hilux-compatible-with/PLID101012825,https://media.takealot.com/covers_images/65228e0f713041dfaf2f9dc7aa126755/s-pdpxl.file
96618582,Rechargeable Table Lamp with Temperature Date Time Number Display,,Home & Kitchen,345,Ships in 14 - 16 work days,Lead time (imported),6,1286,https://www.takealot.com/rechargeable-table-lamp-with-temperature-date-time-number-displa/PLID96618582,https://media.takealot.com/covers_images/554b0ee471c74803856829413894572c/s-pdpxl.file
92650111,2x Chisisi Velvet Dining Chair With Ring,,Home & Kitchen,5240,Ships in 5 - 7 work days,Lead time (imported),3,331,https://www.takealot.com/2x-chisisi-velvet-dining-chair-with-ring/PLID92650111,https://media.takealot.com/covers_images/4528c31086f3468da2f6cc7534c34c5a/s-pdpxl.file
100890825,Oil Cooler for 3 Series E90 E91 E92 E93 1 Series Compatible with Bmw,,Sport & Outdoor,1215,Ships in 14 - 16 work days,Lead time (imported),9,608,https://www.takealot.com/oil-cooler-for-3-series-e90-e91-e92-e93-1-series-compatible-with/PLID100890825,https://media.takealot.com/covers_images/276746fb33694872afa345880d6ebe44/s-pdpxl.file
95731698,Universal Adjustable Fan-Shaped Fountain Nozzle ( 6 Points),,Home & Kitchen,209,Ships in 14 - 16 work days,Lead time (imported),7,433,https://www.takealot.com/universal-adjustable-fan-shaped-fountain-nozzle-6-points/PLID95731698,https://media.takealot.com/covers_images/65ae61d3d1e74138b14456a73fe2ec12/s-pdpxl.file
102005703,Portable ABS Microphone Logo Flag Station Creative Square Design,,Electronics,399,Ships in 14 - 16 work days,Lead time (imported),9,657,https://www.takealot.com/portable-abs-microphone-logo-flag-station-creative-square-design/PLID102005703,https://media.takealot.com/covers_images/6cb4857258374799bfe6204bdfc5c433/s-pdpxl.file
90381863,Wooden Leg Chair - Black,,Home & Kitchen,528,In stock,In stock (fast),1,239,https://www.takealot.com/wooden-leg-chair-black/PLID90381863,https://media.takealot.com/covers_images/895f991aae004984809f70fcfbcae0b9/s-pdpxl.file
92806892,New Bar Adjustable  Bar Stools - Set Of 2,,Home & Kitchen,1431,,No live offer,3,686,https://www.takealot.com/new-bar-adjustable-bar-stools-set-of-2/PLID92806892,https://media.takealot.com/covers_images/6dcbabb977d440f394d3fcef29134e47/s-pdpxl.file
93069065,Tetley Mango flavoured Green tea with Vitamin B5 - 20 tagless teabags,Tetley,Beauty & Health,25,In stock,In stock (fast),2,1078,https://www.takealot.com/tetley-mango-flavoured-green-tea-with-vitamin-b5-20-tagless-teab/PLID93069065,https://media.takealot.com/covers_images/1c35984ebe2b4f698b58579d1d9c2d07/s-pdpxl.file
92549757,Travel Toothbrush Holder Cup,,Home & Kitchen,82,,No live offer,6,1461,https://www.takealot.com/travel-toothbrush-holder-cup/PLID92549757,https://media.takealot.com/covers_images/b16746f7339247c28ea339288dd1b694/s-pdpxl.file
99421322,Portable Baby Rocker Electric Baby Bouncer Gently Rocks for Stroller & Pram,,Baby & Kids,626,Ships in 14 - 16 work days,Lead time (imported),7,948,https://www.takealot.com/portable-baby-rocker-electric-baby-bouncer-gently-rocks-for-stro/PLID99421322,https://media.takealot.com/covers_images/d17e522bbabb4d3a88bb394d708a9835/s-pdpxl.file
101459301,CDP 2016R Diagnostic Scanner Tool for Car Truck Code Reader,,Automotive,766,Ships in 14 - 16 work days,Lead time (imported),5,1043,https://www.takealot.com/cdp-2016r-diagnostic-scanner-tool-for-car-truck-code-reader/PLID101459301,https://media.takealot.com/covers_images/c315282453b94a2db11f1d82a4862414/s-pdpxl.file
102005907,Furry Lavalier Microphone Windscreen Filter Covers for Outdoor Audio,,Electronics,319,Ships in 14 - 16 work days,Lead time (imported),9,845,https://www.takealot.com/furry-lavalier-microphone-windscreen-filter-covers-for-outdoor-a/PLID102005907,https://media.takealot.com/covers_images/c198dc384871499cba675b7ae278e23e/s-pdpxl.file
93970450,HiLook 24 Port Fast Ethernet Unmanaged POE Switch,HiLook,General Merchandise,2895,Ships in 4 - 6 work days,Lead time (imported),4,855,https://www.takealot.com/hilook-24-port-fast-ethernet-unmanaged-poe-switch/PLID93970450,https://media.takealot.com/covers_images/9fa4a59612e84e0cbe40081927b61abf/s-pdpxl.file
90353356,Emjay Poly Female End Cap 1-1/2 Inch Bsp (40mm),EMJAY,Fashion,131,Ships in 5 - 7 work days,Lead time (imported),1,485,https://www.takealot.com/emjay-poly-female-end-cap-1-1-2-inch-bsp-40mm/PLID90353356,https://media.takealot.com/covers_images/2bb50131c071474c862f86c2ad981393/s-pdpxl.file
101003676,Live streaming kit with fill light,,Home & Kitchen,373,Ships in 14 - 16 work days,Lead time (imported),5,2196,https://www.takealot.com/live-streaming-kit-with-fill-light/PLID101003676,https://media.takealot.com/covers_images/45dd89c8dc1449dc9810347d199b3614/s-pdpxl.file
69346549,2-Pin Schuko to 16A 3-Pin Adaptor (FIVE PACK): EUR-SCH 5 Pack,,General Merchandise,98,In stock,In stock (fast),6,660,https://www.takealot.com/2-pin-schuko-to-16a-3-pin-adaptor-five-pack-eur-sch-5-pack/PLID69346549,https://media.takealot.com/covers_images/9a0b9e15a1d34c5dafd1109e352628cc/s-pdpxl.file
101003231,9432601509 Transmission Gear Shift Knob Compatible with Mercedes-Benz,,General Merchandise,793,Ships in 14 - 16 work days,Lead time (imported),7,1001,https://www.takealot.com/9432601509-transmission-gear-shift-knob-compatible-with-mercedes/PLID101003231,https://media.takealot.com/covers_images/197cfac63f604b338cab7557867b4fd6/s-pdpxl.file
101117033,"Small 7"" White Digital Frame - Minimalist Style",,General Merchandise,1119,Ships in 14 - 16 work days,Lead time (imported),5,1497,https://www.takealot.com/small-7-white-digital-frame-minimalist-style/PLID101117033,https://media.takealot.com/covers_images/a9e514799d204696989fa725981ba087/s-pdpxl.file
91224027,Kaufmann - Butt Hinge Steel 100mm Self Colour (Pair) - 3 Pack,Kaufmann,General Merchandise,199,Ships in 4 - 6 work days,Lead time (imported),1,127,https://www.takealot.com/kaufmann-butt-hinge-steel-100mm-self-colour-pair-3-pack/PLID91224027,https://media.takealot.com/covers_images/f0a43b0c66884184b7ec2516b70ede59/s-pdpxl.file
90036327,200cm by 150cm - Modern 3D Design Area 28 Rug & Complementary IYWA Tieback,IYWA,General Merchandise,353,Ships in 5 - 7 work days,Lead time (imported),4,1079,https://www.takealot.com/200cm-by-150cm-modern-3d-design-area-28-rug-complementary-iywa-t/PLID90036327,https://media.takealot.com/covers_images/66044ef832a14c508dbbb36af822e484/s-pdpxl.file
54533482,Set Of 15 Piece Stainless Steel Cookware,,Home & Kitchen,589,In stock,In stock (fast),5,808,https://www.takealot.com/set-of-15-piece-stainless-steel-cookware/PLID54533482,https://media.takealot.com/covers_tsins/57567786/57567786-1-pdpxl.jpeg
102120198,Cordless Hair Straightener Brush with LCD Display White,,Beauty & Health,319,Ships in 14 - 16 work days,Lead time (imported),8,714,https://www.takealot.com/cordless-hair-straightener-brush-with-lcd-display-white/PLID102120198,https://media.takealot.com/covers_images/dcc8221af29f4f079bf18a9a874db4fd/s-pdpxl.file
95161624,Unbreakable Travel Luggage 3 Piece Suitcases Spinner,,General Merchandise,1599,,No live offer,18,1684,https://www.takealot.com/unbreakable-travel-luggage-3-piece-suitcases-spinner/PLID95161624,https://media.takealot.com/covers_images/5d8de031bb594541932ca943be6d8863/s-pdpxl.file
91296301,Kaufmann - Tape Measure Fibre Glass 20M,Kaufmann,Tools & DIY,234,Ships in 4 - 6 work days,Lead time (imported),1,101,https://www.takealot.com/kaufmann-tape-measure-fibre-glass-20m/PLID91296301,https://media.takealot.com/covers_images/f1bb3a92472e40fd8549ce6a1f37cf8b/s-pdpxl.file
72613938,"Seagate Skyhawk Surveillance 4TB 3.5"" Hard Drive",Seagate,Electronics,3785,In stock,In stock (fast),5,1390,https://www.takealot.com/seagate-skyhawk-surveillance-4tb-3-5-hard-drive/PLID72613938,https://media.takealot.com/covers_images/e3fb8e13a8ab40b78047170a04e94b42/s-pdpxl.file
100265044,2 Pcs Wf10X Eyepiece Optical Lens Wide Angle 23 2Mm Mounting Size,,General Merchandise,841,Ships in 14 - 16 work days,Lead time (imported),7,1150,https://www.takealot.com/2-pcs-wf10x-eyepiece-optical-lens-wide-angle-23-2mm-mounting-siz/PLID100265044,https://media.takealot.com/covers_images/6bef568921194e4998e9e4bbfc41fcf3/s-pdpxl.file
102005800,Adjustable Microphone Arm Clips Corrosion Resistant Durable Rack Adapter,,Electronics,411,Ships in 14 - 16 work days,Lead time (imported),9,812,https://www.takealot.com/adjustable-microphone-arm-clips-corrosion-resistant-durable-rack/PLID102005800,https://media.takealot.com/covers_images/77ed50a0dda04a5f886cb80ff7b169e5/s-pdpxl.file
91273809,Wirquin - Toilet Seat H-1 S/S Hng White(1.7 kg),Wirquin,General Merchandise,1132,Ships in 4 - 6 work days,Lead time (imported),1,117,https://www.takealot.com/wirquin-toilet-seat-h-1-s-s-hng-white-1-7-kg/PLID91273809,https://media.takealot.com/covers_images/6352baf39b7a4fd0b133cf3871751664/s-pdpxl.file
73912627,Seamless Front Buckle Posture Support Bra,,General Merchandise,313,,No live offer,9,1137,https://www.takealot.com/seamless-front-buckle-posture-support-bra/PLID73912627,https://media.takealot.com/covers_images/5e8b3c9b60ef4c6f83e6b03d7f5bcdd1/s-pdpxl.file
95890129,Waterproof Backpack Beach Backpack Travel Bag Comfortable Dry Bag Outdoor,,Home & Kitchen,399,,No live offer,10,2962,https://www.takealot.com/waterproof-backpack-beach-backpack-travel-bag-comfortable-dry-ba/PLID95890129,https://media.takealot.com/covers_images/b5886eac7dfb45f4b2b5615861ecb82e/s-pdpxl.file
98940336,Micro Conversion HDMI to HDMI HD Video Braided Net Computer Connection Acce,,Electronics,531,Ships in 14 - 16 work days,Lead time (imported),4,1056,https://www.takealot.com/micro-conversion-hdmi-to-hdmi-hd-video-braided-net-computer-conn/PLID98940336,https://media.takealot.com/covers_images/e80be6eb0ee544139e4e13973641a716/s-pdpxl.file
100743645,Insulated Lunch Box,,General Merchandise,721,,No live offer,5,1976,https://www.takealot.com/insulated-lunch-box/PLID100743645,https://media.takealot.com/covers_images/6abb5e5655034b8bb6c54c3e9dad1a25/s-pdpxl.file
90424858,Rugs Fluffy Carpets Grey Mix,,Pet Supplies,181,Ships in 5 - 7 work days,Lead time (imported),2,417,https://www.takealot.com/rugs-fluffy-carpets-grey-mix/PLID90424858,https://media.takealot.com/covers_images/121af19c384146a5a3b844e054b7389e/s-pdpxl.file
101392451,4-Tier Telescopic Clothes Hanger - Foldable No-Mark Clothes Organizer,,Home & Kitchen,674,Supplier out of stock,Other,7,685,https://www.takealot.com/4-tier-telescopic-clothes-hanger-foldable-no-mark-clothes-organi/PLID101392451,https://media.takealot.com/covers_images/4b1fc47809cf4a258587ec7945a312f4/s-pdpxl.file
73151669,5 Piece Quilt Set Heart Bedspread Set,Abitoffaith,General Merchandise,489,Ships in 5 - 7 work days,Lead time (imported),1,1302,https://www.takealot.com/5-piece-quilt-set-heart-bedspread-set/PLID73151669,https://media.takealot.com/covers_images/f214b4a3b651446f9b3b5b20c3879bb9/s-pdpxl.file
100883864,Shaver Head for S5000 S5370 S5571 S5420 S5140 S5078 -Black,,Beauty & Health,343,Ships in 14 - 16 work days,Lead time (imported),6,607,https://www.takealot.com/shaver-head-for-s5000-s5370-s5571-s5420-s5140-s5078-black/PLID100883864,https://media.takealot.com/covers_images/18c66d7bcd774b48b4ec65e6b920fb73/s-pdpxl.file
97468078,Canvas Wall Art Decor - Nguni Cows,,Home & Kitchen,603,,No live offer,5,989,https://www.takealot.com/canvas-wall-art-decor-nguni-cows/PLID97468078,https://media.takealot.com/covers_images/5a3c2b7236b24153b0b313cf207ad011/s-pdpxl.file
98309426,"Sous-Vide Machine Immersion Circulator Precision Cooker, Waterproof, Black",,General Merchandise,1076,In stock,In stock (fast),6,1707,https://www.takealot.com/sous-vide-machine-immersion-circulator-precision-cooker-waterpro/PLID98309426,https://media.takealot.com/covers_images/9349468c71b14ebc87459010a1cb3e69/s-pdpxl.file
102108631,Firming Body Oil for Chest Skin Care 30ml,,General Merchandise,270,Ships in 14 - 16 work days,Lead time (imported),6,792,https://www.takealot.com/firming-body-oil-for-chest-skin-care-30ml/PLID102108631,https://media.takealot.com/covers_images/9ac515bbebdb4af898f4fa2323299d63/s-pdpxl.file
91292676,Stand Pipe Galv 80X300mm,,General Merchandise,222,Ships in 5 - 7 work days,Lead time (imported),1,71,https://www.takealot.com/stand-pipe-galv-80x300mm/PLID91292676,https://media.takealot.com/covers_images/fe440e0e56b94cf0acd9f9642f8192ab/s-pdpxl.file
97131505,Sterling Silver Luminous Butterfly Light Up Necklace - Silver,,Home & Kitchen,292,Ships in 14 - 16 work days,Lead time (imported),8,1348,https://www.takealot.com/sterling-silver-luminous-butterfly-light-up-necklace-silver/PLID97131505,https://media.takealot.com/covers_images/60547c3bcf8343e39bb98da5d8af6c2e/s-pdpxl.file
71503169,Seagate LaCie STHA14000800 D2 Professional; 14TB,LaCie,General Merchandise,11799,Ships in 4 - 6 work days,Lead time (imported),1,176,https://www.takealot.com/seagate-lacie-stha14000800-d2-professional-14tb/PLID71503169,https://media.takealot.com/covers_images/4172799d95074447966d5ab73c91566e/s-pdpxl.file
101869456,Manual Trigger Point Back Massager for Neck Pain Relief,,Beauty & Health,850,Ships in 14 - 16 work days,Lead time (imported),7,922,https://www.takealot.com/manual-trigger-point-back-massager-for-neck-pain-relief/PLID101869456,https://media.takealot.com/covers_images/cab4c80ae99c4642af7cb63ca976c24e/s-pdpxl.file
94380431,Navi Chaise Tufted Sofa Accent Chair,,Home & Kitchen,3300,,No live offer,8,792,https://www.takealot.com/navi-chaise-tufted-sofa-accent-chair/PLID94380431,https://media.takealot.com/covers_images/037a15e8995f4dd987d84df1d24da749/s-pdpxl.file
90186157,Cricut Joy Smart Iron-On 14x60cm (Red),Cricut,Home & Kitchen,243,Ships in 4 - 6 work days,Lead time (imported),1,588,https://www.takealot.com/cricut-joy-smart-iron-on-14x60cm-red/PLID90186157,https://media.takealot.com/covers_images/05ef2367b2964a28885a21f6e9251a23/s-pdpxl.file
51977778,DELL KB216 USB Multimedia Keyboard,Dell,Electronics,310,In stock,In stock (fast),5,1328,https://www.takealot.com/dell-kb216-usb-multimedia-keyboard/PLID51977778,https://media.takealot.com/covers_tsins/54902231/5397063704439-1-pdpxl.jpg
100792072,9 Way Multi Plug Adapter with Switches,,Electronics,229,Ships in 3 - 5 work days,Lead time (imported),3,1453,https://www.takealot.com/9-way-multi-plug-adapter-with-switches/PLID100792072,https://media.takealot.com/covers_images/b8e4d40d42414c958064aac7bcae6791/s-pdpxl.file
33052150,Transcend Card Reader - RDF5K - SD and MicroSD USB3.0 Memory Card Reader,Transcend,Electronics,239,Ships in 4 - 6 work days,Lead time (imported),5,1814,https://www.takealot.com/transcend-card-reader-rdf5k-sd-and-microsd-usb3-0-memory-card-re/PLID33052150,https://media.takealot.com/covers_images/8a232e13e0eb406580026f85d2d032d3/s-pdpxl.file
98963335,3 piece Luggage Set- Travel Partner - Strong and Durable,Begin Again,General Merchandise,1399,,No live offer,48,1445,https://www.takealot.com/3-piece-luggage-set-travel-partner-strong-and-durable/PLID98963335,https://media.takealot.com/covers_images/cb1bc4b007524202912a9393825b743f/s-pdpxl.file
100794358,For FDQT26GE6 DC9.75V Refrigerator Freezer,,General Merchandise,691,Ships in 14 - 16 work days,Lead time (imported),7,385,https://www.takealot.com/for-fdqt26ge6-dc9-75v-refrigerator-freezer/PLID100794358,https://media.takealot.com/covers_images/bd198033f6644e819d1f8515e47cf963/s-pdpxl.file
73158510,Olitalia - Blended Sunflower & EV Oil 5L,Olitalia,General Merchandise,675,Ships in 4 - 6 work days,Lead time (imported),1,92,https://www.takealot.com/olitalia-blended-sunflower-ev-oil-5l/PLID73158510,https://media.takealot.com/covers_images/961a53a9f55a4e78806a9978da2e75b5/s-pdpxl.file
97504796,Cute and Stylish Kitt clogs Accessories - 10 Pack,,General Merchandise,178,Ships in 14 - 16 work days,Lead time (imported),5,250,https://www.takealot.com/cute-and-stylish-kitt-clogs-accessories-10-pack/PLID97504796,https://media.takealot.com/covers_images/975774b5277a4530b4aa6557f41f52b4/s-pdpxl.file
91295542,Flash Harry - One Shot &10M Kit Red 5L,Flash Harry,General Merchandise,312,Ships in 4 - 6 work days,Lead time (imported),1,99,https://www.takealot.com/flash-harry-one-shot-10m-kit-red-5l/PLID91295542,https://media.takealot.com/covers_images/d5615fcfe5f740d3b08af40eaf099bcc/s-pdpxl.file
92829918,Cricut Everyday Iron-On 33x150cm - 1 Sheet - Navy,Cricut,Home & Kitchen,513,Ships in 4 - 6 work days,Lead time (imported),2,873,https://www.takealot.com/cricut-everyday-iron-on-33x150cm-1-sheet-navy/PLID92829918,https://media.takealot.com/covers_images/7b6b13fdcea949d1a9c16199cfe1e877/s-pdpxl.file
73063861,"CR-V 46 Piece 1/4"" Socket Set",,Fashion,122,In stock,In stock (fast),2,809,https://www.takealot.com/cr-v-46-piece-1-4-socket-set/PLID73063861,https://media.takealot.com/covers_images/0ea6ddf249f041aeb8129bed16632a4e/s-pdpxl.file
99795730,Magsafe Magnetic Phone Case Compatible With Samsung Galaxy S23,,Electronics,234,,No live offer,49,644,https://www.takealot.com/magsafe-magnetic-phone-case-compatible-with-samsung-galaxy-s23/PLID99795730,https://media.takealot.com/covers_images/2b0cd63a6e36430db1bad58e667ddaf5/s-pdpxl.file
93227864,Home Camping Propane Gas Bottle Full Cover With Drawstrings Waterproof 59cm,,Home & Kitchen,595,In stock,In stock (fast),7,673,https://www.takealot.com/home-camping-propane-gas-bottle-full-cover-with-drawstrings-wate/PLID93227864,https://media.takealot.com/covers_images/084ada659ceb430d85b6608d60e897ba/s-pdpxl.file
71034337,Large Fluffy Shag Fur Rugs,,General Merchandise,324,,No live offer,12,1249,https://www.takealot.com/large-fluffy-shag-fur-rugs/PLID71034337,https://media.takealot.com/covers_images/2e600e027e254ab39950a88c992d6e68/s-pdpxl.file
99264554,5pc Black Golf Grips,,General Merchandise,338,Ships in 14 - 16 work days,Lead time (imported),5,608,https://www.takealot.com/5pc-black-golf-grips/PLID99264554,https://media.takealot.com/covers_images/cea249fc15f14c72938bdb07d9237762/s-pdpxl.file
72148520,3 Piece Nexco Travel Luggage Bag Set,,Fashion,1499,,No live offer,44,1177,https://www.takealot.com/3-piece-nexco-travel-luggage-bag-set/PLID72148520,https://media.takealot.com/covers_images/7d25c6065e014954b8630249cd947821/s-pdpxl.file
100975324,DeepCool CG580 4F V2 ARGB ATX Gaming Chassis - White,DeepCool,Electronics,1646,Ships in 5 - 7 work days,Lead time (imported),5,4385,https://www.takealot.com/deepcool-cg580-4f-v2-argb-atx-gaming-chassis-white/PLID100975324,https://media.takealot.com/covers_images/c8868bb3da6d4a5ab794350ccd5cecb6/s-pdpxl.file
90530653,Rugs Fluffy Carpets Dark Grey Mix,,Pet Supplies,215,Ships in 4 - 6 work days,Lead time (imported),5,415,https://www.takealot.com/rugs-fluffy-carpets-dark-grey-mix/PLID90530653,https://media.takealot.com/covers_images/121af19c384146a5a3b844e054b7389e/s-pdpxl.file
100958711,392652F530 Particle Sensor Probe Particulate Sensor Compatible with Hyundai,,General Merchandise,1406,Ships in 14 - 16 work days,Lead time (imported),6,648,https://www.takealot.com/392652f530-particle-sensor-probe-particulate-sensor-compatible-w/PLID100958711,https://media.takealot.com/covers_images/e4eae2f6f8f542bb8a3cb12b00a18770/s-pdpxl.file
101696857,Self-adhesive Hidden Drawer Organizer White Desktop Storage Box for Office,,Home & Kitchen,297,Ships in 14 - 16 work days,Lead time (imported),9,930,https://www.takealot.com/self-adhesive-hidden-drawer-organizer-white-desktop-storage-box-/PLID101696857,https://media.takealot.com/covers_images/ac9209c5be9d4d349898aa061988de08/s-pdpxl.file
91039117,"3 Piece Luggage Set 26"" 22"" 18""",,General Merchandise,1499,,No live offer,36,1089,https://www.takealot.com/3-piece-luggage-set-26-22-18/PLID91039117,https://media.takealot.com/covers_images/93be04fdcc764acc875c30f29812c516/s-pdpxl.file
95938812,GALAXIA 4-Piece Hard Shell Luggage Set - Black and Spinner Wheels,GALAXIA,General Merchandise,3500,In stock,In stock (fast),5,2379,https://www.takealot.com/galaxia-4-piece-hard-shell-luggage-set-black-and-spinner-wheels/PLID95938812,https://media.takealot.com/covers_images/d7682480ccb74baba339ab940b455146/s-pdpxl.file
90194385,Embryolisse Laboratories Lait Creme Concentre - 75 ml,Embryolisse Laboratories,General Merchandise,597,In stock,In stock (fast),7,915,https://www.takealot.com/embryolisse-laboratories-lait-creme-concentre-75-ml/PLID90194385,https://media.takealot.com/covers_images/aca013ff26d44d1d856a58c705340f4e/s-pdpxl.file
91289243,Honda - Waterpump Petrol 50mm Gp160H 5Hp,HONDA,Pet Supplies,8299,Ships in 4 - 6 work days,Lead time (imported),1,103,https://www.takealot.com/honda-waterpump-petrol-50mm-gp160h-5hp/PLID91289243,https://media.takealot.com/covers_images/2b1400c04c7d44a9aa7f2a7b384544e1/s-pdpxl.file
94858745,YS-Wooden Serving Tray,,General Merchandise,278,In stock,In stock (fast),3,989,https://www.takealot.com/ys-wooden-serving-tray/PLID94858745,https://media.takealot.com/covers_images/8e7163134df84f4a9e811336678bd42e/s-pdpxl.file
97550077,Countertop Napkin Holder for Table Aluminium Serviette Holder with Base,,Home & Kitchen,424,,No live offer,25,2589,https://www.takealot.com/countertop-napkin-holder-for-table-aluminium-serviette-holder-wi/PLID97550077,https://media.takealot.com/covers_images/e72af38c237a44ddb948614a81592b0c/s-pdpxl.file
101351449,Copper Door Lock Cylinder with 3 Keys for Home Security,,General Merchandise,318,Ships in 14 - 16 work days,Lead time (imported),5,912,https://www.takealot.com/copper-door-lock-cylinder-with-3-keys-for-home-security/PLID101351449,https://media.takealot.com/covers_images/b2be57c2ec314db6b8558564b5938722/s-pdpxl.file
98946952,Laptop Sleeve Flip Type Protective Double Layer Felt Microfiber Computer,,Electronics,432,Ships in 14 - 16 work days,Lead time (imported),4,687,https://www.takealot.com/laptop-sleeve-flip-type-protective-double-layer-felt-microfiber-/PLID98946952,https://media.takealot.com/covers_images/6081eeafc8e740d1a6f288c2d8e37ec4/s-pdpxl.file
100988450,77mm ND1000 Filter Compatible With Camera,,Electronics,1564,Ships in 14 - 16 work days,Lead time (imported),5,730,https://www.takealot.com/77mm-nd1000-filter-compatible-with-camera/PLID100988450,https://media.takealot.com/covers_images/1853d3e64d2247f6837424193ac1cbd2/s-pdpxl.file
101920338,15A 6-Port Glow Car Charger QC3.0 Fast,,Electronics,339,Ships in 14 - 16 work days,Lead time (imported),6,294,https://www.takealot.com/15a-6-port-glow-car-charger-qc3-0-fast/PLID101920338,https://media.takealot.com/covers_images/b0e078fa17dd47d7addd2ef181623f82/s-pdpxl.file
100214032,Flip Leather Embossing Wallet Case Compatible With iPhone 12 mini Cover,,Electronics,257,,No live offer,40,299,https://www.takealot.com/flip-leather-embossing-wallet-case-compatible-with-iphone-12-min/PLID100214032,https://media.takealot.com/covers_images/43fad114bdd34f1984f61a33f206a14c/s-pdpxl.file
101255226,Car Cigarette Lighter Assembly for Skoda Yeti Compatible with Universal,,Home & Kitchen,301,Ships in 14 - 16 work days,Lead time (imported),6,826,https://www.takealot.com/car-cigarette-lighter-assembly-for-skoda-yeti-compatible-with-un/PLID101255226,https://media.takealot.com/covers_images/f246d8a859744ea8b253774cd83bac83/s-pdpxl.file
92769843,Tabasco Habanero Sauce - 2 x 60ml,Tabasco,General Merchandise,223,In stock,In stock (fast),4,1013,https://www.takealot.com/tabasco-habanero-sauce-2-x-60ml/PLID92769843,https://media.takealot.com/covers_images/79b2fe459a464351b539cd3c37a3a225/s-pdpxl.file
100478082,"Shoulder Bag, Crossbody Bag For Outdoor Activities, Travel, And Cycling",,Sport & Outdoor,289,,No live offer,15,459,https://www.takealot.com/shoulder-bag-crossbody-bag-for-outdoor-activities-travel-and-cyc/PLID100478082,https://media.takealot.com/covers_images/cba8dc7793494a8a8cc0d6ac4f4cafba/s-pdpxl.file
100610929,Foldable Drawer Underwear Organizer with Compartments for Bras & Socks,,Home & Kitchen,383,Ships in 14 - 16 work days,Lead time (imported),5,756,https://www.takealot.com/foldable-drawer-underwear-organizer-with-compartments-for-bras-s/PLID100610929,https://media.takealot.com/covers_images/39fd183c561d49a3aac4b26a702c784e/s-pdpxl.file
101911351,Rotatable Multifunctional Car Phone Holder with 360 Degree Swivel,,Electronics,407,Ships in 14 - 16 work days,Lead time (imported),7,852,https://www.takealot.com/rotatable-multifunctional-car-phone-holder-with-360-degree-swive/PLID101911351,https://media.takealot.com/covers_images/a0c7f3c032ab4f58bd50cc7d1a91bc57/s-pdpxl.file
97586193,Canvas Home Decor Wall Art - Colourful Vase,,Home & Kitchen,605,,No live offer,5,990,https://www.takealot.com/canvas-home-decor-wall-art-colourful-vase/PLID97586193,https://media.takealot.com/covers_images/fb6b3597884a48adba70eb7bd40b61fa/s-pdpxl.file
97505694,"Frosted Clear Protective Case Compatible with MacBook Pro 14""",,General Merchandise,529,Ships in 14 - 16 work days,Lead time (imported),8,1200,https://www.takealot.com/frosted-clear-protective-case-compatible-with-macbook-pro-14/PLID97505694,https://media.takealot.com/covers_images/01070f06f75f4b4a94471c5b02fa8e5a/s-pdpxl.file
101381535,Purple Tiger Irregular Keyboard Pad | Anti-slip Heat Dissipation Mat,,Electronics,298,Ships in 14 - 16 work days,Lead time (imported),2,523,https://www.takealot.com/purple-tiger-irregular-keyboard-pad-anti-slip-heat-dissipation-m/PLID101381535,https://media.takealot.com/covers_images/a92014e385e74a1c9d64d5f0835dd5a1/s-pdpxl.file
72148769,Samsung Galaxy A52S/A52 Clear Standing Case-Clear,Samsung,General Merchandise,199,In stock,In stock (fast),4,256,https://www.takealot.com/samsung-galaxy-a52s-a52-clear-standing-case-clear/PLID72148769,https://media.takealot.com/covers_images/5ab7c9c2a1dd4bc3aaa0105be698b197/s-pdpxl.file
70434681,Illy Instant Coffee Medium Roast - Micro ground Arabica Coffee Beans - 3 x 95g,illy,General Merchandise,697,In stock,In stock (fast),2,443,https://www.takealot.com/illy-instant-coffee-medium-roast-micro-ground-arabica-coffee-bea/PLID70434681,https://media.takealot.com/covers_images/b2d03246b1c445e7b7e83ddb06c4ae9f/s-pdpxl.file
91299184,Aia Quality Sports Flooring Multi Function Synthetic Artificial Grass -20mm,,Sport & Outdoor,2318,,No live offer,2,627,https://www.takealot.com/aia-quality-sports-flooring-multi-function-synthetic-artificial-/PLID91299184,https://media.takealot.com/covers_images/d35229e821114b1e8c23c6f98d51c7d3/s-pdpxl.file
91274919,Dutch Pot Cookware Set Cast Iron - 7 Piece,Leopard Non Stick Pots,Home & Kitchen,849,,No live offer,11,2517,https://www.takealot.com/dutch-pot-cookware-set-cast-iron-7-piece/PLID91274919,https://media.takealot.com/covers_images/726502b6300949c98eca130eeb3025dc/s-pdpxl.file
91546663,ZYXEL SBG3300 N Series Wireless VDSL2 COMBO WAN Business Security Gateway,,General Merchandise,199,In stock,In stock (fast),2,5142,https://www.takealot.com/zyxel-sbg3300-n-series-wireless-vdsl2-combo-wan-business-securit/PLID91546663,https://media.takealot.com/covers_images/1af6f654dcb84f329ccaa1ed96be11cd/s-pdpxl.file
90186121,Cricut Smart Vinyl Permanent 33X366cm 1 Sheet - Ocean,Cricut,General Merchandise,425,In stock,In stock (fast),1,617,https://www.takealot.com/cricut-smart-vinyl-permanent-33x366cm-1-sheet-ocean/PLID90186121,https://media.takealot.com/covers_images/30b9afc457a549e3ab6c1f4ef2d9a8d3/s-pdpxl.file
73178096,Floor Pump Multivalve Multiuse Manual Bicycle Pump Bike Pump,Jiunai,Sport & Outdoor,169,,No live offer,4,201,https://www.takealot.com/floor-pump-multivalve-multiuse-manual-bicycle-pump-bike-pump/PLID73178096,https://media.takealot.com/covers_images/cc5365b6c61440b09dbae99cd0ab3bac/s-pdpxl.file
100550380,58mm Camera Filter & Hood Kit,,Electronics,457,In stock,In stock (fast),5,1651,https://www.takealot.com/58mm-camera-filter-hood-kit/PLID100550380,https://media.takealot.com/covers_images/d929249806cb48c890fb51fb125e5482/s-pdpxl.file
101459742,M8x30mm A2-70 Stainless Steel Flanged Button Head Socket Cap Screws 50pcs,,Fashion,446,Ships in 14 - 16 work days,Lead time (imported),5,810,https://www.takealot.com/m8x30mm-a2-70-stainless-steel-flanged-button-head-socket-cap-scr/PLID101459742,https://media.takealot.com/covers_images/5ebb6d3ff4c848b1af123e160b204790/s-pdpxl.file
100214718,Fully Automatic Waterproof Luminous Mechanical Watch,,Fashion,646,Ships in 14 - 16 work days,Lead time (imported),5,1260,https://www.takealot.com/fully-automatic-waterproof-luminous-mechanical-watch/PLID100214718,https://media.takealot.com/covers_images/7910a2483b0b4450a1d0a2c5ff48b566/s-pdpxl.file
93967717,Niimbot - D101 - R20x75 - 90 Labels Per Roll - Brown Wood Design,Niimbot,General Merchandise,199,Ships in 4 - 6 work days,Lead time (imported),3,285,https://www.takealot.com/niimbot-d101-r20x75-90-labels-per-roll-brown-wood-design/PLID93967717,https://media.takealot.com/covers_images/257435ceb4754fad9c9154a6fbc5c74a/s-pdpxl.file
101387665,Four-Leaf Clover Thick Cushion For Sofa Armrests - Fashionable Home Decor,,Home & Kitchen,875,Ships in 14 - 16 work days,Lead time (imported),5,990,https://www.takealot.com/four-leaf-clover-thick-cushion-for-sofa-armrests-fashionable-hom/PLID101387665,https://media.takealot.com/covers_images/14fdc7f25a88499bb24abe391f0eee30/s-pdpxl.file
98045888,Strength Training Vest Weight Vest with Reflective Strip Adjustable Buckle,,Home & Kitchen,398,,No live offer,7,850,https://www.takealot.com/strength-training-vest-weight-vest-with-reflective-strip-adjusta/PLID98045888,https://media.takealot.com/covers_images/01876289a9f3452a83bbf8694fd4496b/s-pdpxl.file
73306868,Fabulous Aire Fragrance / Air Purifiers/Humidiers,Fabulous Aire Frangrances,General Merchandise,218,,No live offer,17,2110,https://www.takealot.com/fabulous-aire-fragrance-air-purifiers-humidiers/PLID73306868,https://media.takealot.com/covers_images/9bda7770dfb04309acab3848d6207be9/s-pdpxl.file
101383139,"Showerhead,Drops Shower Head with Built-in Filter Handheld Showerhead-LX",,General Merchandise,378,Ships in 14 - 16 work days,Lead time (imported),6,1298,https://www.takealot.com/showerhead-drops-shower-head-with-built-in-filter-handheld-showe/PLID101383139,https://media.takealot.com/covers_images/9d114bed4aa84904a6eb86376e078ab5/s-pdpxl.file
92769798,Tabasco Habanero Sauce - 3 x 60ml,Tabasco,General Merchandise,357,In stock,In stock (fast),4,1013,https://www.takealot.com/tabasco-habanero-sauce-3-x-60ml/PLID92769798,https://media.takealot.com/covers_images/34dd3e015b414768bd53c946fa297489/s-pdpxl.file
96403045,Magnetic Wooden Board Kid Educational Math Toy Montessori Learning Set Gift,,Toys & Games,200,In stock,In stock (fast),5,1398,https://www.takealot.com/magnetic-wooden-board-kid-educational-math-toy-montessori-learni/PLID96403045,https://media.takealot.com/covers_images/c4477cb4a01b440f8f840ac576e0037c/s-pdpxl.file
98367739,"Corsair RM750e 750W Fully Modular ATX Power Supply - 80 PLUS Gold, ATX 3.1",Corsair,General Merchandise,3379,Ships in 7 - 9 work days,Lead time (imported),5,2358,https://www.takealot.com/corsair-rm750e-750w-fully-modular-atx-power-supply-80-plus-gold-/PLID98367739,https://media.takealot.com/covers_images/3e0b30d7db674c62b1313cbf493ed41f/s-pdpxl.file
102005952,Crystal Acrylic Desktop Microphone Stand Base Stable Universal Mic Holder,,Electronics,422,Ships in 14 - 16 work days,Lead time (imported),9,867,https://www.takealot.com/crystal-acrylic-desktop-microphone-stand-base-stable-universal-m/PLID102005952,https://media.takealot.com/covers_images/f83f98532f8d431685ad3d86f801c2f1/s-pdpxl.file
101830557,2 Pack Headlight Restoration Kit Cleaning and Polishing Set,,Home & Kitchen,461,Ships in 14 - 16 work days,Lead time (imported),8,685,https://www.takealot.com/2-pack-headlight-restoration-kit-cleaning-and-polishing-set/PLID101830557,https://media.takealot.com/covers_images/1d25cf48b56540c49594c47ffe9d42d9/s-pdpxl.file
90999547,2 Piece Conti suit - Grey,,General Merchandise,329,,No live offer,1,533,https://www.takealot.com/2-piece-conti-suit-grey/PLID90999547,https://media.takealot.com/covers_images/3f02943bb333470088e610e22c4470c7/s-pdpxl.file
98500593,"Corsair Frame 4000D RS ARGB Mid-Tower Case - Black, 3x 120mm ARGB Fans",Corsair,General Merchandise,2139,Ships in 4 - 6 work days,Lead time (imported),7,2701,https://www.takealot.com/corsair-frame-4000d-rs-argb-mid-tower-case-black-3x-120mm-argb-f/PLID98500593,https://media.takealot.com/covers_images/c3a5d1fb308a443d9a0a1d0b8fc2e5a8/s-pdpxl.file
100967307,Dell Pro Plus Wireless ANC Headset - WL5024,,General Merchandise,4349,Ships in 3 - 5 work days,Lead time (imported),5,1502,https://www.takealot.com/dell-pro-plus-wireless-anc-headset-wl5024/PLID100967307,https://media.takealot.com/covers_images/725c426ae9334371990206fc5229fb1f/s-pdpxl.file
91243498,Acesa Quality 3 Piece Hard Outer Shell Luggage Set,,General Merchandise,1399,,No live offer,13,896,https://www.takealot.com/acesa-quality-3-piece-hard-outer-shell-luggage-set/PLID91243498,https://media.takealot.com/covers_images/c1280edae58b444ba18aff0d1b1463b9/s-pdpxl.file
102005969,Microphone Windscreen Headset Covers Noise Reduction for Recording Stage,,Electronics,287,Ships in 14 - 16 work days,Lead time (imported),9,730,https://www.takealot.com/microphone-windscreen-headset-covers-noise-reduction-for-recordi/PLID102005969,https://media.takealot.com/covers_images/c0e8870e2bf84443ac09c8b71bf9854d/s-pdpxl.file
90084635,Mop Scratch Cleaning Mop,,General Merchandise,399,Ships in 3 - 5 work days,Lead time (imported),1,588,https://www.takealot.com/mop-scratch-cleaning-mop/PLID90084635,https://media.takealot.com/covers_images/fdc781c2bb0845049263ebe2d293a72e/s-pdpxl.file
90168179,Bata Mens Safari Timber Boot - Donkey,Bata,Fashion,607,,No live offer,5,226,https://www.takealot.com/bata-mens-safari-timber-boot-donkey/PLID90168179,https://media.takealot.com/covers_images/04228dda74b34b23983417069f5a86d6/s-pdpxl.file
69311095,UGreen 30701 USB-C Male to USB3.0 Female OTG Adap-BK,UGreen,Electronics,159,Ships in 4 - 6 work days,Lead time (imported),5,877,https://www.takealot.com/ugreen-30701-usb-c-male-to-usb3-0-female-otg-adap-bk/PLID69311095,https://media.takealot.com/covers_images/c4e79a31830f482da3ab11909d62a3ff/s-pdpxl.file
94036516,Luxury Women Watch Fashionable Business Waterproof Quartz Watch,,Fashion,788,,No live offer,4,1821,https://www.takealot.com/luxury-women-watch-fashionable-business-waterproof-quartz-watch/PLID94036516,https://media.takealot.com/covers_images/5b3b5ae261a14645b7ddc115b925c8c5/s-pdpxl.file
102222887,2-Pack Men's Shoe And Boot Stretcher Set For Width Adjustment,,Fashion,670,Ships in 14 - 16 work days,Lead time (imported),9,635,https://www.takealot.com/2-pack-men-s-shoe-and-boot-stretcher-set-for-width-adjustment/PLID102222887,https://media.takealot.com/covers_images/ea29e6886176408891c7ced7e4ce0754/s-pdpxl.file
94494861,Tabasco - Red Pepper Sauce 150ml x 12,,General Merchandise,2622,Ships in 5 - 7 work days,Lead time (imported),1,680,https://www.takealot.com/tabasco-red-pepper-sauce-150ml-x-12/PLID94494861,https://media.takealot.com/covers_images/117386c7bc0f4769bea35faefd9488c8/s-pdpxl.file
93061380,7 Piece Black Authentic Cast Iron Cookware Set,,Home & Kitchen,849,,No live offer,5,2335,https://www.takealot.com/7-piece-black-authentic-cast-iron-cookware-set/PLID93061380,https://media.takealot.com/covers_images/cbbb7232a99a428cb9b5122bc17a90a5/s-pdpxl.file
93942052,Professional Makeup Station Case Box Stand with Lights Mirror and Wheels,,Home & Kitchen,9822,Ships in 3 - 5 work days,Lead time (imported),6,2459,https://www.takealot.com/professional-makeup-station-case-box-stand-with-lights-mirror-an/PLID93942052,https://media.takealot.com/covers_images/00f31804063449288f1f6666cdf6f94f/s-pdpxl.file
93522168,"Epson Perfection V39II Scanner - 4800dpi, USB Powered Scanners",Epson,Electronics,2301,In stock,In stock (fast),9,2919,https://www.takealot.com/epson-perfection-v39ii-scanner-4800dpi-usb-powered-scanners/PLID93522168,https://media.takealot.com/covers_images/26425bd80f014256a3150851f30ce60e/s-pdpxl.file
96401706,GuanJing Facial Cleanser Moisturizing Skin Deep Cleansing Face Wash,GuanJing,General Merchandise,83,In stock,In stock (fast),4,2377,https://www.takealot.com/guanjing-facial-cleanser-moisturizing-skin-deep-cleansing-face-w/PLID96401706,https://media.takealot.com/covers_images/c72cdf88ade44c788702c7286e115c30/s-pdpxl.file
91296929,Reli-On - Secateur 300,Reli-On,Pet Supplies,393,Ships in 5 - 7 work days,Lead time (imported),1,67,https://www.takealot.com/reli-on-secateur-300/PLID91296929,https://media.takealot.com/covers_images/715aca221ab84352a197b766c6e54e01/s-pdpxl.file
92539698,Cricut Iron-on Designs Globe Colour 2005674,Cricut,Home & Kitchen,160,Ships in 4 - 6 work days,Lead time (imported),2,1032,https://www.takealot.com/cricut-iron-on-designs-globe-colour-2005674/PLID92539698,https://media.takealot.com/covers_images/cb522b2335c54ee0b4cd43e249efd30c/s-pdpxl.file
97148817,Sport Multifunctional Rotating Bicycle Flash Light Holders Set of 6 - 3.1cm,,Home & Kitchen,395,Ships in 4 - 6 work days,Lead time (imported),8,643,https://www.takealot.com/sport-multifunctional-rotating-bicycle-flash-light-holders-set-o/PLID97148817,https://media.takealot.com/covers_images/adf9fd88168d4a05be1fdddfdea9cb1c/s-pdpxl.file
91475585,3.3m Extra Thickened and Foldable Gazebo,,General Merchandise,773,,No live offer,6,862,https://www.takealot.com/3-3m-extra-thickened-and-foldable-gazebo/PLID91475585,https://media.takealot.com/covers_images/0f081bc2948f449bad73bdaeeb87eae3/s-pdpxl.file
92638262,High Power Car Jump Starter - Multifunctional Big,,Automotive,1199,In stock,In stock (fast),4,1216,https://www.takealot.com/high-power-car-jump-starter-multifunctional-big/PLID92638262,https://media.takealot.com/covers_images/9036e31cfc894e749f2d187246564769/s-pdpxl.file
97983622,Begin Again 3 Piece ABS Luggage Set - Hard Shell,Begin Again,General Merchandise,1198,,No live offer,72,915,https://www.takealot.com/begin-again-3-piece-abs-luggage-set-hard-shell/PLID97983622,https://media.takealot.com/covers_images/b4bf4cc4876d4cf3a2b839718265d3f6/s-pdpxl.file
91545059,"Deal Professional Electric Hair Clipper, trimmer for hair",,Beauty & Health,563,,No live offer,3,1500,https://www.takealot.com/deal-professional-electric-hair-clipper-trimmer-for-hair/PLID91545059,https://media.takealot.com/covers_images/8d1c5fb4a86a4eb59512a775560c4883/s-pdpxl.file
95399883,Sydney Velvet Wingback Armchair,,Home & Kitchen,3388,,No live offer,10,452,https://www.takealot.com/sydney-velvet-wingback-armchair/PLID95399883,https://media.takealot.com/covers_images/1c3fdfd5a0b34ed8ac20536d74f37dc7/s-pdpxl.file
100160052,1/2/4 TB Type-C SSD High-Speed External Storage Drive for PC Laptop Phones,,Electronics,261,,No live offer,11,1006,https://www.takealot.com/1-2-4-tb-type-c-ssd-high-speed-external-storage-drive-for-pc-lap/PLID100160052,https://media.takealot.com/covers_images/f5268f6d86bf4c9f8c6297f6416ee5b6/s-pdpxl.file
73872916,Multifunctional AB & Six Pack Exercise Equipment,,General Merchandise,1412,In stock,In stock (fast),4,1792,https://www.takealot.com/multifunctional-ab-six-pack-exercise-equipment/PLID73872916,https://media.takealot.com/covers_images/8e6d8f8667b6483680e7d5b5ce0a1932/s-pdpxl.file
99683568,JZ1243 Gold Geometric Open Ring Set - 4 Piece,,Stationery & Office,298,Ships in 14 - 16 work days,Lead time (imported),5,952,https://www.takealot.com/jz1243-gold-geometric-open-ring-set-4-piece/PLID99683568,https://media.takealot.com/covers_images/c9e23e7ceae0456f93d8595cdc6dd758/s-pdpxl.file
102124310,2pcs Metal Business Card Holder Desk Organizer Stand for Office Workspace,,Home & Kitchen,299,Ships in 14 - 16 work days,Lead time (imported),9,840,https://www.takealot.com/2pcs-metal-business-card-holder-desk-organizer-stand-for-office-/PLID102124310,https://media.takealot.com/covers_images/319d30ee65134185a42e348540234b4f/s-pdpxl.file
95891710,"3-Piece Black ABS Luggage Set with Silver Accents, Durable &Lightweight",TOUGH,Home & Kitchen,1499,In stock,In stock (fast),6,4830,https://www.takealot.com/3-piece-black-abs-luggage-set-with-silver-accents-durable-lightw/PLID95891710,https://media.takealot.com/covers_images/38f41c71e6064b2288768bd84012aba3/s-pdpxl.file
97563004,Insta360 Flow 2 Pro Creator Kit Smartphone Gimbal Stabilizer,Insta360,Electronics,3594,,No live offer,10,2605,https://www.takealot.com/insta360-flow-2-pro-creator-kit-smartphone-gimbal-stabilizer/PLID97563004,https://media.takealot.com/covers_images/d0dca526d3ad4251ac76d15016138f42/s-pdpxl.file
72400671,Large Premium Fluffy Carpet/Rug - Tortilla Brown Mix,,Pet Supplies,260,Ships in 4 - 6 work days,Lead time (imported),2,239,https://www.takealot.com/large-premium-fluffy-carpet-rug-tortilla-brown-mix/PLID72400671,https://media.takealot.com/covers_images/0cfa6249b3ff4eb383bc01e083c81725/s-pdpxl.file
102146386,Ergonomic Memory Foam Couples Pillow 27 Degree Support,,General Merchandise,929,Ships in 14 - 16 work days,Lead time (imported),10,821,https://www.takealot.com/ergonomic-memory-foam-couples-pillow-27-degree-support/PLID102146386,https://media.takealot.com/covers_images/1d6aa271e9b54257b91f4b06d7050df4/s-pdpxl.file
99517007,R0506 Gold Zircon Bow Earrings for Women Fashion Jewelry Gift for Women,,General Merchandise,280,Ships in 14 - 16 work days,Lead time (imported),5,905,https://www.takealot.com/r0506-gold-zircon-bow-earrings-for-women-fashion-jewelry-gift-fo/PLID99517007,https://media.takealot.com/covers_images/3a29ed075a4d4527965a6b8f36e510ac/s-pdpxl.file
98882037,Phone Case Compatible With Realme 12 Plus Window Pushing Ring Case,,Electronics,238,,No live offer,15,573,https://www.takealot.com/phone-case-compatible-with-realme-12-plus-window-pushing-ring-ca/PLID98882037,https://media.takealot.com/covers_images/2662c433dfe142158243f19aefa241d8/s-pdpxl.file
101261084,Black Tempered Glass Watch Screen Protector compatible with Samsung Fit 3,,Fashion,259,Ships in 14 - 16 work days,Lead time (imported),1,995,https://www.takealot.com/black-tempered-glass-watch-screen-protector-compatible-with-sams/PLID101261084,https://media.takealot.com/covers_images/28d795785bdc4e9fbb5d394587bbc881/s-pdpxl.file
96626102,Ultimate 3-Piece Polarized Sunglasses Set,,Fashion,200,In stock,In stock (fast),5,510,https://www.takealot.com/ultimate-3-piece-polarized-sunglasses-set/PLID96626102,https://media.takealot.com/covers_images/a36514ccc0a44f10b2ee9868e5bc748d/s-pdpxl.file
96303368,Silicone Camera Case Compatible with Canon EOS R50,,Electronics,343,,No live offer,20,358,https://www.takealot.com/silicone-camera-case-compatible-with-canon-eos-r50/PLID96303368,https://media.takealot.com/covers_images/3257680b9134416e96c503b4326eeb5a/s-pdpxl.file
94464607,Olitalia - Balsamic Vinegar 500ml x 2,Olitalia,General Merchandise,199,In stock,In stock (fast),1,448,https://www.takealot.com/olitalia-balsamic-vinegar-500ml-x-2/PLID94464607,https://media.takealot.com/covers_images/485671aff92943678a03ab7bf23cb12f/s-pdpxl.file
90353488,K-Brand Socket Galv Reducing 80X65mm,K-BRAND,Fashion,205,Ships in 5 - 7 work days,Lead time (imported),1,247,https://www.takealot.com/k-brand-socket-galv-reducing-80x65mm/PLID90353488,https://media.takealot.com/covers_images/41582c285ed94a8486625668b56b6b79/s-pdpxl.file
90395968,Hawkins Battery Charger Smart 6,Hawkins,Electronics,1730,Ships in 5 - 7 work days,Lead time (imported),1,241,https://www.takealot.com/hawkins-battery-charger-smart-6/PLID90395968,https://media.takealot.com/covers_images/a885c27d77dd425cbeb8d0d11f24dc29/s-pdpxl.file
41020706,Kaufmann - T700 LED Flashlight,Kaufmann,Home & Kitchen,1191,Ships in 4 - 6 work days,Lead time (imported),1,716,https://www.takealot.com/kaufmann-t700-led-flashlight/PLID41020706,https://media.takealot.com/covers_images/9d0841e6798e49228486a599b4aeff1f/s-pdpxl.file
102005735,Elastic Artificial Fur Mic Windshield Cover Windproof for Professional,,General Merchandise,365,Ships in 14 - 16 work days,Lead time (imported),9,1008,https://www.takealot.com/elastic-artificial-fur-mic-windshield-cover-windproof-for-profes/PLID102005735,https://media.takealot.com/covers_images/0ec7b8e266a54edab7e9c46f3cd30b5a/s-pdpxl.file
92769799,Tabasco Habanero Sauce - 5 x 60ml,Tabasco,General Merchandise,551,Ships in 5 - 7 work days,Lead time (imported),4,1013,https://www.takealot.com/tabasco-habanero-sauce-5-x-60ml/PLID92769799,https://media.takealot.com/covers_images/39ecca32093043c08134eb697e22103c/s-pdpxl.file
97461315,MSI GeForce RTX 5070 INSPIRE 3X OC 12GB Graphics Card,MSI,General Merchandise,14999,Ships in 4 - 6 work days,Lead time (imported),6,4039,https://www.takealot.com/msi-geforce-rtx-5070-inspire-3x-oc-12gb-graphics-card/PLID97461315,https://media.takealot.com/covers_images/a89620e3c4b64b47a71b68937ea905ec/s-pdpxl.file
91647226,Snail Collagen Oil - Pack of 4,,Beauty & Health,179,In stock,In stock (fast),6,1283,https://www.takealot.com/snail-collagen-oil-pack-of-4/PLID91647226,https://media.takealot.com/covers_images/cb95bd6db350418ba7a65a3ec82cabfb/s-pdpxl.file
99516581,925 sterling silver Pearl Stud Earrings Cubic Zirconia Wedding Jewelry,,General Merchandise,298,,No live offer,5,1737,https://www.takealot.com/925-sterling-silver-pearl-stud-earrings-cubic-zirconia-wedding-j/PLID99516581,https://media.takealot.com/covers_images/017cde9f5d784eba978173130b746e07/s-pdpxl.file
95869186,SE-L94 USB To RS232 DB9 Serial Cable Adapter 1.5M,,Electronics,173,Ships in 4 - 6 work days,Lead time (imported),7,671,https://www.takealot.com/se-l94-usb-to-rs232-db9-serial-cable-adapter-1-5m/PLID95869186,https://media.takealot.com/covers_images/d0782667214445e5bf32d82a60d9476e/s-pdpxl.file
94443569,1 Piece Hard Outer Shell Luggage Set Premium ZT - Red,,General Merchandise,598,,No live offer,3,1045,https://www.takealot.com/1-piece-hard-outer-shell-luggage-set-premium-zt-red/PLID94443569,https://media.takealot.com/covers_images/376dc51a08b847cdbe9b9758485825be/s-pdpxl.file
101007204,Diffuser compatible with soft light ball,,Home & Kitchen,492,Ships in 14 - 16 work days,Lead time (imported),5,992,https://www.takealot.com/diffuser-compatible-with-soft-light-ball/PLID101007204,https://media.takealot.com/covers_images/bef63a063dcd4ef39860a082ba67ca65/s-pdpxl.file
42977461,Weld Rod AFROX Vitemax 3.15mm 1kg,Afrox,General Merchandise,435,Ships in 4 - 6 work days,Lead time (imported),1,33,https://www.takealot.com/weld-rod-afrox-vitemax-3-15mm-1kg/PLID42977461,https://media.takealot.com/covers_tsins/45783771/45783771-pdpxl.jpg
91222546,Panel Pins 32mm 500g Pre-Pack - 2 Pack,,Home & Kitchen,181,Ships in 4 - 6 work days,Lead time (imported),1,81,https://www.takealot.com/panel-pins-32mm-500g-pre-pack-2-pack/PLID91222546,https://media.takealot.com/covers_images/237e7d61bc5a429facc0f89dbd63f66a/s-pdpxl.file
95411072,Fish Head Costume Mask,,General Merchandise,295,Ships in 14 - 16 work days,Lead time (imported),5,234,https://www.takealot.com/fish-head-costume-mask/PLID95411072,https://media.takealot.com/covers_images/fa828807a10b41f6a65511e8eb3e614f/s-pdpxl.file
102005485,DOITOOL OTG Adapter USB 2.0 For Phones And Tablets With Micro USB Port,,Electronics,291,Supplier out of stock,Other,9,622,https://www.takealot.com/doitool-otg-adapter-usb-2-0-for-phones-and-tablets-with-micro-us/PLID102005485,https://media.takealot.com/covers_images/38d7317213e14b43b1830b0d95151f83/s-pdpxl.file
72400663,Large Premium Fluffy Carpet/Rug -Light Brown Mix,,Home & Kitchen,285,Ships in 4 - 6 work days,Lead time (imported),1,239,https://www.takealot.com/large-premium-fluffy-carpet-rug-light-brown-mix/PLID72400663,https://media.takealot.com/covers_images/3acd02f40a544d92968715cc60eb335b/s-pdpxl.file
91224090,Kaufmann - H/Duty Staples 8mmx1000 P/Pack - 3 Pack,Kaufmann,General Merchandise,232,Ships in 4 - 6 work days,Lead time (imported),1,105,https://www.takealot.com/kaufmann-h-duty-staples-8mmx1000-p-pack-3-pack/PLID91224090,https://media.takealot.com/covers_images/1fa3bd2810c94896a0ea919bf2d9b7dd/s-pdpxl.file
102005709,Non-slip Silicone Mic Ring Replacement for Handheld Microphones Stage Use,,Electronics,291,Ships in 14 - 16 work days,Lead time (imported),9,633,https://www.takealot.com/non-slip-silicone-mic-ring-replacement-for-handheld-microphones-/PLID102005709,https://media.takealot.com/covers_images/a4ca0976e3c04e0094d88d2e2f6d10fc/s-pdpxl.file
91293101,Speck - Chlorine Pills Pool Floater,Speck,General Merchandise,213,Ships in 5 - 7 work days,Lead time (imported),1,144,https://www.takealot.com/speck-chlorine-pills-pool-floater/PLID91293101,https://media.takealot.com/covers_images/c575ba1cc31547d1b59a9c19d66d69cb/s-pdpxl.file
59533342,Transcend 16GB 300S microSD Card with SD Card Adaptor,Transcend,General Merchandise,502,Ships in 4 - 6 work days,Lead time (imported),1,1366,https://www.takealot.com/transcend-16gb-300s-microsd-card-with-sd-card-adaptor/PLID59533342,https://media.takealot.com/covers_tsins/62670947/760557842064-1-pdpxl.jpg
102134082,Downpipe Washing Machine Deodorant Three Head Through Drain Pipe,,General Merchandise,493,Ships in 14 - 16 work days,Lead time (imported),7,993,https://www.takealot.com/downpipe-washing-machine-deodorant-three-head-through-drain-pipe/PLID102134082,https://media.takealot.com/covers_images/226599471f824ad9bf2a2bd1ff24b390/s-pdpxl.file
68587701,Naturehike ST06 Carbon Aluminium Trekking Pole,Naturehike,General Merchandise,1079,,No live offer,6,560,https://www.takealot.com/naturehike-st06-carbon-aluminium-trekking-pole/PLID68587701,https://media.takealot.com/covers_images/f5ce03e377704d6cabef46949780d59b/s-pdpxl.file
70432206,illy Classico illy Blend Filter Coffee - Medium Roast 100% Arabica 3 X 250g,illy,General Merchandise,692,Ships in 5 - 7 work days,Lead time (imported),2,258,https://www.takealot.com/illy-classico-illy-blend-filter-coffee-medium-roast-100-arabica-/PLID70432206,https://media.takealot.com/covers_images/6991e1fb2d4540faae87a2946f74ce34/s-pdpxl.file
48218339,Universal Geyser Blanket Kit,,General Merchandise,352,In stock,In stock (fast),5,682,https://www.takealot.com/universal-geyser-blanket-kit/PLID48218339,https://media.takealot.com/covers_images/06ae612faff341698010f95f7b798718/s-pdpxl.file
99231888,Stainless Steel Utility Knife Small Wallpaper Knife,,Home & Kitchen,237,Ships in 14 - 16 work days,Lead time (imported),5,1478,https://www.takealot.com/stainless-steel-utility-knife-small-wallpaper-knife/PLID99231888,https://media.takealot.com/covers_images/e209d043bf48442382e24fe1624e88f5/s-pdpxl.file
97591668,"Zagg Hard Shell Case Compatible with MacBook Air 13"" (M3/M2) Smoke",Zagg,General Merchandise,496,Ships in 4 - 6 work days,Lead time (imported),6,1664,https://www.takealot.com/zagg-hard-shell-case-compatible-with-macbook-air-13-m3-m2-smoke/PLID97591668,https://media.takealot.com/covers_images/49b585ee472742669b44f7435677ea74/s-pdpxl.file
101253549,"Galaxy Night Light, 2-in-1 Starry Sky Lamp with 360 Adjustable Angle",,Home & Kitchen,699,In stock,In stock (fast),8,2506,https://www.takealot.com/galaxy-night-light-2-in-1-starry-sky-lamp-with-360-adjustable-an/PLID101253549,https://media.takealot.com/covers_images/19ea2961941f4a43b4a96feb00c41889/s-pdpxl.file
91291514,Mitco - Drill Bit Hss Red/S 22mm,Mitco,Tools & DIY,547,Ships in 5 - 7 work days,Lead time (imported),1,87,https://www.takealot.com/mitco-drill-bit-hss-red-s-22mm/PLID91291514,https://media.takealot.com/covers_images/3c9a88690e3b4cb7b43c5ab852df15ed/s-pdpxl.file
96102659,FI- Water Faucet Extender for Kitchen,,Home & Kitchen,76,In stock,In stock (fast),5,763,https://www.takealot.com/fi-water-faucet-extender-for-kitchen/PLID96102659,https://media.takealot.com/covers_images/ee178f3a412b45b5b0b55c40662e736a/s-pdpxl.file
90999720,2 Piece Conti Suit - Emerald Green,,General Merchandise,299,,No live offer,2,533,https://www.takealot.com/2-piece-conti-suit-emerald-green/PLID90999720,https://media.takealot.com/covers_images/3b121167812d412db70748decb649011/s-pdpxl.file
98436849,Tail Light Trim for Ford Ranger Next Gen T9 (XLT/ Wildtrack) (2023+),,Home & Kitchen,839,Ships in 3 - 5 work days,Lead time (imported),1,369,https://www.takealot.com/tail-light-trim-for-ford-ranger-next-gen-t9-xlt-wildtrack-2023/PLID98436849,https://media.takealot.com/covers_images/a895b42e7d84486e8c296ff4d63662fe/s-pdpxl.file
101636126,Gentle Hydration Moisturizing Smoothing Nourishing Skincare Cream,,Beauty & Health,137,Ships in 14 - 16 work days,Lead time (imported),5,622,https://www.takealot.com/gentle-hydration-moisturizing-smoothing-nourishing-skincare-crea/PLID101636126,https://media.takealot.com/covers_images/15c5771e324145bbbbdd3726365478e5/s-pdpxl.file
100776140,Travel Ready Paint Palette Bundle Mini Travel Paint Palette B,,General Merchandise,359,Ships in 14 - 16 work days,Lead time (imported),7,1382,https://www.takealot.com/travel-ready-paint-palette-bundle-mini-travel-paint-palette-b/PLID100776140,https://media.takealot.com/covers_images/b373f407bb2946d6b62233162fce85d7/s-pdpxl.file
95163190,Avril Velvet Corner Couch Sofa,,General Merchandise,5499,,No live offer,12,441,https://www.takealot.com/avril-velvet-corner-couch-sofa/PLID95163190,https://media.takealot.com/covers_images/790a9c47ae084692b53f43610b218e34/s-pdpxl.file
102005960,2pcs Plastic Business Cards Box Flip-type Cards Case for Office Supplies,,General Merchandise,393,Ships in 14 - 16 work days,Lead time (imported),9,701,https://www.takealot.com/2pcs-plastic-business-cards-box-flip-type-cards-case-for-office-/PLID102005960,https://media.takealot.com/covers_images/4e50c134e175463d8d50be864beec622/s-pdpxl.file
95875518,Elegant 3-in-1 Luggage Set: Travel in Style and Comfort,,General Merchandise,1598,,No live offer,17,1154,https://www.takealot.com/elegant-3-in-1-luggage-set-travel-in-style-and-comfort/PLID95875518,https://media.takealot.com/covers_images/1898c1270bfc47ddaab21e1723406ae1/s-pdpxl.file
68188726,Ajax Transmitter,Ajax,General Merchandise,1080,Ships in 3 - 5 work days,Lead time (imported),2,1472,https://www.takealot.com/ajax-transmitter/PLID68188726,https://media.takealot.com/covers_images/14a78cb1344d4bba8ba87057f4fa94ea/s-pdpxl.file
97993150,Multi Towel Extra Large - 150 x 75 cm,,Home & Kitchen,1069,,No live offer,9,425,https://www.takealot.com/multi-towel-extra-large-150-x-75-cm/PLID97993150,https://media.takealot.com/covers_images/e41ecb87b6ff4f7bbb1bf9f62c12e4ec/s-pdpxl.file
94061031,Physis Trading 3D Beam 5 Level Laser Line,,General Merchandise,1292,Ships in 3 - 5 work days,Lead time (imported),4,541,https://www.takealot.com/physis-trading-3d-beam-5-level-laser-line/PLID94061031,https://media.takealot.com/covers_images/f5b0bc61b1384500a3cc316ce7b8e9a8/s-pdpxl.file
94494854,Kikkoman - Regular Soya Sauce 1.9L,Kikkoman,General Merchandise,309,In stock,In stock (fast),1,411,https://www.takealot.com/kikkoman-regular-soya-sauce-1-9l/PLID94494854,https://media.takealot.com/covers_images/c7a8fd0fac134e2da004ce3d52e78d00/s-pdpxl.file
91220695,Tap & Die Set - 10 Piece,Shind,General Merchandise,369,Ships in 4 - 6 work days,Lead time (imported),1,161,https://www.takealot.com/tap-die-set-10-piece/PLID91220695,https://media.takealot.com/covers_images/1c5b7fade8d5476da2c088c84168347a/s-pdpxl.file
